smiles,mol_id,run_id,original_index,Agent,Prior,Target,Score,SMILES_state,Input_Scaffold,R-groups,Scaffold,DENV_Activity,DENV_Activity (raw),Stereo_Centers,Stereo_Centers (raw),QED,QED (raw),SA,SA (raw),MW,MW (raw),Heavy_Atoms,Heavy_Atoms (raw),LogP,LogP (raw),TPSA,TPSA (raw),HBA,HBA (raw),HBD,HBD (raw),Rotatable_Bonds,Rotatable_Bonds (raw),Ring_Count,Ring_Count (raw),Aromatic_Rings,Aromatic_Rings (raw),Stability_Alerts,Stability_Alerts (raw),matchting_patterns (Stability_Alerts),step,IC50_nM,NumRotBonds,num_conformers
CNC(=O)C1CC(c2cccnc2)N(CC2CCNCC2)C1c1ccccc1,run14a_mol_0,run14a,0,10.956,22.3156,85.0034,0.7154599,1.0,c1ccncc1C1N([*])C(c2ccccc2)C(C(=O)N[*])C1,C1NCCC(C*)C1|C*,c1ccc(C2CCC(c3cccnc3)N2CC2CCNCC2)cc1,0.8851446,8.0023,1e-05,3.0,0.8399589,0.84,0.1825663,3.6162,378.52,378.52,0.9281377,28.0,2.93,2.9315,57.26,57.26,4,4.0,2,2.0,0.3453354,5.0,0.1279931,4.0,0.5,2.0,1.0,1.0,[],191.0,9.947180530834231,5,8
CN1C(c2ccccc2)CC(C(=O)NCC2CC2)C1c1ccc(N2CCNCC2)cc1,run14a_mol_1,run14a,1,19.1183,32.78,74.1077,0.7125847,1.0,c1ccccc1C1N([*])C(c2ccc([*])cc2)C(C(=O)N[*])C1,*C|C1NCCN(*)C1|C1C(C*)C1,O=C(NCC1CC1)C1CC(c2ccccc2)NC1c1ccc(N2CCNCC2)cc1,0.8792818,8.0299,1e-05,3.0,0.7553361,0.7553,0.3364301,3.4159,418.59,418.585,0.9653086,31.0,3.36,3.3565,47.61,47.61,4,4.0,2,2.0,0.1279931,6.0,0.0031523,5.0,0.5,2.0,1.0,1.0,[],517.0,9.334692152830856,6,7
CN1C(c2ccccc2)CC(C(=O)NC(=O)N2CCCC3CNCCC32)C1c1ccccc1,run14a_mol_2,run14a,2,16.8985,30.8893,75.8666,0.7117064,1.0,c1ccccc1C1N([*])C(c2ccccc2)C(C(=O)N[*])C1,*C|C1C2N(C(=O)*)CCCC2CNC1,O=C(NC(=O)N1CCCC2CNCCC21)C1CC(c2ccccc2)NC1c1ccccc1,0.8745867,8.0511,0.0,5.0,0.7541718,0.7542,0.0644504,3.9035,446.6,446.595,0.955643,33.0,3.73,3.7308,64.68,64.68,4,4.0,2,2.0,0.8720069,3.0,0.0031523,5.0,0.5,2.0,1.0,1.0,[],2359.0,8.889963953045427,3,5
O=C(NCC1CCNC1)C1CC(c2ccccc2)N(C(=O)N2CCCC2)C1c1ccccc1,run14a_mol_3,run14a,3,18.3259,34.5021,72.2114,0.7114231,1.0,c1ccccc1C1N([*])C(c2ccccc2)C(C(=O)N[*])C1,C1N(C(*)=O)CCC1|C1(C*)CCNC1,O=C(NCC1CCNC1)C1CC(c2ccccc2)N(C(=O)N2CCCC2)C1c1ccccc1,0.8844742,8.0055,0.0,4.0,0.7356223,0.7356,0.1589128,3.6571,446.6,446.595,0.955643,33.0,3.73,3.7324,64.68,64.68,3,3.0,2,2.0,0.3453354,5.0,0.0031523,5.0,0.5,2.0,1.0,1.0,[],289.0,9.874156357468664,5,7
CN1C(c2ccccc2)CC(C(=O)NCC2CCNC2)C1c1cccnc1,run14a_mol_4,run14a,4,12.8898,19.3614,87.2969,0.7110554,1.0,c1ccccc1C1N([*])C(c2cccnc2)C(C(=O)N[*])C1,*C|C1(C*)CCNC1,O=C(NCC1CCNC1)C1CC(c2ccccc2)NC1c1cccnc1,0.8788158,8.032,0.0,4.0,0.8560813,0.8561,0.1665388,3.6434,364.49,364.493,0.9090909,27.0,2.54,2.5414,57.26,57.26,4,4.0,2,2.0,0.3453354,5.0,0.1279931,4.0,0.5,2.0,1.0,1.0,[],509.0,9.289663867799362,5,6
CC(=O)N1C(c2ccccc2)CC(C(=O)NCC2CCCNCC2)C1c1ccccc1,run14a_mol_5,run14a,5,18.1998,29.9042,76.6438,0.7103198,1.0,c1ccccc1C1N([*])C(c2ccccc2)C(C(=O)N[*])C1,C(=O)(*)C|C1CCC(C*)CCN1,O=C(NCC1CCCNCC1)C1CC(c2ccccc2)NC1c1ccccc1,0.8557306,8.1302,0.0,4.0,0.7740385,0.774,0.2366109,3.5361,419.57,419.569,0.9653086,31.0,3.84,3.8433,61.44,61.44,3,3.0,2,2.0,0.3453354,5.0,0.1279931,4.0,0.5,2.0,1.0,1.0,[],2446.0,7.409689339136984,5,8
CN1C(c2ccccc2)CC(C(=O)NCC2CCNCC2)C1c1ccco1,run14a_mol_6,run14a,6,14.0714,20.9432,85.503,0.7096419,1.0,c1ccccc1C1N([*])C(c2ccco2)C(C(=O)N[*])C1,C*|C1C(C*)CCNC1,O=C(NCC1CCNCC1)C1CC(c2ccccc2)NC1c1ccco1,0.8638663,8.0972,1e-05,3.0,0.8524785,0.8525,0.2388606,3.5331,367.49,367.493,0.9090909,27.0,3.13,3.1295,57.51,57.51,4,4.0,2,2.0,0.3453354,5.0,0.1279931,4.0,0.5,2.0,1.0,1.0,[],1525.0,7.994660025203146,5,3
CN1C(c2ccccc2)CC(C(=O)NCCC2CCNCC2)C1c1cccnc1,run14a_mol_7,run14a,7,17.3124,19.0809,87.1075,0.7079228,1.0,c1ccccc1C1N([*])C(c2cccnc2)C(C(=O)N[*])C1,*C|C1CC(CC*)CCN1,O=C(NCCC1CCNCC1)C1CC(c2ccccc2)NC1c1cccnc1,0.8723003,8.0612,1e-05,3.0,0.7918288,0.7918,0.2598264,3.5057,392.55,392.547,0.9434421,29.0,3.32,3.3216,57.26,57.26,4,4.0,2,2.0,0.1279931,6.0,0.1279931,4.0,0.5,2.0,1.0,1.0,[],2600.0,8.685603503487778,6,8
O=C(NCC1CCNC1)C1CC(c2ccccc2)N(C2CC2)C1c1ccccc1,run14a_mol_8,run14a,8,16.067,30.9257,75.1004,0.706841,1.0,c1ccccc1C1N([*])C(c2ccccc2)C(C(=O)N[*])C1,C1C(*)C1|C1C(C*)CNC1,O=C(NCC1CCNC1)C1CC(c2ccccc2)N(C2CC2)C1c1ccccc1,0.8784834,8.0335,0.0,4.0,0.7921711,0.7922,0.1962539,3.5944,389.54,389.543,0.9434421,29.0,3.68,3.679,44.37,44.37,3,3.0,2,2.0,0.1279931,6.0,0.0031523,5.0,0.5,2.0,1.0,1.0,[],896.0,9.25763385120825,6,6
O=C(NCC1CCNCC1)C1CC(c2ccccc2)N(C(=O)N2CC2)C1c1ccccc1,run14a_mol_9,run14a,9,10.9903,35.1677,70.853,0.706805,1.0,c1ccccc1C1N([*])C(c2ccccc2)C(C(=O)N[*])C1,C1N(C(=O)*)C1|C1NCCC(C*)C1,O=C(NCC1CCNCC1)C1CC(c2ccccc2)N(C(=O)N2CC2)C1c1ccccc1,0.853985,8.1371,1e-05,3.0,0.7125794,0.7126,0.2831263,3.4769,432.57,432.568,0.9653086,32.0,3.34,3.3423,64.45,64.45,3,3.0,2,2.0,0.3453354,5.0,0.0031523,5.0,0.5,2.0,1.0,1.0,[],246.0,7.292895657917227,5,5
CN1C(c2ccccc2)CC(C(=O)NCC2CCNCC2)C1c1ccncc1,run14a_mol_10,run14a,10,12.6829,15.6449,90.3253,0.7064681,1.0,c1ccccc1C1N([*])C(c2ccncc2)C(C(=O)N[*])C1,C*|C1NCCC(C*)C1,O=C(NCC1CCNCC1)C1CC(c2ccccc2)NC1c1ccncc1,0.8500531,8.1523,1e-05,3.0,0.8399589,0.84,0.269927,3.4931,378.52,378.52,0.9281377,28.0,2.93,2.9315,57.26,57.26,4,4.0,2,2.0,0.3453354,5.0,0.1279931,4.0,0.5,2.0,1.0,1.0,[],189.0,7.042064523312061,5,10
CNC(=O)C1CC(c2ccccc2)N(CCC2CCNCC2)C1c1cccnc1,run14a_mol_11,run14a,11,10.1167,25.0086,80.9457,0.7063619,1.0,c1ccccc1C1N([*])C(c2cccnc2)C(C(=O)N[*])C1,C1CNCCC1CC*|C*,c1ccc(C2CCC(c3cccnc3)N2CCC2CCNCC2)cc1,0.8849005,8.0035,1e-05,3.0,0.7918288,0.7918,0.1628399,3.65,392.55,392.547,0.9434421,29.0,3.32,3.3216,57.26,57.26,4,4.0,2,2.0,0.1279931,6.0,0.1279931,4.0,0.5,2.0,1.0,1.0,[],237.0,9.919733392390798,6,4
CN1C(c2ccccc2)CC(C(=O)NCC2CCNCC2)C1c1cccs1,run14a_mol_12,run14a,12,11.9212,22.2367,83.6568,0.7059564,1.0,c1ccccc1C1N([*])C(c2cccs2)C(C(=O)N[*])C1,*C|C1CNCCC1C*,O=C(NCC1CCNCC1)C1CC(c2ccccc2)NC1c1cccs1,0.855172,8.1324,1e-05,3.0,0.8291824,0.8292,0.256243,3.5103,383.56,383.561,0.9090909,27.0,3.6,3.598,44.37,44.37,4,4.0,2,2.0,0.3453354,5.0,0.1279931,4.0,0.5,2.0,1.0,1.0,[],504.0,7.372249081043352,5,6
CC(=O)N1C(c2ccccc2)CC(C(=O)NCC2CCNCC2)C1c1ccncc1,run14a_mol_13,run14a,13,17.4319,20.2951,85.5607,0.7057053,1.0,c1ccccc1C1N([*])C(c2ccncc2)C(C(=O)N[*])C1,*C(C)=O|C1NCCC(C*)C1,O=C(NCC1CCNCC1)C1CC(c2ccccc2)NC1c1ccncc1,0.8560128,8.1291,1e-05,3.0,0.8008049,0.8008,0.224692,3.5526,406.53,406.53,0.9556429,30.0,2.85,2.8482,74.33,74.33,4,4.0,2,2.0,0.3453354,5.0,0.1279931,4.0,0.5,2.0,1.0,1.0,[],1389.0,7.428480711131766,5,6
CN1C(c2ccccc2)CC(C(=O)NCC2CCNCC2)C1c1cccnc1,run14a_mol_14,run14a,14,15.6145,15.4298,90.3467,0.7051769,1.0,c1ccccc1C1N([*])C(c2cccnc2)C(C(=O)N[*])C1,C*|C1C(C*)CCNC1,O=C(NCC1CCNCC1)C1CC(c2ccccc2)NC1c1cccnc1,0.8456186,8.1691,1e-05,3.0,0.8399589,0.84,0.2788454,3.4821,378.52,378.52,0.9281377,28.0,2.93,2.9315,57.26,57.26,4,4.0,2,2.0,0.3453354,5.0,0.1279931,4.0,0.5,2.0,1.0,1.0,[],595.0,6.774854928498453,5,10
O=C(NCC1CCNC1)C1CC(c2ccccc2)N(CC2CC2)C1c1ccccc1,run14a_mol_15,run14a,15,13.969,29.5825,75.8988,0.7032089,1.0,c1ccccc1C1N([*])C(c2ccccc2)C(C(=O)N[*])C1,C1(C*)CC1|C1CNCC1C*,O=C(NCC1CCNC1)C1CC(c2ccccc2)N(CC2CC2)C1c1ccccc1,0.8853534,8.0013,0.0,4.0,0.7363353,0.7363,0.1672206,3.6422,403.57,403.57,0.9556429,30.0,3.93,3.9266,44.37,44.37,3,3.0,2,2.0,0.0392398,7.0,0.0031523,5.0,0.5,2.0,1.0,1.0,[],171.0,9.970111150161642,7,8
O=C(NCC1CCNC1)C1CC(c2cccnc2)N(C(=O)N2CCC2)C1c1ccccc1,run14a_mol_16,run14a,16,12.6302,36.878,68.5403,0.7027881,1.0,c1ccncc1C1N([*])C(c2ccccc2)C(C(=O)N[*])C1,C1N(C(*)=O)CC1|C1CNCC1C*,O=C(NCC1CCNC1)C1CC(c2cccnc2)N(C(=O)N2CCC2)C1c1ccccc1,0.8816889,8.0187,0.0,4.0,0.7602181,0.7602,0.0971754,3.7945,433.56,433.556,0.9653086,32.0,2.74,2.7373,77.57,77.57,4,4.0,2,2.0,0.3453354,5.0,0.0031523,5.0,0.5,2.0,1.0,1.0,[],244.0,9.57855505959881,5,7
O=C(NCC1CCNC1)C1CC(c2ccccc2)N(C(=O)N2CCC2)C1c1cccnc1,run14a_mol_17,run14a,17,16.3831,34.1077,71.2329,0.7022705,1.0,c1ccccc1C1N([*])C(c2cccnc2)C(C(=O)N[*])C1,C1CN(C(*)=O)C1|C1(C*)CNCC1,O=C(NCC1CCNC1)C1CC(c2ccccc2)N(C(=O)N2CCC2)C1c1cccnc1,0.8807751,8.0229,0.0,4.0,0.7602181,0.7602,0.0955667,3.799,433.56,433.556,0.9653086,32.0,2.74,2.7373,77.57,77.57,4,4.0,2,2.0,0.3453354,5.0,0.0031523,5.0,0.5,2.0,1.0,1.0,[],531.0,9.486368698664691,5,8
CN1C(c2cccs2)CC(C(=O)NCC2CCNCC2)C1c1ccccc1,run14a_mol_18,run14a,18,13.9812,19.3906,85.9493,0.702266,1.0,c1ccsc1C1N([*])C(c2ccccc2)C(C(=O)N[*])C1,*C|C1CNCCC1C*,O=C(NCC1CCNCC1)C1CC(c2cccs2)NC1c1ccccc1,0.84952,8.1543,1e-05,3.0,0.8291824,0.8292,0.239597,3.5321,383.56,383.561,0.9090909,27.0,3.6,3.598,44.37,44.37,4,4.0,2,2.0,0.3453354,5.0,0.1279931,4.0,0.5,2.0,1.0,1.0,[],661.0,7.009709175843842,5,5
O=C(NC(=O)N1C=CC1)C1CC(c2ccccc2)N(CC2CCNCC2)C1c1ccccc1,run14a_mol_19,run14a,19,20.7401,40.2697,64.8071,0.7005116,1.0,c1ccccc1C1N([*])C(c2ccccc2)C(C(=O)N[*])C1,C1(C*)CCNCC1|C1=CN(C(=O)*)C1,O=C(NC(=O)N1C=CC1)C1CC(c2ccccc2)N(CC2CCNCC2)C1c1ccccc1,0.8851023,8.0025,1e-05,3.0,0.7352435,0.7352,0.0713282,3.877,444.58,444.579,0.955643,33.0,3.86,3.856,64.68,64.68,4,4.0,2,2.0,0.3453354,5.0,0.0031523,5.0,0.5,2.0,1.0,1.0,[],2464.0,9.942600739529578,5,9
CNC(=O)C1CC(c2ccccc2)N(CCCC2CCNCC2)C1c1cccnc1,run14a_mol_20,run14a,20,15.8296,26.0183,79.0561,0.7004958,1.0,c1ccccc1C1N([*])C(c2cccnc2)C(C(=O)N[*])C1,C1C(CCC*)CCNC1|C*,c1ccc(C2CCC(c3cccnc3)N2CCCC2CCNCC2)cc1,0.8826757,8.014,1e-05,3.0,0.7359637,0.736,0.1562552,3.662,406.57,406.574,0.9556429,30.0,3.71,3.7117,57.26,57.26,4,4.0,2,2.0,0.0392398,7.0,0.1279931,4.0,0.5,2.0,1.0,1.0,[],508.0,9.682778562612503,7,3
O=C(NC1CC1)C1CC(c2ccccc2)N(CC2CCNCC2)C1c1cccnc1,run14a_mol_21,run14a,21,14.935,22.8711,82.181,0.7003471,1.0,c1ccccc1C1N([*])C(c2cccnc2)C(C(=O)N[*])C1,C1(C*)CCNCC1|C1(*)CC1,O=C(NC1CC1)C1CC(c2ccccc2)N(CC2CCNCC2)C1c1cccnc1,0.875475,8.0471,1e-05,3.0,0.7741679,0.7742,0.1878704,3.6076,404.56,404.558,0.9556429,30.0,3.46,3.4641,57.26,57.26,4,4.0,2,2.0,0.1279931,6.0,0.0031523,5.0,0.5,2.0,1.0,1.0,[],602.0,8.972221776728778,6,6
O=C(NC1CC1)C1CC(c2ccccc2)N(C(=O)CC2CCNCC2)C1c1cccnc1,run14a_mol_22,run14a,22,15.9532,28.7083,76.2833,0.6999441,1.0,c1ccccc1C1N([*])C(c2cccnc2)C(C(=O)N[*])C1,C1NCCC(CC(*)=O)C1|C1C(*)C1,O=C(NC1CC1)C1CC(c2ccccc2)N(C(=O)CC2CCNCC2)C1c1cccnc1,0.877641,8.0374,1e-05,3.0,0.7339521,0.734,0.1855066,3.6114,432.57,432.568,0.9653086,32.0,3.38,3.3808,74.33,74.33,4,4.0,2,2.0,0.1279931,6.0,0.0031523,5.0,0.5,2.0,1.0,1.0,[],372.0,9.174871702976631,6,5
CN1C(c2ccccc2)CC(C(=O)NC2CCCN2C2CCNCC2)C1c1ccccc1,run14a_mol_23,run14a,23,15.1318,32.376,72.5733,0.6996623,1.0,c1ccccc1C1N([*])C(c2ccccc2)C(C(=O)N[*])C1,C*|*C1CCCN1C1CCNCC1,O=C(NC1CCCN1C1CCNCC1)C1CC(c2ccccc2)NC1c1ccccc1,0.8794159,8.0292,0.0,4.0,0.7562597,0.7563,0.0723844,3.8731,432.61,432.612,0.9653086,32.0,3.71,3.7108,47.61,47.61,4,4.0,2,2.0,0.3453354,5.0,0.0031523,5.0,0.5,2.0,1.0,1.0,[],2577.0,9.349750030886014,5,7
CCNC(=O)C1CC(c2ccccc2)N(CC2CCNC2)C1c1ccncc1,run14a_mol_24,run14a,24,15.7537,27.1612,77.7336,0.6992986,1.0,c1ccccc1C1N([*])C(c2ccncc2)C(C(=O)N[*])C1,C1(C*)CCNC1|*CC,c1ccc(C2CCC(c3ccncc3)N2CC2CCNC2)cc1,0.8782083,8.0348,0.0,4.0,0.8115022,0.8115,0.1067973,3.7688,378.52,378.52,0.9281377,28.0,2.93,2.9315,57.26,57.26,4,4.0,2,2.0,0.1279931,6.0,0.1279931,4.0,0.5,2.0,1.0,1.0,[],1648.0,9.229963848404523,6,9
CCNC(=O)C1CC(c2ccccc2)N(CC2CCNCC2)C1c1cccs1,run14a_mol_25,run14a,25,17.3401,25.8645,79.0196,0.6992267,1.0,c1ccccc1C1N([*])C(c2cccs2)C(C(=O)N[*])C1,C1CNCCC1C*|*CC,c1ccc(C2CCC(c3cccs3)N2CC2CCNCC2)cc1,0.8711123,8.0664,1e-05,3.0,0.7746824,0.7747,0.1772363,3.625,397.59,397.588,0.9281377,28.0,3.99,3.9881,44.37,44.37,4,4.0,2,2.0,0.1279931,6.0,0.1279931,4.0,0.5,2.0,1.0,1.0,[],215.0,8.582227050540155,6,3
O=C(NC1CCC1)C1CC(c2ccccc2)N(CC2CCNCC2)C1c1cccnc1,run14a_mol_26,run14a,26,14.4137,27.9591,76.9174,0.6991763,1.0,c1ccccc1C1N([*])C(c2cccnc2)C(C(=O)N[*])C1,C1CNCCC1C*|C1(*)CCC1,O=C(NC1CCC1)C1CC(c2ccccc2)N(CC2CCNCC2)C1c1cccnc1,0.8756752,8.0462,1e-05,3.0,0.7481088,0.7481,0.1809993,3.6188,418.59,418.585,0.9653086,31.0,3.85,3.8542,57.26,57.26,4,4.0,2,2.0,0.1279931,6.0,0.0031523,5.0,0.5,2.0,1.0,1.0,[],256.0,8.990834429518015,6,3
CC(=O)N1C(c2ccccc2)CC(C(=O)NCC2CCCNCC2)C1c1ccccn1,run14a_mol_27,run14a,27,18.1589,28.0957,76.7376,0.6988888,1.0,c1ccccc1C1N([*])C(c2ncccc2)C(C(=O)N[*])C1,O=C(*)C|C1(C*)CCNCCC1,O=C(NCC1CCCNCC1)C1CC(c2ccccc2)NC1c1ccccn1,0.8583927,8.1196,0.0,4.0,0.7788367,0.7788,0.1225694,3.7308,420.56,420.557,0.9653086,31.0,3.24,3.2383,74.33,74.33,4,4.0,2,2.0,0.3453354,5.0,0.1279931,4.0,0.5,2.0,1.0,1.0,[],1571.0,7.592765726465254,5,5
CN1C(c2ccccc2)CC(C(=O)NCOC2CCCNCC2)C1c1ccccc1,run14a_mol_28,run14a,28,23.4246,35.0356,69.773,0.6987243,1.0,c1ccccc1C1N([*])C(c2ccccc2)C(C(=O)N[*])C1,*C|C1CC(OC*)CCNC1,O=C(NCOC1CCCNCC1)C1CC(c2ccccc2)NC1c1ccccc1,0.8798125,8.0274,0.0,4.0,0.7179672,0.718,0.1241278,3.7273,407.56,407.558,0.9556429,30.0,3.65,3.6531,53.6,53.6,4,4.0,2,2.0,0.1279931,6.0,0.1279931,4.0,0.5,2.0,1.0,1.0,[],2473.0,9.38858191873097,6,4
O=C(NCC1CCNCC1)C1CC(c2ccco2)N(C(=O)N2CCC2)C1c1ccccc1,run14a_mol_29,run14a,29,14.7392,32.4957,72.3012,0.6986466,1.0,c1ccoc1C1N([*])C(c2ccccc2)C(C(=O)N[*])C1,C1CN(C(*)=O)C1|C1CNCCC1C*,O=C(NCC1CCNCC1)C1CC(c2ccco2)N(C(=O)N2CCC2)C1c1ccccc1,0.8653124,8.0912,1e-05,3.0,0.7538143,0.7538,0.1427864,3.6879,436.56,436.556,0.9653086,32.0,3.33,3.3254,77.82,77.82,4,4.0,2,2.0,0.3453354,5.0,0.0031523,5.0,0.5,2.0,1.0,1.0,[],297.0,8.105876824647362,5,5
O=C(NCC1CCNC1)C1CC(c2cccnc2)N(C(=O)C2CC2)C1c1ccccc1,run14a_mol_30,run14a,30,17.189,26.9758,77.8091,0.6985655,1.0,c1ccncc1C1N([*])C(c2ccccc2)C(C(=O)N[*])C1,C1C(C(*)=O)C1|C1NCCC1C*,O=C(NCC1CCNC1)C1CC(c2cccnc2)N(C(=O)C2CC2)C1c1ccccc1,0.8834848,8.0102,0.0,4.0,0.7566045,0.7566,0.1176562,3.7422,418.54,418.541,0.9653086,31.0,2.85,2.8482,74.33,74.33,4,4.0,2,2.0,0.1279931,6.0,0.0031523,5.0,0.5,2.0,1.0,1.0,[],139.0,9.767872901926925,6,9
O=C(NC1CCCNCC1)C1CC(c2cccnc2)N(CC2CC2)C1c1ccccc1,run14a_mol_31,run14a,31,16.2137,27.9691,76.7398,0.6980594,1.0,c1ccncc1C1N([*])C(c2ccccc2)C(C(=O)N[*])C1,C1CC1C*|C1(*)CCCNCC1,O=C(NC1CCCNCC1)C1CC(c2cccnc2)N(CC2CC2)C1c1ccccc1,0.884251,8.0066,0.0,4.0,0.7481088,0.7481,0.1142547,3.7503,418.59,418.585,0.9653086,31.0,3.85,3.8542,57.26,57.26,4,4.0,2,2.0,0.1279931,6.0,0.0031523,5.0,0.5,2.0,1.0,1.0,[],184.0,9.849178309808154,6,7
COC(=O)NC(=O)C1CC(c2ccccc2)N(C(=O)CC2CCNCC2)C1c1ccccc1,run14a_mol_32,run14a,32,16.6802,23.6211,81.0724,0.6979566,1.0,c1ccccc1C1N([*])C(c2ccccc2)C(C(=O)N[*])C1,C1CNCCC1CC(=O)*|C(=O)(*)OC,O=C(CC1CCNCC1)N1C(c2ccccc2)CCC1c1ccccc1,0.8845583,8.0051,1e-05,3.0,0.728476,0.7285,0.2147923,3.5667,449.55,449.551,0.955643,33.0,3.59,3.5898,87.74,87.74,5,5.0,2,2.0,0.3453354,5.0,0.1279931,4.0,0.5,2.0,1.0,1.0,[],356.0,9.883254980990262,5,3
O=C(NCC1CC1)C1CC(c2ccccc2)N(C(=O)C2CCNC2)C1c1ccncc1,run14a_mol_33,run14a,33,18.478,32.8343,71.8402,0.69783,1.0,c1ccccc1C1N([*])C(c2ccncc2)C(C(=O)N[*])C1,C(C1CNCC1)(*)=O|C1C(C*)C1,O=C(NCC1CC1)C1CC(c2ccccc2)N(C(=O)C2CCNC2)C1c1ccncc1,0.8837875,8.0088,0.0,4.0,0.7566045,0.7566,0.1057638,3.7715,418.54,418.541,0.9653086,31.0,2.85,2.8482,74.33,74.33,4,4.0,2,2.0,0.1279931,6.0,0.0031523,5.0,0.5,2.0,1.0,1.0,[],171.0,9.799411610955923,6,8
O=C(NCC1CCOCC1)C1CC(c2ccccc2)N(C2CCNC2)C1c1ccccc1,run14a_mol_34,run14a,34,13.9578,34.2859,70.3136,0.6973303,1.0,c1ccccc1C1N([*])C(c2ccccc2)C(C(=O)N[*])C1,C1NCC(*)C1|C1COCCC1C*,O=C(NCC1CCOCC1)C1CC(c2ccccc2)N(C2CCNC2)C1c1ccccc1,0.8836946,8.0092,0.0,4.0,0.7295509,0.7296,0.1172054,3.7433,433.6,433.596,0.9653086,32.0,3.7,3.6956,53.6,53.6,4,4.0,2,2.0,0.1279931,6.0,0.0031523,5.0,0.5,2.0,1.0,1.0,[],250.0,9.790390174480516,6,2
O=C(NCC1CCNC1)C1CC(c2ccccc2)N(C2CC2)C1c1cccs1,run14a_mol_35,run14a,35,14.1723,35.5632,68.9914,0.6970305,1.0,c1ccccc1C1N([*])C(c2cccs2)C(C(=O)N[*])C1,C1C(*)C1|C1NCC(C*)C1,O=C(NCC1CCNC1)C1CC(c2ccccc2)N(C2CC2)C1c1cccs1,0.8856077,8.0,0.0,4.0,0.7831346,0.7831,0.1012617,3.7834,395.57,395.572,0.9281377,28.0,3.74,3.7405,44.37,44.37,4,4.0,2,2.0,0.1279931,6.0,0.0031523,5.0,0.5,2.0,1.0,1.0,[],171.0,10.0,6,9
CC(C)CN1C(c2cccnc2)CC(C(=O)NCC2CCNC2)C1c1ccccc1,run14a_mol_36,run14a,36,19.5482,28.4256,76.0826,0.6967214,1.0,c1ccncc1C1N([*])C(c2ccccc2)C(C(=O)N[*])C1,C(C*)(C)C|C1NCCC1C*,O=C(NCC1CCNC1)C1CC(c2cccnc2)NC1c1ccccc1,0.8832717,8.0112,0.0,4.0,0.7381194,0.7381,0.0989205,3.7897,406.57,406.574,0.9556429,30.0,3.57,3.5676,57.26,57.26,4,4.0,2,2.0,0.0392398,7.0,0.1279931,4.0,0.5,2.0,1.0,1.0,[],213.0,9.745407417663053,7,6
CN1C(c2ccccc2)CC(C(=O)NC(=O)CC2CCNCC2)C1c1ccncc1,run14a_mol_37,run14a,37,16.4778,17.6511,86.7901,0.6962746,1.0,c1ccccc1C1N([*])C(c2ccncc2)C(C(=O)N[*])C1,*C|C1NCCC(CC(=O)*)C1,O=C(CC1CCNCC1)NC(=O)C1CC(c2ccccc2)NC1c1ccncc1,0.8795518,8.0286,1e-05,3.0,0.7987694,0.7988,0.1786833,3.6226,406.53,406.53,0.9556429,30.0,2.85,2.8482,74.33,74.33,5,5.0,2,2.0,0.3453354,5.0,0.1279931,4.0,0.5,2.0,1.0,1.0,[],1548.0,9.3626761148791,5,6
O=C(NCC1CCCC1)C1CC(c2cccnc2)N(C(=O)C2CCNC2)C1c1ccccc1,run14a_mol_38,run14a,38,17.4417,32.365,71.9534,0.6954562,1.0,c1ccncc1C1N([*])C(c2ccccc2)C(C(=O)N[*])C1,C1CNCC1C(*)=O|C1CCCC1C*,O=C(NCC1CCCC1)C1CC(c2cccnc2)N(C(=O)C2CCNC2)C1c1ccccc1,0.8845515,8.0051,0.0,4.0,0.7107204,0.7107,0.1050593,3.7733,446.6,446.595,0.955643,33.0,3.63,3.6284,74.33,74.33,4,4.0,2,2.0,0.1279931,6.0,0.0031523,5.0,0.5,2.0,1.0,1.0,[],2114.0,9.883254980990262,6,7
O=C(NCC1CC1)C1CC(c2ccccc2)N(C2CCNCC2)C1c1ccccn1,run14a_mol_39,run14a,39,12.4853,26.288,78.0224,0.6954028,1.0,c1ccccc1C1N([*])C(c2ncccc2)C(C(=O)N[*])C1,C1CNCCC1*|C1C(C*)C1,O=C(NCC1CC1)C1CC(c2ccccc2)N(C2CCNCC2)C1c1ccccn1,0.8661143,8.0878,1e-05,3.0,0.7741679,0.7742,0.1762978,3.6266,404.56,404.558,0.9556429,30.0,3.46,3.4641,57.26,57.26,4,4.0,2,2.0,0.1279931,6.0,0.0031523,5.0,0.5,2.0,1.0,1.0,[],177.0,8.169585080397155,6,3
CC1CC1N1C(c2ccccc2)CC(C(=O)NCC2CCNC2)C1c1ccccc1,run14a_mol_40,run14a,40,20.9793,42.6152,61.6546,0.6951321,1.0,c1ccccc1C1N([*])C(c2ccccc2)C(C(=O)N[*])C1,C1C(C)C1*|C1(C*)CCNC1,O=C(NCC1CCNC1)C1CC(c2ccccc2)N(C2CC2)C1c1ccccc1,0.8750815,8.0489,0.0,6.0,0.7682667,0.7683,0.063508,3.9074,403.57,403.57,0.9556429,30.0,3.93,3.925,44.37,44.37,3,3.0,2,2.0,0.1279931,6.0,0.0031523,5.0,0.5,2.0,1.0,1.0,[],603.0,8.935111986052203,6,8
O=C(NCC1CCNC1)C1CC(c2ccccc2)N(C(=O)C2CCC2)C1c1cccs1,run14a_mol_41,run14a,41,15.247,35.7139,68.534,0.6949865,1.0,c1ccccc1C1N([*])C(c2cccs2)C(C(=O)N[*])C1,*C(=O)C1CCC1|C1NCC(C*)C1,O=C(NCC1CCNC1)C1CC(c2ccccc2)N(C(=O)C2CCC2)C1c1cccs1,0.883428,8.0105,0.0,4.0,0.7204561,0.7205,0.0944977,3.8021,437.61,437.609,0.9653086,31.0,3.9,3.9048,61.44,61.44,4,4.0,2,2.0,0.1279931,6.0,0.0031523,5.0,0.5,2.0,1.0,1.0,[],512.0,9.761127824302118,6,8
O=C1CCC(N2C(c3ccccc3)CC(C(=O)NCC3CCNC3)C2c2ccccc2)C1,run14a_mol_42,run14a,42,23.1307,41.9718,62.1124,0.6938953,1.0,c1ccccc1C1N([*])C(c2ccccc2)C(C(=O)N[*])C1,C1CC(*)CC1=O|C1(C*)CCNC1,O=C1CCC(N2C(c3ccccc3)CC(C(=O)NCC3CCNC3)C2c2ccccc2)C1,0.8849337,8.0033,0.0,5.0,0.7332,0.7332,0.0601282,3.9216,431.58,431.58,0.9653086,32.0,3.64,3.6382,61.44,61.44,4,4.0,2,2.0,0.1279931,6.0,0.0031523,5.0,0.5,2.0,1.0,1.0,[],1793.0,9.924302650467787,6,6
O=C(NCC1CC1)C1CC(c2ccccc2)N(C(=O)C2CCNCC2)C1c1ccncc1,run14a_mol_43,run14a,43,17.1499,29.3621,74.6975,0.693731,1.0,c1ccccc1C1N([*])C(c2ccncc2)C(C(=O)N[*])C1,C1NCCC(C(*)=O)C1|C1C(C*)C1,O=C(NCC1CC1)C1CC(c2ccccc2)N(C(=O)C2CCNCC2)C1c1ccncc1,0.863745,8.0977,1e-05,3.0,0.7350085,0.735,0.1829623,3.6156,432.57,432.568,0.9653086,32.0,3.24,3.2383,74.33,74.33,4,4.0,2,2.0,0.1279931,6.0,0.0031523,5.0,0.5,2.0,1.0,1.0,[],533.0,7.985461129030749,6,3
O=C(NCC1CCNCC1)C1CC(c2ccco2)N(C(=O)C2CC2)C1c1ccccc1,run14a_mol_44,run14a,44,14.7406,27.1666,76.8182,0.693232,1.0,c1ccoc1C1N([*])C(c2ccccc2)C(C(=O)N[*])C1,C1CC1C(=O)*|C1C(C*)CCNC1,O=C(NCC1CCNCC1)C1CC(c2ccco2)N(C(=O)C2CC2)C1c1ccccc1,0.8632813,8.0996,1e-05,3.0,0.7493997,0.7494,0.1705273,3.6364,421.54,421.541,0.9653086,31.0,3.44,3.4363,74.58,74.58,4,4.0,2,2.0,0.1279931,6.0,0.0031523,5.0,0.5,2.0,1.0,1.0,[],423.0,7.9506017508441875,6,6
CC(=O)NC(=O)C1CC(c2ccccc2)N(C(=O)CC2CCNCC2)C1c1ccccn1,run14a_mol_45,run14a,45,17.9475,21.2404,82.724,0.6930959,1.0,c1ccccc1C1N([*])C(c2ncccc2)C(C(=O)N[*])C1,C1C(CC(*)=O)CCNC1|C(=O)(*)C,O=C(CC1CCNCC1)N1C(c2ccccc2)CCC1c1ccccn1,0.8853092,8.0015,1e-05,3.0,0.7551545,0.7552,0.1189744,3.7391,434.54,434.54,0.9653086,32.0,2.76,2.7649,91.4,91.4,5,5.0,2,2.0,0.3453354,5.0,0.1279931,4.0,0.5,2.0,1.0,1.0,[],316.0,9.96552080134768,5,5
O=C(NCC1CC1)C1CC(c2cccs2)N(C2CCNC2)C1c1ccccc1,run14a_mol_46,run14a,46,12.3412,35.0576,68.8392,0.692645,1.0,c1ccsc1C1N([*])C(c2ccccc2)C(C(=O)N[*])C1,C1(*)CCNC1|C1(C*)CC1,O=C(NCC1CC1)C1CC(c2cccs2)N(C2CCNC2)C1c1ccccc1,0.8784971,8.0335,0.0,4.0,0.7831346,0.7831,0.0838436,3.8342,395.57,395.572,0.9281377,28.0,3.74,3.7405,44.37,44.37,4,4.0,2,2.0,0.1279931,6.0,0.0031523,5.0,0.5,2.0,1.0,1.0,[],200.0,9.25763385120825,6,6
CC(=O)NC(=O)C1CC(c2cccnc2)N(C(=O)CC2CCNCC2)C1c1ccccc1,run14a_mol_47,run14a,47,14.4782,19.9546,83.932,0.6925774,1.0,c1ccncc1C1N([*])C(c2ccccc2)C(C(=O)N[*])C1,C1C(CC(=O)*)CCNC1|CC(*)=O,O=C(CC1CCNCC1)N1C(c2ccccc2)CCC1c1cccnc1,0.880435,8.0245,1e-05,3.0,0.7551545,0.7552,0.1411161,3.6912,434.54,434.54,0.9653086,32.0,2.76,2.7649,91.4,91.4,5,5.0,2,2.0,0.3453354,5.0,0.1279931,4.0,0.5,2.0,1.0,1.0,[],166.0,9.4514839244073,5,8
CCCN1C(c2ccccc2)CC(C(=O)NCC2CCNCC2)C1c1ccco1,run14a_mol_48,run14a,48,15.8759,27.5012,76.3543,0.69237,1.0,c1ccccc1C1N([*])C(c2ccco2)C(C(=O)N[*])C1,*CCC|C1CC(C*)CCN1,O=C(NCC1CCNCC1)C1CC(c2ccccc2)NC1c1ccco1,0.8634998,8.0987,1e-05,3.0,0.7463033,0.7463,0.1659968,3.6444,395.55,395.547,0.9434421,29.0,3.91,3.9097,57.51,57.51,4,4.0,2,2.0,0.0392398,7.0,0.1279931,4.0,0.5,2.0,1.0,1.0,[],162.0,7.967095078086507,7,4
CC(C)C(=O)N1C(c2ccccc2)CC(C(=O)NCC2CCNCC2)C1c1ccccn1,run14a_mol_49,run14a,49,17.6918,26.3163,77.5051,0.6921422,1.0,c1ccccc1C1N([*])C(c2ncccc2)C(C(=O)N[*])C1,C(C(=O)*)(C)C|C1NCCC(C*)C1,O=C(NCC1CCNCC1)C1CC(c2ccccc2)NC1c1ccccn1,0.8579149,8.1215,1e-05,3.0,0.7299968,0.73,0.1496332,3.6745,434.58,434.584,0.9653086,32.0,3.48,3.4843,74.33,74.33,4,4.0,2,2.0,0.1279931,6.0,0.1279931,4.0,0.5,2.0,1.0,1.0,[],159.0,7.559620603389226,6,9
O=CN1C(c2ccccc2)CC(C(=O)NCC2CCNCC2)C1c1ccncc1,run14a_mol_50,run14a,50,15.9683,20.6618,83.003,0.6910985,1.0,c1ccccc1C1N([*])C(c2ccncc2)C(C(=O)N[*])C1,C(=O)*|N1CCC(C*)CC1,O=C(NCC1CCNCC1)C1CC(c2ccccc2)NC1c1ccncc1,0.8616588,8.1063,1e-05,3.0,0.7408939,0.7409,0.1235417,3.7286,392.5,392.503,0.9434421,29.0,2.46,2.4581,74.33,74.33,4,4.0,2,2.0,0.1279931,6.0,0.1279931,4.0,0.5,2.0,1.0,1.0,[],2587.0,7.828886556130155,6,3
CC(=O)NC(=O)C1CC(c2ccccc2)N(C(=O)CC2CCNCC2)C1c1cccs1,run14a_mol_51,run14a,51,12.7313,21.6339,81.9976,0.6908766,1.0,c1ccccc1C1N([*])C(c2cccs2)C(C(=O)N[*])C1,C1CNCCC1CC(*)=O|CC(*)=O,O=C(CC1CCNCC1)N1C(c2ccccc2)CCC1c1cccs1,0.8813499,8.0203,1e-05,3.0,0.7482307,0.7482,0.1169155,3.7439,439.58,439.581,0.9653086,31.0,3.43,3.4314,78.51,78.51,5,5.0,2,2.0,0.3453354,5.0,0.1279931,4.0,0.5,2.0,1.0,1.0,[],362.0,9.543331283085344,5,8
CCNC(=O)C1CC(c2cccnc2)N(C2CCNCC2)C1c1ccncc1,run14a_mol_52,run14a,52,11.6451,22.2708,81.2911,0.6904123,1.0,c1ccncc1C1N([*])C(c2ccncc2)C(C(=O)N[*])C1,C1NCCC(*)C1|CC*,c1cncc(C2CCC(c3ccncc3)N2C2CCNCC2)c1,0.875928,8.0451,1e-05,3.0,0.835191,0.8352,0.1207587,3.735,379.51,379.508,0.9281377,28.0,2.47,2.469,70.15,70.15,5,5.0,2,2.0,0.3453354,5.0,0.1279931,4.0,0.5,2.0,1.0,1.0,[],200.0,9.013635670781422,5,4
Cc1cccc(C2CC(C(=O)NCC3CCNC3)C(c3ccccc3)N2C2CCN(C)C2)c1,run14a_mol_53,run14a,53,13.9541,42.7439,60.6783,0.6894811,1.0,c1ccc([*])cc1C1N([*])C(c2ccccc2)C(C(=O)N[*])C1,C*|C1(*)CCN(C)C1|C1NCC(C*)C1,O=C(NCC1CCNC1)C1CC(c2ccccc2)N(C2CCNC2)C1c1ccccc1,0.8786639,8.0327,0.0,5.0,0.7128013,0.7128,0.0573457,3.9339,446.64,446.639,0.955643,33.0,3.53,3.5291,47.61,47.61,4,4.0,2,2.0,0.1279931,6.0,0.0031523,5.0,0.5,2.0,1.0,1.0,[],205.0,9.274702759188688,6,6
O=C(NCC1CCNCC1)C1CC(c2ccccc2)N(C(=O)C2CC2)C1c1ccncc1,run14a_mol_54,run14a,54,12.8028,25.3612,78.0468,0.6893871,1.0,c1ccccc1C1N([*])C(c2ccncc2)C(C(=O)N[*])C1,C1C(C(*)=O)C1|C1(C*)CCNCC1,O=C(NCC1CCNCC1)C1CC(c2ccccc2)N(C(=O)C2CC2)C1c1ccncc1,0.8525857,8.1425,1e-05,3.0,0.7350085,0.735,0.1904067,3.6036,432.57,432.568,0.9653086,32.0,3.24,3.2383,74.33,74.33,4,4.0,2,2.0,0.1279931,6.0,0.0031523,5.0,0.5,2.0,1.0,1.0,[],184.0,7.202777512383406,6,6
O=C(NCC1CCNCC1)C1CC(c2ccccc2)N(C(=O)C2CC2)C1c1cccs1,run14a_mol_55,run14a,55,16.9451,27.2103,75.7781,0.6865897,1.0,c1ccccc1C1N([*])C(c2sccc2)C(C(=O)N[*])C1,*C(=O)C1CC1|N1CCC(C*)CC1,O=C(NCC1CCNCC1)C1CC(c2ccccc2)N(C(=O)C2CC2)C1c1cccs1,0.8517164,8.1459,1e-05,3.0,0.7204561,0.7205,0.16972,3.6378,437.61,437.609,0.9653086,31.0,3.9,3.9048,61.44,61.44,4,4.0,2,2.0,0.1279931,6.0,0.0031523,5.0,0.5,2.0,1.0,1.0,[],742.0,7.14660863876844,6,10
CC(=O)NC(=O)C1CC(c2ccccc2)N(C(=O)CC2CCCNCC2)C1c1cccnc1,run14a_mol_56,run14a,56,15.824,31.838,71.115,0.6863536,1.0,c1ccccc1C1N([*])C(c2cccnc2)C(C(=O)N[*])C1,C1(CC(=O)*)CCNCCC1|*C(=O)C,O=C(CC1CCCNCC1)N1C(c2ccccc2)CCC1c1cccnc1,0.8795174,8.0288,0.0,4.0,0.7332663,0.7333,0.0824257,3.8387,448.57,448.567,0.955643,33.0,3.16,3.155,91.4,91.4,5,5.0,2,2.0,0.3453354,5.0,0.1279931,4.0,0.5,2.0,1.0,1.0,[],720.0,9.35836543583529,5,7
O=C(NCC1CCNCC1)C1CC(c2ccccc2)N(C2CC2)C1c1cccnc1,run14a_mol_57,run14a,57,14.8814,21.4589,81.4846,0.6862903,1.0,c1ccccc1C1N([*])C(c2cccnc2)C(C(=O)N[*])C1,C1C(*)C1|C1C(C*)CCNC1,O=C(NCC1CCNCC1)C1CC(c2ccccc2)N(C2CC2)C1c1cccnc1,0.8420527,8.1823,1e-05,3.0,0.7741679,0.7742,0.1958274,3.5951,404.56,404.558,0.9556429,30.0,3.46,3.4641,57.26,57.26,4,4.0,2,2.0,0.1279931,6.0,0.0031523,5.0,0.5,2.0,1.0,1.0,[],751.0,6.572037002870903,6,9
CC(=O)NC(=O)C1CC(c2ccccc2)N(C(=O)CC2CCCNCC2)C1c1cccs1,run14a_mol_58,run14a,58,15.365,27.0899,75.7972,0.685914,1.0,c1ccccc1C1N([*])C(c2sccc2)C(C(=O)N[*])C1,C1C(CC(*)=O)CCNCC1|C(=O)(*)C,O=C(CC1CCCNCC1)N1C(c2ccccc2)CCC1c1cccs1,0.880966,8.0221,0.0,4.0,0.7214545,0.7215,0.069618,3.8833,453.61,453.608,0.9653086,32.0,3.82,3.8215,78.51,78.51,5,5.0,2,2.0,0.3453354,5.0,0.1279931,4.0,0.5,2.0,1.0,1.0,[],2225.0,9.50385934011676,5,9
CN1C(c2ccccc2)CC(C(=O)NS(C)(=O)=O)C1c1ccc(CC2CCNCC2)cc1,run14a_mol_59,run14a,59,18.8074,25.7658,77.0476,0.6854224,1.0,c1ccccc1C1N([*])C(c2ccc([*])cc2)C(C(=O)N[*])C1,C*|C1NCCC(C*)C1|S(=O)(C)(*)=O,c1ccc(C2CCC(c3ccc(CC4CCNCC4)cc3)N2)cc1,0.8731026,8.0577,1e-05,3.0,0.7000969,0.7001,0.2072756,3.5777,455.62,455.624,0.9653086,32.0,3.04,3.0386,78.51,78.51,5,5.0,2,2.0,0.1279931,6.0,0.1279931,4.0,0.5,2.0,1.0,1.0,[],522.0,8.755884014131139,6,2
O=C(NC(=O)N1CC1)C1CC(c2cccnc2)N(CC2CCNCC2)C1c1ccccc1,run14a_mol_60,run14a,60,15.92,29.9277,72.8672,0.6852995,1.0,c1ccncc1C1N([*])C(c2ccccc2)C(C(=O)N[*])C1,C1(C*)CCNCC1|C1N(C(*)=O)C1,O=C(NC(=O)N1CC1)C1CC(c2cccnc2)N(CC2CCNCC2)C1c1ccccc1,0.8788124,8.032,1e-05,3.0,0.7093673,0.7094,0.1285428,3.7175,433.56,433.556,0.9653086,32.0,2.74,2.7373,77.34,77.34,5,5.0,2,2.0,0.3453354,5.0,0.0031523,5.0,0.5,2.0,1.0,1.0,[],1559.0,9.289663867799362,5,4
O=C(NC(=O)N1CC1)C1CC(c2ccccc2)N(CC2CCNCC2)C1c1cccnc1,run14a_mol_61,run14a,61,13.9748,34.2158,68.5117,0.6848499,1.0,c1ccccc1C1N([*])C(c2cccnc2)C(C(=O)N[*])C1,C1NCCC(C*)C1|C1N(C(*)=O)C1,O=C(NC(=O)N1CC1)C1CC(c2ccccc2)N(CC2CCNCC2)C1c1cccnc1,0.8781283,8.0351,1e-05,3.0,0.7093673,0.7094,0.1264877,3.7221,433.56,433.556,0.9653086,32.0,2.74,2.7373,77.34,77.34,5,5.0,2,2.0,0.3453354,5.0,0.0031523,5.0,0.5,2.0,1.0,1.0,[],239.0,9.223590216882458,5,7
CN(C)C(=O)NC(=O)C1CC(c2ccccc2)N(C(=O)CC2CCNCC2)C1c1cccnc1,run14a_mol_62,run14a,62,22.3562,27.254,75.4334,0.6845825,1.0,c1ccccc1C1N([*])C(c2cccnc2)C(C(=O)N[*])C1,C1(CC(*)=O)CCNCC1|CN(C(=O)*)C,O=C(CC1CCNCC1)N1C(c2ccccc2)CCC1c1cccnc1,0.8770172,8.0402,1e-05,3.0,0.7111307,0.7111,0.0963505,3.7968,463.58,463.582,0.9434421,34.0,2.9,2.9,94.64,94.64,5,5.0,2,2.0,0.3453354,5.0,0.1279931,4.0,0.5,2.0,1.0,1.0,[],744.0,9.115909395361662,5,8
CN1C(c2cccnc2)CC(C(=O)NCCC2CCNC2)C1c1ccncc1,run14a_mol_63,run14a,63,13.2366,26.6034,76.0571,0.6844033,1.0,c1ccncc1C1N([*])C(c2ccncc2)C(C(=O)N[*])C1,C*|C1CNCC1CC*,O=C(NCCC1CCNC1)C1CC(c2cccnc2)NC1c1ccncc1,0.8855474,8.0003,0.0,4.0,0.8061409,0.8061,0.0851628,3.83,379.51,379.508,0.9281377,28.0,2.33,2.3265,70.15,70.15,5,5.0,2,2.0,0.1279931,6.0,0.1279931,4.0,0.5,2.0,1.0,1.0,[],2590.0,9.993094630025915,6,3
O=C(NCC1CC1)C1CC(c2ccccc2)N(CC2CCNC2)C1c1cccnc1,run14a_mol_64,run14a,64,16.9786,30.4021,72.2513,0.684356,1.0,c1ccccc1C1N([*])C(c2cccnc2)C(C(=O)N[*])C1,C1NCC(C*)C1|C1(C*)CC1,O=C(NCC1CC1)C1CC(c2ccccc2)N(CC2CCNC2)C1c1cccnc1,0.863113,8.1003,0.0,4.0,0.7433337,0.7433,0.0967341,3.7958,404.56,404.558,0.9556429,30.0,3.32,3.3216,57.26,57.26,4,4.0,2,2.0,0.0392398,7.0,0.0031523,5.0,0.5,2.0,1.0,1.0,[],1445.0,7.937797216901156,7,10
CC1CCCN1C(=O)NC(=O)C1CC(c2ccccc2)N(C2CCNCC2)C1c1cccnc1,run14a_mol_65,run14a,65,18.2388,31.4159,71.21,0.6841727,1.0,c1ccccc1C1N([*])C(c2cccnc2)C(C(=O)N[*])C1,*C1CCNCC1|C1N(C(*)=O)C(C)CC1,O=C(NC(=O)N1CCCC1)C1CC(c2ccccc2)N(C2CCNCC2)C1c1cccnc1,0.8694466,8.0736,0.0,4.0,0.7267427,0.7267,0.0541474,3.9488,461.61,461.61,0.9434421,34.0,3.66,3.6584,77.57,77.57,5,5.0,2,2.0,0.6546646,4.0,0.0031523,5.0,0.5,2.0,1.0,1.0,[],1276.0,8.441118555927671,4,8
CC(=O)NC(=O)C1CC(c2ccccc2)N(CCC2CCNCC2)C1c1cccnc1,run14a_mol_66,run14a,66,18.9517,22.4783,80.1102,0.6839236,1.0,c1ccccc1C1N([*])C(c2cccnc2)C(C(=O)N[*])C1,C1CNCCC1CC*|*C(C)=O,c1ccc(C2CCC(c3cccnc3)N2CCC2CCNCC2)cc1,0.8783966,8.0339,1e-05,3.0,0.7505381,0.7505,0.1246303,3.7262,420.56,420.557,0.9653086,31.0,3.24,3.2383,74.33,74.33,5,5.0,2,2.0,0.1279931,6.0,0.1279931,4.0,0.5,2.0,1.0,1.0,[],2534.0,9.249111180764665,6,4
CC(=O)NC(=O)C1CC(c2ccccc2)N(CCC2CCNCC2)C1c1cccs1,run14a_mol_67,run14a,67,14.1046,22.6269,79.7505,0.6825157,1.0,c1ccccc1C1N([*])C(c2sccc2)C(C(=O)N[*])C1,C1CNCCC1CC*|*C(=O)C,c1ccc(C2CCC(c3cccs3)N2CCC2CCNCC2)cc1,0.880404,8.0247,1e-05,3.0,0.7368054,0.7368,0.1129271,3.7535,425.6,425.598,0.9556429,30.0,3.9,3.9048,61.44,61.44,5,5.0,2,2.0,0.1279931,6.0,0.1279931,4.0,0.5,2.0,1.0,1.0,[],493.0,9.447132357271377,6,8
O=C(NC(=O)N1CCCC1)C1CC(c2ccccc2)N(CC2CCNCC2)C1c1cccnc1,run14a_mol_68,run14a,68,13.733,25.1318,77.2115,0.6822887,1.0,c1ccccc1C1N([*])C(c2cccnc2)C(C(=O)N[*])C1,C1CNCCC1C*|C1CCCN1C(=O)*,O=C(NC(=O)N1CCCC1)C1CC(c2ccccc2)N(CC2CCNCC2)C1c1cccnc1,0.8763863,8.043,1e-05,3.0,0.7125495,0.7125,0.1183425,3.7406,461.61,461.61,0.9434421,34.0,3.52,3.5175,77.57,77.57,5,5.0,2,2.0,0.3453354,5.0,0.0031523,5.0,0.5,2.0,1.0,1.0,[],470.0,9.057326008982017,5,3
O=C(NCC1CCCNCC1)C1CC(c2ccccc2)N(C(=O)C2CC2)C1c1cccnc1,run14a_mol_69,run14a,69,20.723,27.642,74.6576,0.6819975,1.0,c1ccccc1C1N([*])C(c2cccnc2)C(C(=O)N[*])C1,C1(C(=O)*)CC1|C1CC(C*)CCCN1,O=C(NCC1CCCNCC1)C1CC(c2ccccc2)N(C(=O)C2CC2)C1c1cccnc1,0.8515852,8.1464,0.0,4.0,0.7107204,0.7107,0.1184726,3.7403,446.6,446.595,0.955643,33.0,3.63,3.6284,74.33,74.33,4,4.0,2,2.0,0.1279931,6.0,0.0031523,5.0,0.5,2.0,1.0,1.0,[],270.0,7.138385536016632,6,4
CN1C(c2cccnc2)CC(C(=O)NC2CCCN(C3CCCNCC3)C2)C1c1ccccc1,run14a_mol_70,run14a,70,21.9371,33.5634,68.6141,0.6811836,1.0,c1ccncc1C1N([*])C(c2ccccc2)C(C(=O)N[*])C1,*C|C1NCCCC(N2CC(*)CCC2)C1,O=C(NC1CCCN(C2CCCNCC2)C1)C1CC(c2cccnc2)NC1c1ccccc1,0.882966,8.0127,0.0,5.0,0.713343,0.7133,0.0633301,3.9081,461.65,461.654,0.9434421,34.0,3.54,3.5384,60.5,60.5,5,5.0,2,2.0,0.3453354,5.0,0.0031523,5.0,0.5,2.0,1.0,1.0,[],2474.0,9.711806033832914,5,2
CNC(=O)C1CC(c2ccccc2)N(C(=O)C2CCCN2C2CCNCC2)C1c1ccncc1,run14a_mol_71,run14a,71,18.4871,34.2479,67.8409,0.6805919,1.0,c1ccccc1C1N([*])C(c2ccncc2)C(C(=O)N[*])C1,C1CNCCC1N1C(C(*)=O)CCC1|C*,O=C(C1CCCN1C1CCNCC1)N1C(c2ccccc2)CCC1c1ccncc1,0.8830677,8.0122,0.0,4.0,0.7160156,0.716,0.0523176,3.9576,461.61,461.61,0.9434421,34.0,2.67,2.6749,77.57,77.57,5,5.0,2,2.0,0.3453354,5.0,0.0031523,5.0,0.5,2.0,1.0,1.0,[],547.0,9.722993602579225,5,2
O=C(NC1CC1)C1CC(c2cccnc2)N(CC2CCNCC2)C1c1ccncc1,run14a_mol_72,run14a,72,15.2812,27.3137,74.7477,0.6804095,1.0,c1ccncc1C1N([*])C(c2ccncc2)C(C(=O)N[*])C1,C1C(C*)CCNC1|C1C(*)C1,O=C(NC1CC1)C1CC(c2cccnc2)N(CC2CCNCC2)C1c1ccncc1,0.8805258,8.0241,1e-05,3.0,0.773416,0.7734,0.1075811,3.7668,405.55,405.546,0.9556429,30.0,2.86,2.8591,70.15,70.15,5,5.0,2,2.0,0.1279931,6.0,0.0031523,5.0,0.5,2.0,1.0,1.0,[],501.0,9.460193072899116,6,7
O=C(NCC1CCNC1)C1CC(c2cccnc2)N(C(=O)N2CCCCC2)C1c1ccncc1,run14a_mol_73,run14a,73,16.0393,32.4988,69.5593,0.6803869,1.0,c1ccncc1C1N([*])C(c2ccncc2)C(C(=O)N[*])C1,C1CN(C(*)=O)CCC1|C1CNCC1C*,O=C(NCC1CCNC1)C1CC(c2cccnc2)N(C(=O)N2CCCCC2)C1c1ccncc1,0.8824096,8.0153,0.0,4.0,0.7131527,0.7132,0.0552131,3.9437,462.6,462.598,0.9434421,34.0,2.91,2.9125,90.46,90.46,5,5.0,2,2.0,0.3453354,5.0,0.0031523,5.0,0.5,2.0,1.0,1.0,[],356.0,9.653837851164909,5,4
CC(=O)N1C(c2cccnc2)CC(C(=O)NCC2CCNCC2)C1c1ccncc1,run14a_mol_74,run14a,74,17.6622,24.7715,77.2677,0.6802611,1.0,c1ccncc1C1N([*])C(c2ccncc2)C(C(=O)N[*])C1,C(=O)(*)C|C1(C*)CCNCC1,O=C(NCC1CCNCC1)C1CC(c2cccnc2)NC1c1ccncc1,0.8507529,8.1496,1e-05,3.0,0.7938236,0.7938,0.1352187,3.7033,407.52,407.518,0.9556429,30.0,2.24,2.2432,87.22,87.22,5,5.0,2,2.0,0.3453354,5.0,0.1279931,4.0,0.5,2.0,1.0,1.0,[],2628.0,7.085981269167699,5,4
CN1C(c2ccccc2)CC(C(=O)NC2CN(CC3CCNC3)C2)C1c1cccnc1,run14a_mol_75,run14a,75,18.8609,40.2586,61.7561,0.6800975,1.0,c1ccccc1C1N([*])C(c2cccnc2)C(C(=O)N[*])C1,C*|*C1CN(CC2CNCC2)C1,O=C(NC1CN(CC2CCNC2)C1)C1CC(c2ccccc2)NC1c1cccnc1,0.8843523,8.0061,0.0,4.0,0.7520054,0.752,0.0855859,3.8287,419.57,419.573,0.9653086,31.0,2.23,2.2256,60.5,60.5,5,5.0,2,2.0,0.1279931,6.0,0.0031523,5.0,0.5,2.0,1.0,1.0,[],2172.0,9.860524125308563,6,4
CCN1C(c2cccnc2)CC(C(=O)NCC2CCNC2)C1c1ccncc1,run14a_mol_76,run14a,76,13.6706,24.5795,77.435,0.6800963,1.0,c1ccncc1C1N([*])C(c2ccncc2)C(C(=O)N[*])C1,*CC|C1C(C*)CNC1,O=C(NCC1CCNC1)C1CC(c2cccnc2)NC1c1ccncc1,0.8796229,8.0283,0.0,4.0,0.8061409,0.8061,0.061703,3.9149,379.51,379.508,0.9281377,28.0,2.33,2.3265,70.15,70.15,5,5.0,2,2.0,0.1279931,6.0,0.1279931,4.0,0.5,2.0,1.0,1.0,[],1521.0,9.369145856727323,6,10
CC(=O)NC(=O)C1CC(c2cccnc2)N(CCC2CCCNCC2)C1c1ccccc1,run14a_mol_77,run14a,77,17.9663,26.9324,75.0136,0.6796396,1.0,c1ccncc1C1N([*])C(c2ccccc2)C(C(=O)N[*])C1,C1NCCC(CC*)CC1|C(=O)(C)*,c1ccc(C2CCC(c3cccnc3)N2CCC2CCCNCC2)cc1,0.8793777,8.0294,0.0,4.0,0.7263234,0.7263,0.0755147,3.8619,434.58,434.584,0.9653086,32.0,3.63,3.6284,74.33,74.33,5,5.0,2,2.0,0.1279931,6.0,0.1279931,4.0,0.5,2.0,1.0,1.0,[],1702.0,9.345445303153388,6,7
O=C(NC1COC1)C1CC(c2ccccc2)N(CC2CCNCC2)C1c1cccs1,run14a_mol_78,run14a,78,17.416,34.1229,67.8042,0.6795135,1.0,c1ccccc1C1N([*])C(c2sccc2)C(C(=O)N[*])C1,N1CCC(C*)CC1|C1OCC1*,O=C(NC1COC1)C1CC(c2ccccc2)N(CC2CCNCC2)C1c1cccs1,0.882681,8.014,1e-05,3.0,0.7452028,0.7452,0.0995574,3.788,425.6,425.598,0.9556429,30.0,3.37,3.367,53.6,53.6,5,5.0,2,2.0,0.1279931,6.0,0.0031523,5.0,0.5,2.0,1.0,1.0,[],962.0,9.682778562612503,6,3
O=C(NC1CCOCC1)C1CC(c2ccccc2)N(CC2CCNCC2)C1c1cccnc1,run14a_mol_79,run14a,79,14.7074,22.7019,79.0684,0.6784685,1.0,c1ccccc1C1N([*])C(c2cccnc2)C(C(=O)N[*])C1,C1(C*)CCNCC1|O1CCC(*)CC1,O=C(NC1CCOCC1)C1CC(c2ccccc2)N(CC2CCNCC2)C1c1cccnc1,0.8799453,8.0268,1e-05,3.0,0.7083444,0.7083,0.1240678,3.7275,448.61,448.611,0.955643,33.0,3.48,3.4807,66.49,66.49,5,5.0,2,2.0,0.1279931,6.0,0.0031523,5.0,0.5,2.0,1.0,1.0,[],1249.0,9.401561688035704,6,1
O=C(NC1CCCC1)C1CC(c2cccnc2)N(CC2CCNCC2)C1c1ccncc1,run14a_mol_80,run14a,80,11.3252,26.9646,74.772,0.6782443,1.0,c1ccncc1C1N([*])C(c2ccncc2)C(C(=O)N[*])C1,C1CNCCC1C*|C1CCCC1*,O=C(NC1CCCC1)C1CC(c2cccnc2)N(CC2CCNCC2)C1c1ccncc1,0.8789895,8.0312,1e-05,3.0,0.7279123,0.7279,0.107751,3.7664,433.6,433.6,0.9653086,32.0,3.64,3.6393,70.15,70.15,5,5.0,2,2.0,0.1279931,6.0,0.0031523,5.0,0.5,2.0,1.0,1.0,[],491.0,9.306791831626532,6,5
CNC(=O)C1CC(c2cccnc2)N(C2CN(CC3CCNCC3)C2)C1c1ccccc1,run14a_mol_81,run14a,81,16.9321,36.4706,65.2634,0.6782266,1.0,c1ccncc1C1N([*])C(c2ccccc2)C(C(=O)N[*])C1,C1(*)CN(CC2CCNCC2)C1|C*,c1ccc(C2CCC(c3cccnc3)N2C2CN(CC3CCNCC3)C2)cc1,0.878265,8.0345,1e-05,3.0,0.7334676,0.7335,0.107424,3.7672,433.6,433.6,0.9653086,32.0,2.62,2.6157,60.5,60.5,5,5.0,2,2.0,0.1279931,6.0,0.0031523,5.0,0.5,2.0,1.0,1.0,[],237.0,9.236341884196314,6,7
O=CNC(=O)C1CC(c2ccccc2)N(C(=O)CC2CCNCC2)C1c1ccncc1,run14a_mol_82,run14a,82,16.7658,24.6165,77.1058,0.6781486,1.0,c1ccccc1C1N([*])C(c2ccncc2)C(C(=O)N[*])C1,C1(CC(*)=O)CCNCC1|C(=O)*,O=C(CC1CCNCC1)N1C(c2ccccc2)CCC1c1ccncc1,0.8775925,8.0376,1e-05,3.0,0.7004255,0.7004,0.0803401,3.8455,420.51,420.513,0.9653086,31.0,2.37,2.3748,91.4,91.4,5,5.0,2,2.0,0.1279931,6.0,0.1279931,4.0,0.5,2.0,1.0,1.0,[],1451.0,9.170647491149332,6,7
CC(=O)N1C(c2cccnc2)CC(C(=O)NCC2CCCNCC2)C1c1ccncc1,run14a_mol_83,run14a,83,17.3136,29.0418,72.5188,0.6770706,1.0,c1ccncc1C1N([*])C(c2ccncc2)C(C(=O)N[*])C1,O=C(*)C|C1C(C*)CCNCC1,O=C(NCC1CCCNCC1)C1CC(c2cccnc2)NC1c1ccncc1,0.8530008,8.1409,0.0,4.0,0.7750399,0.775,0.0813442,3.8422,421.55,421.545,0.9653086,31.0,2.63,2.6333,87.22,87.22,5,5.0,2,2.0,0.3453354,5.0,0.1279931,4.0,0.5,2.0,1.0,1.0,[],970.0,7.229362466614439,5,8
CCCNC(=O)C1CC(c2cccnc2)N(CC2CCCNCC2)C1c1ccncc1,run14a_mol_84,run14a,84,15.6113,33.7243,67.8102,0.6768972,1.0,c1ccncc1C1N([*])C(c2ccncc2)C(C(=O)N[*])C1,C1NCCCC(C*)C1|CCC*,c1cncc(C2CCC(c3ccncc3)N2CC2CCCNCC2)c1,0.8805141,8.0242,0.0,4.0,0.7161101,0.7161,0.0722421,3.8736,421.59,421.589,0.9653086,31.0,3.5,3.4968,70.15,70.15,5,5.0,2,2.0,0.0392398,7.0,0.1279931,4.0,0.5,2.0,1.0,1.0,[],254.0,9.458015033710122,7,9
CN1CCC(CNC(=O)C2CC(c3ccccc3)N(C3CCNC3)C2c2ccncc2)CC1,run14a_mol_85,run14a,85,14.4363,32.9425,68.5837,0.6768416,1.0,c1ccccc1C1N([*])C(c2ccncc2)C(C(=O)N[*])C1,C1C(*)CCN1|C1N(C)CCC(C*)C1,O=C(NCC1CCNCC1)C1CC(c2ccccc2)N(C2CCNC2)C1c1ccncc1,0.8845605,8.0051,0.0,4.0,0.7129766,0.713,0.070828,3.8788,447.63,447.627,0.955643,33.0,3.01,3.0058,60.5,60.5,5,5.0,2,2.0,0.1279931,6.0,0.0031523,5.0,0.5,2.0,1.0,1.0,[],210.0,9.883254980990262,6,5
CN1CC(CNC(=O)C2CC(c3ccco3)N(C3CCNCC3)C2c2ccccc2)C1,run14a_mol_86,run14a,86,15.403,40.4403,61.0274,0.6764515,1.0,c1ccoc1C1N([*])C(c2ccccc2)C(C(=O)N[*])C1,C1(*)CCNCC1|C1(C*)CN(C)C1,O=C(NCC1CNC1)C1CC(c2ccco2)N(C2CCNCC2)C1c1ccccc1,0.8752069,8.0483,1e-05,3.0,0.7497331,0.7497,0.0916632,3.8103,422.57,422.573,0.9653086,31.0,2.81,2.8137,60.75,60.75,5,5.0,2,2.0,0.1279931,6.0,0.0031523,5.0,0.5,2.0,1.0,1.0,[],203.0,8.947464830528059,6,7
CN1CCCC1CN1C(c2cccnc2)CC(C(=O)NC2CCNCC2)C1c1ccccc1,run14a_mol_87,run14a,87,18.9865,29.1809,72.2518,0.676218,1.0,c1ccncc1C1N([*])C(c2ccccc2)C(C(=O)N[*])C1,C1CC(C*)N(C)C1|C1C(*)CCNC1,O=C(NC1CCNCC1)C1CC(c2cccnc2)N(CC2CCCN2)C1c1ccccc1,0.8845228,8.0053,0.0,4.0,0.7124866,0.7125,0.0628614,3.91,447.63,447.627,0.955643,33.0,3.15,3.1483,60.5,60.5,5,5.0,2,2.0,0.1279931,6.0,0.0031523,5.0,0.5,2.0,1.0,1.0,[],2105.0,9.878704621711735,6,8
CN1CC(CNC(=O)C2CC(c3ccccc3)N(C3CCNCC3)C2c2ccccn2)C1,run14a_mol_88,run14a,88,16.605,30.6375,70.7882,0.6761713,1.0,c1ccccc1C1N([*])C(c2ncccc2)C(C(=O)N[*])C1,C1(*)CCNCC1|C1N(C)CC1C*,O=C(NCC1CNC1)C1CC(c2ccccc2)N(C2CCNCC2)C1c1ccccn1,0.8736336,8.0553,1e-05,3.0,0.7334676,0.7335,0.1070547,3.7682,433.6,433.6,0.9653086,32.0,2.62,2.6157,60.5,60.5,5,5.0,2,2.0,0.1279931,6.0,0.0031523,5.0,0.5,2.0,1.0,1.0,[],579.0,8.80440476164674,6,1
CN1C(c2cccnc2)CC(C(=O)NCC2CCN2C2CCNCC2)C1c1ccccc1,run14a_mol_89,run14a,89,16.8199,39.3828,62.0411,0.6761591,1.0,c1ccncc1C1N([*])C(c2ccccc2)C(C(=O)N[*])C1,*C|C1C(C*)N(C2CCNCC2)C1,O=C(NCC1CCN1C1CCNCC1)C1CC(c2cccnc2)NC1c1ccccc1,0.8809437,8.0222,0.0,4.0,0.7336822,0.7337,0.0628948,3.9099,433.6,433.6,0.9653086,32.0,2.76,2.7582,60.5,60.5,5,5.0,2,2.0,0.1279931,6.0,0.0031523,5.0,0.5,2.0,1.0,1.0,[],2598.0,9.50167124755565,6,2
CN1CCC(NC(=O)C2CC(c3cccs3)N(CC3CCNCC3)C2c2ccccc2)C1,run14a_mol_90,run14a,90,17.7816,33.0844,68.3382,0.676151,1.0,c1ccsc1C1N([*])C(c2ccccc2)C(C(=O)N[*])C1,C1NCCC(C*)C1|C1C(*)CN(C)C1,O=C(NC1CCNC1)C1CC(c2cccs2)N(CC2CCNCC2)C1c1ccccc1,0.8842914,8.0064,0.0,4.0,0.702143,0.7021,0.0635245,3.9073,452.67,452.668,0.9653086,32.0,3.67,3.6723,47.61,47.61,5,5.0,2,2.0,0.1279931,6.0,0.0031523,5.0,0.5,2.0,1.0,1.0,[],228.0,9.8537150685862,6,8
O=C(NC1CCOC1)C1CC(c2ccccc2)N(CC2CCNCC2)C1c1cccs1,run14a_mol_91,run14a,91,15.8044,40.3044,61.1062,0.6760705,1.0,c1ccccc1C1N([*])C(c2cccs2)C(C(=O)N[*])C1,C1CNCCC1C*|C1C(*)COC1,O=C(NC1CCOC1)C1CC(c2ccccc2)N(CC2CCNCC2)C1c1cccs1,0.8833513,8.0108,0.0,4.0,0.7197414,0.7197,0.0576063,3.9327,439.63,439.625,0.9653086,31.0,3.76,3.7571,53.6,53.6,5,5.0,2,2.0,0.1279931,6.0,0.0031523,5.0,0.5,2.0,1.0,1.0,[],204.0,9.754387404403005,6,4
CN1C(c2ccco2)CC(C(=O)NCC2CCN(C3CCNCC3)C2)C1c1ccccc1,run14a_mol_92,run14a,92,20.1451,36.0259,65.3199,0.6756389,1.0,c1ccoc1C1N([*])C(c2ccccc2)C(C(=O)N[*])C1,*C|C1(C*)CCN(C2CCNCC2)C1,O=C(NCC1CCN(C2CCNCC2)C1)C1CC(c2ccco2)NC1c1ccccc1,0.8783785,8.034,0.0,4.0,0.7282935,0.7283,0.0745377,3.8654,436.6,436.6,0.9653086,32.0,3.2,3.2038,60.75,60.75,5,5.0,2,2.0,0.1279931,6.0,0.0031523,5.0,0.5,2.0,1.0,1.0,[],1078.0,9.24698173938221,6,6
CCCN1C(c2cccnc2)CC(C(=O)NCCC2CCNC2)C1c1ccncc1,run14a_mol_93,run14a,93,19.7765,33.4858,67.6909,0.6745109,1.0,c1ccncc1C1N([*])C(c2ccncc2)C(C(=O)N[*])C1,C(*)CC|C1NCC(CC*)C1,O=C(NCCC1CCNC1)C1CC(c2cccnc2)NC1c1ccncc1,0.8817669,8.0183,0.0,4.0,0.7036683,0.7037,0.0580036,3.931,407.56,407.562,0.9556429,30.0,3.11,3.1067,70.15,70.15,5,5.0,2,2.0,0.0112369,8.0,0.1279931,4.0,0.5,2.0,1.0,1.0,[],193.0,9.587381298845328,8,5
CC(=O)N1C(c2ccccc2)CC(C(=O)NC(=O)OCC2CCNCC2)C1c1ccccn1,run14a_mol_94,run14a,94,15.8942,27.3586,73.7824,0.6742734,1.0,c1ccccc1C1N([*])C(c2ncccc2)C(C(=O)N[*])C1,C(*)(=O)C|C1C(COC(*)=O)CCNC1,O=C(NC(=O)C1CC(c2ccccc2)NC1c1ccccn1)OCC1CCNCC1,0.8846583,8.0046,1e-05,3.0,0.7264508,0.7265,0.1135464,3.752,450.54,450.539,0.955643,33.0,2.98,2.9848,100.63,100.63,6,6.0,2,2.0,0.3453354,5.0,0.1279931,4.0,0.5,2.0,1.0,1.0,[],2585.0,9.894640051300764,5,1
O=C(NCC1CCNC1)C1CC(c2cccnc2)N(CC2CC2)C1c1ccncc1,run14a_mol_95,run14a,95,18.7429,25.7764,75.0685,0.6722992,1.0,c1ccncc1C1N([*])C(c2ccncc2)C(C(=O)N[*])C1,C1(C*)CC1|C1NCCC1C*,O=C(NCC1CCNC1)C1CC(c2cccnc2)N(CC2CC2)C1c1ccncc1,0.8802683,8.0253,0.0,4.0,0.7412653,0.7413,0.0528099,3.9552,405.55,405.546,0.9556429,30.0,2.72,2.7166,70.15,70.15,5,5.0,2,2.0,0.0392398,7.0,0.0031523,5.0,0.5,2.0,1.0,1.0,[],2283.0,9.434089673230412,7,4
CS(=O)(=O)N1C(c2ccccc2)CC(C(=O)NCC2CCNCC2)C1c1cccnc1,run14a_mol_96,run14a,96,16.6132,20.2791,80.525,0.6720275,1.0,c1ccccc1C1N([*])C(c2cccnc2)C(C(=O)N[*])C1,O=S(*)(C)=O|C1NCCC(C*)C1,O=C(NCC1CCNCC1)C1CC(c2ccccc2)NC1c1cccnc1,0.8497441,8.1535,1e-05,3.0,0.7161321,0.7161,0.1542814,3.6656,442.59,442.585,0.9653086,31.0,2.26,2.2613,91.4,91.4,5,5.0,2,2.0,0.1279931,6.0,0.1279931,4.0,0.5,2.0,1.0,1.0,[],471.0,7.022633437357651,6,6
O=C(NCC1CCO1)C1CC(c2ccccc2)N(CC2CCNC2)C1c1cccnc1,run14a_mol_97,run14a,97,16.4092,42.4126,58.3375,0.6716674,1.0,c1ccccc1C1N([*])C(c2cccnc2)C(C(=O)N[*])C1,C1NCCC1C*|C1(C*)OCC1,O=C(NCC1CCO1)C1CC(c2ccccc2)N(CC2CCNC2)C1c1cccnc1,0.8801584,8.0258,0.0,5.0,0.7210565,0.7211,0.0491331,3.9738,420.56,420.557,0.9653086,31.0,2.7,2.7005,66.49,66.49,5,5.0,2,2.0,0.0392398,7.0,0.0031523,5.0,0.5,2.0,1.0,1.0,[],245.0,9.423234526030674,7,6
CN1C(c2cccs2)CC(C(=O)NC(=O)OCC2CCNCC2)C1c1ccccc1,run14a_mol_98,run14a,98,12.6057,21.9218,78.7817,0.6713566,1.0,c1ccsc1C1N([*])C(c2ccccc2)C(C(=O)N[*])C1,*C|C1(COC(=O)*)CCNCC1,O=C(NC(=O)C1CC(c2cccs2)NC1c1ccccc1)OCC1CCNCC1,0.8706782,8.0683,1e-05,3.0,0.7608242,0.7608,0.1381787,3.6972,427.57,427.57,0.9556429,30.0,3.73,3.7346,70.67,70.67,6,6.0,2,2.0,0.3453354,5.0,0.1279931,4.0,0.5,2.0,1.0,1.0,[],2588.0,8.544762576841812,5,4
CC(=O)NC(=O)C1CC(c2cccnc2)N(C(=O)CC2CCCNCC2)C1c1ccncc1,run14a_mol_99,run14a,99,17.182,35.0464,65.4019,0.6696553,1.0,c1ccncc1C1N([*])C(c2ccncc2)C(C(=O)N[*])C1,C1CC(CC(=O)*)CCNC1|C(=O)(C)*,O=C(CC1CCCNCC1)N1C(c2ccncc2)CCC1c1cccnc1,0.8852946,8.0016,0.0,4.0,0.7270573,0.7271,0.0468155,3.9862,449.56,449.555,0.955643,33.0,2.55,2.55,104.29,104.29,6,6.0,2,2.0,0.3453354,5.0,0.1279931,4.0,0.5,2.0,1.0,1.0,[],2548.0,9.96322641954418,5,8
CN1C(c2cccnc2)CC(C(=O)NC(=O)OCC2CCCNCC2)C1c1ccccc1,run14a_mol_100,run14a,100,13.5787,28.0031,72.2146,0.6681181,1.0,c1ccncc1C1N([*])C(c2ccccc2)C(C(=O)N[*])C1,C*|C1C(COC(=O)*)CCCNC1,O=C(NC(=O)C1CC(c2cccnc2)NC1c1ccccc1)OCC1CCCNCC1,0.8697802,8.0722,0.0,4.0,0.7469527,0.747,0.0985668,3.7907,436.56,436.556,0.9653086,32.0,3.46,3.4582,83.56,83.56,6,6.0,2,2.0,0.3453354,5.0,0.1279931,4.0,0.5,2.0,1.0,1.0,[],2517.0,8.468373413222396,5,8
CCOC(=O)NC(=O)C1CC(c2ccccc2)N(CC2CCNCC2)C1c1ccncc1,run14a_mol_101,run14a,101,18.7368,21.9294,78.2084,0.667585,1.0,c1ccccc1C1N([*])C(c2ccncc2)C(C(=O)N[*])C1,C1C(C*)CCNC1|C(C)OC(*)=O,c1ccc(C2CCC(c3ccncc3)N2CC2CCNCC2)cc1,0.8805655,8.0239,1e-05,3.0,0.7216469,0.7216,0.1286603,3.7173,436.56,436.556,0.9653086,32.0,3.46,3.4582,83.56,83.56,6,6.0,2,2.0,0.1279931,6.0,0.1279931,4.0,0.5,2.0,1.0,1.0,[],203.0,9.464550656102046,6,6
CS(=O)(=O)NC(=O)C1CC(c2ccccc2)N(CC2CCNCC2)C1c1ccccn1,run14a_mol_102,run14a,102,11.45,16.1826,83.9468,0.6675296,1.0,c1ccccc1C1N([*])C(c2ncccc2)C(C(=O)N[*])C1,C1CNCCC1C*|CS(=O)(=O)*,c1ccc(C2CCC(c3ccccn3)N2CC2CCNCC2)cc1,0.884462,8.0056,1e-05,3.0,0.7131681,0.7132,0.1093352,3.7624,442.59,442.585,0.9653086,31.0,2.26,2.2613,91.4,91.4,6,6.0,2,2.0,0.1279931,6.0,0.1279931,4.0,0.5,2.0,1.0,1.0,[],471.0,9.871883010683977,6,7
O=C(NC(=O)N1CC1)C1CC(c2cccnc2)N(CC2CCNCC2)C1c1ccncc1,run14a_mol_103,run14a,103,14.4681,38.5606,61.4252,0.6665721,1.0,c1ccncc1C1N([*])C(c2ccncc2)C(C(=O)N[*])C1,C1CNCCC1C*|C1N(C(*)=O)C1,O=C(NC(=O)N1CC1)C1CC(c2cccnc2)N(CC2CCNCC2)C1c1ccncc1,0.8834776,8.0102,1e-05,3.0,0.7010653,0.7011,0.0724857,3.8727,434.54,434.544,0.9653086,32.0,2.13,2.1323,90.23,90.23,6,6.0,2,2.0,0.3453354,5.0,0.0031523,5.0,0.5,2.0,1.0,1.0,[],531.0,9.767872901926925,5,2
CC(=O)NC(=O)C1CC(c2cccnc2)N(CCC2CCNCC2)C1c1ccncc1,run14a_mol_104,run14a,104,18.1261,26.1215,73.6953,0.6654456,1.0,c1ccncc1C1N([*])C(c2ccncc2)C(C(=O)N[*])C1,C1CNCCC1CC*|C(*)(C)=O,c1cncc(C2CCC(c3ccncc3)N2CCC2CCNCC2)c1,0.8829707,8.0126,1e-05,3.0,0.7456834,0.7457,0.0700063,3.8819,421.55,421.545,0.9653086,31.0,2.63,2.6333,87.22,87.22,6,6.0,2,2.0,0.1279931,6.0,0.1279931,4.0,0.5,2.0,1.0,1.0,[],1696.0,9.714042517287655,6,4
O=C(NC(=O)N1CCCC1)C1CC(c2cccnc2)N(CC2CCNCC2)C1c1ccncc1,run14a_mol_105,run14a,105,15.1685,29.3415,70.3279,0.6644628,1.0,c1ccncc1C1N([*])C(c2ccncc2)C(C(=O)N[*])C1,C1C(C*)CCNC1|C1N(C(=O)*)CCC1,O=C(NC(=O)N1CCCC1)C1CC(c2cccnc2)N(CC2CCNCC2)C1c1ccncc1,0.8810258,8.0218,1e-05,3.0,0.7102009,0.7102,0.0703197,3.8807,462.6,462.598,0.9434421,34.0,2.91,2.9125,90.46,90.46,6,6.0,2,2.0,0.3453354,5.0,0.0031523,5.0,0.5,2.0,1.0,1.0,[],510.0,9.510426641573906,5,8
CC(=O)NC(=O)C1CC(c2cccnc2)N(C(=O)CCC2CCNCC2)C1c1ccncc1,run14a_mol_106,run14a,106,16.7999,28.0783,71.5166,0.6639662,1.0,c1ccncc1C1N([*])C(c2ccncc2)C(C(=O)N[*])C1,C1CNCCC1CCC(=O)*|CC(=O)*,O=C(CCC1CCNCC1)N1C(c2ccncc2)CCC1c1cccnc1,0.8837629,8.0089,1e-05,3.0,0.7024256,0.7024,0.0797682,3.8474,449.56,449.555,0.955643,33.0,2.55,2.55,104.29,104.29,6,6.0,2,2.0,0.1279931,6.0,0.1279931,4.0,0.5,2.0,1.0,1.0,[],2239.0,9.79715547280385,6,6
CN1C(c2cccnc2)CC(C(=O)NC(=O)OCC2CCCNCC2)C1c1ccncc1,run14a_mol_107,run14a,107,12.6613,30.3585,69.0508,0.6627288,1.0,c1ccncc1C1N([*])C(c2ccncc2)C(C(=O)N[*])C1,*C|C1C(COC(*)=O)CCCNC1,O=C(NC(=O)C1CC(c2cccnc2)NC1c1ccncc1)OCC1CCCNCC1,0.8758497,8.0455,0.0,4.0,0.7424276,0.7424,0.0547608,3.9459,437.54,437.544,0.9653086,32.0,2.85,2.8532,96.45,96.45,7,7.0,2,2.0,0.3453354,5.0,0.1279931,4.0,0.5,2.0,1.0,1.0,[],2533.0,9.00533762750647,5,7
O=C(NCC1CCNCC1)C1CC(c2ccccc2)N(CC2CCO2)C1c1ccccn1,run14a_mol_108,run14a,108,20.2844,32.0293,67.2314,0.661738,1.0,c1ccccc1C1N([*])C(c2ncccc2)C(C(=O)N[*])C1,O1CCC1C*|C1C(C*)CCNC1,O=C(NCC1CCNCC1)C1CC(c2ccccc2)N(CC2CCO2)C1c1ccccn1,0.855049,8.1329,0.0,4.0,0.701117,0.7011,0.0758069,3.8609,434.58,434.584,0.9653086,32.0,3.09,3.0906,66.49,66.49,5,5.0,2,2.0,0.0392398,7.0,0.0031523,5.0,0.5,2.0,1.0,1.0,[],1078.0,7.363766349615151,7,8
O=C(NCC1CCNCC1)C1CC(c2cccnc2)N(C2CCCC2)C1c1ccncc1,run14a_mol_109,run14a,109,16.0275,21.2064,78.0292,0.6615703,1.0,c1ccncc1C1N([*])C(c2ccncc2)C(C(=O)N[*])C1,C1CC(*)CC1|C1NCCC(C*)C1,O=C(NCC1CCNCC1)C1CC(c2cccnc2)N(C2CCCC2)C1c1ccncc1,0.8405854,8.1877,1e-05,3.0,0.7279123,0.7279,0.1097423,3.7614,433.6,433.6,0.9653086,32.0,3.64,3.6393,70.15,70.15,5,5.0,2,2.0,0.1279931,6.0,0.0031523,5.0,0.5,2.0,1.0,1.0,[],225.0,6.490826491318416,6,7
CN1CC(N2C(c3cccnc3)CC(C(=O)NCC3CCNCC3)C2c2ccncc2)C1,run14a_mol_110,run14a,110,15.5596,33.1165,63.345,0.643077,1.0,c1ccncc1C1N([*])C(c2ccncc2)C(C(=O)N[*])C1,C1N(C)CC1*|C1NCCC(C*)C1,O=C(NCC1CCNCC1)C1CC(c2cccnc2)N(C2CNC2)C1c1ccncc1,0.8426168,8.1802,1e-05,3.0,0.7247292,0.7247,0.0687464,3.8866,434.59,434.588,0.9653086,32.0,2.01,2.0107,73.39,73.39,6,6.0,2,2.0,0.1279931,6.0,0.0031523,5.0,0.5,2.0,1.0,1.0,[],239.0,6.603892574785466,6,7
CS(=O)(=O)NC(=O)C1CC(c2cccnc2)N(CC2CCNCC2)C1c1ccccc1,run14a_mol_111,run14a,111,15.3026,12.6262,-12.6262,0.0,1.0,c1ccncc1C1N([*])C(c2ccccc2)C(C(=O)N[*])C1,C1(C*)CCNCC1|S(*)(=O)(=O)C,c1ccc(C2CCC(c3cccnc3)N2CC2CCNCC2)cc1,0.8800806,8.0262,1e-05,3.0,0.7131681,0.7132,0.1197337,3.7373,442.59,442.585,0.9653086,31.0,2.26,2.2613,91.4,91.4,6,6.0,2,2.0,0.1279931,6.0,0.1279931,4.0,0.5,2.0,1.0,1.0,[],1236.0,9.414559401947264,6,7
CC(=O)NC(=O)C1CC(c2cccs2)N(CC2CCNCC2)C1c1ccccc1,run14a_mol_112,run14a,112,22.3467,22.0352,-22.0352,0.0,1.0,c1ccsc1C1N([*])C(c2ccccc2)C(C(=O)N[*])C1,C(*)C1CCNCC1|O=C(*)C,c1ccc(C2CCC(c3cccs3)N2CC2CCNCC2)cc1,0.8777046,8.0371,1e-05,3.0,0.7904007,0.7904,0.1202306,3.7362,411.57,411.571,0.9434421,29.0,3.51,3.5147,61.44,61.44,5,5.0,2,2.0,0.3453354,5.0,0.1279931,4.0,0.5,2.0,1.0,1.0,[],2229.0,9.181211669315331,5,5
