
[{
 "name": "fold_2025_10_15_11_58_template_hit_0_chains_a.cif",
 "queryIndices": [
  27,
  7,
  28,
  0,
  54,
  42,
  49,
  45,
  93,
  65,
  90,
  70,
  1,
  29,
  6,
  26,
  44,
  48,
  43,
  55,
  71,
  91,
  64,
  92,
  47,
  51,
  40,
  52,
  2,
  30,
  5,
  25,
  68,
  88,
  67,
  95,
  53,
  41,
  50,
  46,
  24,
  4,
  31,
  3,
  94,
  66,
  89,
  69,
  80,
  76,
  87,
  75,
  97,
  22,
  10,
  17,
  13,
  59,
  39,
  60,
  32,
  74,
  86,
  77,
  81,
  96,
  12,
  16,
  11,
  23,
  33,
  61,
  38,
  58,
  99,
  73,
  85,
  78,
  82,
  34,
  62,
  37,
  57,
  15,
  19,
  8,
  20,
  98,
  83,
  79,
  84,
  72,
  56,
  36,
  63,
  35,
  21,
  9,
  18,
  14
 ],
 "templateIndices": [
  27,
  7,
  28,
  0,
  54,
  42,
  49,
  45,
  93,
  65,
  90,
  70,
  1,
  29,
  6,
  26,
  44,
  48,
  43,
  55,
  71,
  91,
  64,
  92,
  47,
  51,
  40,
  52,
  2,
  30,
  5,
  25,
  68,
  88,
  67,
  95,
  53,
  41,
  50,
  46,
  24,
  4,
  31,
  3,
  94,
  66,
  89,
  69,
  80,
  76,
  87,
  75,
  97,
  22,
  10,
  17,
  13,
  59,
  39,
  60,
  32,
  74,
  86,
  77,
  81,
  96,
  12,
  16,
  11,
  23,
  33,
  61,
  38,
  58,
  99,
  73,
  85,
  78,
  82,
  34,
  62,
  37,
  57,
  15,
  19,
  8,
  20,
  98,
  83,
  79,
  84,
  72,
  56,
  36,
  63,
  35,
  21,
  9,
  18,
  14
 ]
}
,{
 "name": "fold_2025_10_15_11_58_template_hit_1_chains_a.cif",
 "queryIndices": [
  159,
  125,
  131,
  152,
  122,
  132,
  178,
  174,
  181,
  169,
  146,
  142,
  149,
  119,
  137,
  163,
  184,
  164,
  133,
  123,
  153,
  130,
  124,
  158,
  168,
  180,
  175,
  179,
  136,
  118,
  148,
  143,
  147,
  165,
  162,
  171,
  183,
  172,
  176,
  134,
  154,
  120,
  129,
  157,
  127,
  166,
  161,
  139,
  151,
  117,
  140,
  144,
  114,
  177,
  173,
  182,
  170,
  126,
  156,
  128,
  121,
  155,
  135,
  160,
  167,
  115,
  145,
  141,
  116,
  150,
  138
 ],
 "templateIndices": [
  45,
  11,
  17,
  38,
  8,
  18,
  64,
  60,
  67,
  55,
  32,
  28,
  35,
  5,
  23,
  49,
  70,
  50,
  19,
  9,
  39,
  16,
  10,
  44,
  54,
  66,
  61,
  65,
  22,
  4,
  34,
  29,
  33,
  51,
  48,
  57,
  69,
  58,
  62,
  20,
  40,
  6,
  15,
  43,
  13,
  52,
  47,
  25,
  37,
  3,
  26,
  30,
  0,
  63,
  59,
  68,
  56,
  12,
  42,
  14,
  7,
  41,
  21,
  46,
  53,
  1,
  31,
  27,
  2,
  36,
  24
 ]
}
,{
 "name": "fold_2025_10_15_11_58_template_hit_2_chains_a.cif",
 "queryIndices": [
  159,
  125,
  131,
  152,
  122,
  132,
  178,
  174,
  181,
  169,
  146,
  142,
  149,
  119,
  137,
  163,
  184,
  164,
  133,
  123,
  153,
  130,
  124,
  158,
  168,
  180,
  175,
  179,
  136,
  118,
  148,
  143,
  147,
  165,
  162,
  171,
  183,
  172,
  176,
  134,
  154,
  120,
  129,
  157,
  127,
  166,
  161,
  139,
  151,
  117,
  140,
  144,
  114,
  177,
  173,
  182,
  170,
  126,
  156,
  128,
  121,
  155,
  135,
  160,
  167,
  115,
  145,
  141,
  116,
  150,
  138
 ],
 "templateIndices": [
  45,
  11,
  17,
  38,
  8,
  18,
  64,
  60,
  67,
  55,
  32,
  28,
  35,
  5,
  23,
  49,
  70,
  50,
  19,
  9,
  39,
  16,
  10,
  44,
  54,
  66,
  61,
  65,
  22,
  4,
  34,
  29,
  33,
  51,
  48,
  57,
  69,
  58,
  62,
  20,
  40,
  6,
  15,
  43,
  13,
  52,
  47,
  25,
  37,
  3,
  26,
  30,
  0,
  63,
  59,
  68,
  56,
  12,
  42,
  14,
  7,
  41,
  21,
  46,
  53,
  1,
  31,
  27,
  2,
  36,
  24
 ]
}
,{
 "name": "fold_2025_10_15_11_58_template_hit_3_chains_a.cif",
 "queryIndices": [
  159,
  125,
  131,
  152,
  122,
  132,
  178,
  174,
  181,
  169,
  146,
  142,
  149,
  119,
  137,
  163,
  184,
  164,
  133,
  123,
  153,
  130,
  124,
  158,
  168,
  180,
  175,
  179,
  136,
  118,
  148,
  143,
  147,
  165,
  162,
  171,
  183,
  172,
  176,
  134,
  154,
  120,
  129,
  157,
  127,
  166,
  161,
  139,
  151,
  117,
  140,
  144,
  114,
  177,
  173,
  182,
  170,
  126,
  156,
  128,
  121,
  155,
  135,
  160,
  167,
  115,
  145,
  141,
  116,
  150,
  138
 ],
 "templateIndices": [
  45,
  11,
  17,
  38,
  8,
  18,
  64,
  60,
  67,
  55,
  32,
  28,
  35,
  5,
  23,
  49,
  70,
  50,
  19,
  9,
  39,
  16,
  10,
  44,
  54,
  66,
  61,
  65,
  22,
  4,
  34,
  29,
  33,
  51,
  48,
  57,
  69,
  58,
  62,
  20,
  40,
  6,
  15,
  43,
  13,
  52,
  47,
  25,
  37,
  3,
  26,
  30,
  0,
  63,
  59,
  68,
  56,
  12,
  42,
  14,
  7,
  41,
  21,
  46,
  53,
  1,
  31,
  27,
  2,
  36,
  24
 ]
}
]
