Index,SMILES,Score,QED,MW,LogP,TPSA,HBA,HBD,RotBonds,ArRings,HeavyAtoms,RO5_Violations
429213,CC(=O)NC(=O)C1CC(c2ccccc2)N(C(C)=O)C1c1ccccc1,0.0,0.9252916828585556,350.41800000000006,3.000100000000001,66.48,3,1,3,2,26,0
19117,CC(=O)NC(=O)C1CC(c2ccccc2)N(C(C)=O)C1c1ccccc1,0.0,0.9252916828585556,350.41800000000006,3.000100000000001,66.48,3,1,3,2,26,0
518595,CNC(=O)C1CC(c2ccco2)N(C2=NC=NCC2)C1c1ccccc1,0.7423234,0.9250923123773528,350.4220000000001,2.9604000000000017,70.2,5,1,3,2,26,0
517319,CNC(=O)C1CC(c2ccccc2)N(C2=NOCC2)C1c1cccnc1,0.7439745,0.924137312032779,350.4220000000001,2.665700000000001,66.82000000000001,5,1,3,2,26,0
76612,CNC(=O)C1CC(c2ccccc2)N(C(=O)N(C)C)C1c1ccccn1,0.0,0.9233865500821116,352.43800000000005,2.613500000000001,65.54,3,1,3,2,26,0
492762,CN1C(c2ccccc2)CC(C(=O)NC2=NN=CCC2)C1c1ccco1,0.7420043,0.9231345762015996,350.4220000000001,3.3080000000000016,70.2,5,1,3,2,26,0
762580,CN1C(c2ccccc2)CC(C(=O)NC2=NN=CCC2)C1c1ccco1,0.0,0.9231345762015996,350.4220000000001,3.3080000000000016,70.2,5,1,3,2,26,0
523993,CN1C(c2ccccc2)CC(C(=O)NC2=NC(=O)CC2)C1c1ccco1,0.7642584,0.9226071210067924,351.40600000000006,2.8488000000000007,74.91,4,1,3,2,26,0
547036,CNC(=O)C1CC(c2ccccc2)N(C2=NC(=O)CC2)C1c1ccco1,0.7630272,0.9226071210067924,351.4060000000001,2.8488000000000016,74.91,4,1,3,2,26,0
470971,CN1C(c2ccco2)CC(C(=O)NC2=NC(=O)CC2)C1c1ccccc1,0.7613579,0.9226071210067924,351.40600000000006,2.8488000000000016,74.91,4,1,3,2,26,0
134376,CNC(=O)C1CC(c2ccccc2)N(C(=O)N2CCC2)C1c1ccco1,0.7794054,0.9225330887559786,353.42200000000014,2.9556000000000013,65.79,3,1,3,2,26,0
523711,CNC(=O)C1CC(c2ccco2)N(C(=O)N2CC=N2)C1c1ccccc1,0.761911,0.9220086222057085,352.394,2.551300000000001,78.15,4,1,3,2,26,0
898261,CNC(=O)C1CC(c2ccccc2)N(C2=NC(=O)N=C2)C1c1ccco1,0.7615895,0.921900082377333,350.37800000000004,2.732800000000001,87.27,4,1,3,2,26,0
324540,CN1C(c2ccco2)CC(C(=O)NC(=O)N2CCC2)C1c1ccccc1,0.7733509,0.9212966768029784,353.422,2.9556000000000013,65.79,4,1,3,2,26,0
347868,CN1C(c2ccccc2)CC(C(=O)NC(=O)N2CCC2)C1c1ccco1,0.0,0.9212966768029782,353.4220000000001,2.9556000000000013,65.79,4,1,3,2,26,0
331997,CN1C(c2ccccc2)CC(C(=O)NC(=O)N2CCC2)C1c1ccco1,0.7762296,0.9212966768029782,353.4220000000001,2.9556000000000013,65.79,4,1,3,2,26,0
776404,CN1C(c2ccccc2)CC(C(=O)NC(=O)N2CCC2)C1c1ccco1,0.0,0.9212966768029782,353.4220000000001,2.9556000000000013,65.79,4,1,3,2,26,0
833751,CN1C(c2ccccc2)CC(C(=O)NC(=O)N2CCC2)C1c1ccco1,0.0,0.9212966768029782,353.4220000000001,2.9556000000000013,65.79,4,1,3,2,26,0
987582,CN1C(c2ccco2)CC(C(=O)NC2=NCOCC2)C1c1ccccc1,0.7386483,0.921295953750266,353.422,2.906200000000001,67.07000000000001,5,1,3,2,26,0
523202,CNC(=O)C1CC(c2ccco2)N(C2=NCCOC2)C1c1ccccc1,0.7441894,0.920880346179785,353.422,2.558600000000001,67.07000000000001,5,1,3,2,26,0
846550,CN1C(c2ccccc2)CC(C(=O)NC(=O)N2CC=N2)C1c1ccco1,0.741845,0.9207729131616006,352.394,2.5513000000000003,78.15,5,1,3,2,26,0
515356,CNC(=O)C1CC(c2ccccc2)N(C2CC=NO2)C1c1ccncc1,0.7333686,0.9205493206022086,350.4220000000001,2.664100000000001,66.82000000000001,5,1,4,2,26,0
774421,CN1C(c2ccccc2)CC(C(=O)NC2CC=NO2)C1c1ccncc1,0.72925,0.9205493206022086,350.422,2.6641000000000004,66.82000000000001,5,1,4,2,26,0
1039078,CCC(=O)N1C(c2ccccc2)CC(C(=O)NC2=NC2)C1c1ccco1,0.7596585,0.9202619756374352,351.40600000000006,2.8488000000000016,74.91,4,1,4,2,26,0
522473,CNC(=O)C1CC(c2ccccc2)N(C2=C=NOCC2)C1c1ccco1,0.7347051,0.919422645170828,351.4060000000001,3.018800000000001,67.07000000000001,5,1,4,2,26,0
492480,CNC(=O)C1CC(c2ccco2)N(C(=O)C2=CCC2)C1c1ccccc1,0.765313,0.9194208005323952,350.41800000000006,3.3767000000000023,62.55,3,1,4,2,26,0
5889,CC(=O)NC(=O)C1CC(c2ccccc2)N(C(C)=O)C1c1cccs1,0.0,0.9190489228577292,356.44700000000006,3.061600000000002,66.48,4,1,3,2,25,0
1896,CC(=O)NC(=O)C1CC(c2ccccc2)N(C(C)=O)C1c1cccs1,0.0,0.9190489228577292,356.44700000000006,3.061600000000002,66.48,4,1,3,2,25,0
12646,CC(=O)NC(=O)C1CC(c2ccccc2)N(C(C)=O)C1c1cccs1,0.0,0.9190489228577292,356.44700000000006,3.061600000000002,66.48,4,1,3,2,25,0
938244,CC(=O)NC(=O)C1CC(c2ccccc2)N(C(C)=O)C1c1cccs1,0.0,0.9190489228577292,356.44700000000006,3.061600000000002,66.48,4,1,3,2,25,0
840939,CC(=O)NC(=O)C1CC(c2ccccc2)N(C2CC=N2)C1c1ccco1,0.7354806,0.9190294670529716,351.40600000000006,2.8472000000000017,74.91,5,1,4,2,26,0
475069,CN1C(c2ccco2)CC(C(=O)NC2C=NOCC2)C1c1ccccc1,0.7293365,0.9177248449693848,353.4220000000001,2.904600000000001,67.07000000000001,5,1,4,2,26,0
1035995,CN1C(c2ccccc2)CC(C(=O)NC2CCN=CO2)C1c1ccco1,0.7311929,0.9177248449693848,353.422,2.904600000000001,67.07000000000001,5,1,4,2,26,0
1044693,CC(=O)N1C(c2ccccc2)CC(C(=O)NC2CN=N2)C1c1ccco1,0.735135,0.9176668811420384,352.39400000000006,2.8385000000000007,87.27,5,1,4,2,26,0
854969,CN1C(c2ccco2)CC(C(=O)NC2C=NCOC2)C1c1ccccc1,0.7291855,0.9173025429579996,353.4220000000001,2.5570000000000004,67.07000000000001,5,1,4,2,26,0
1039807,CN1C(c2ccco2)CC(C(=O)NC2COCC=N2)C1c1ccccc1,0.7321939,0.9173025429579996,353.422,2.5570000000000004,67.07000000000001,5,1,4,2,26,0
643294,CNC(=O)C1CC(c2ccccc2)N(C2COCC=N2)C1c1ccco1,0.7350581,0.9173025429579996,353.422,2.5570000000000004,67.07000000000001,5,1,4,2,26,0
889566,CN1C(c2ccccc2)CC(C(=O)NC2CN=COC2)C1c1ccco1,0.7325911,0.9173025429579996,353.4220000000001,2.5570000000000004,67.07000000000001,5,1,4,2,26,0
802007,CN1C(c2ccccc2)CC(C(=O)NC2C=NCOC2)C1c1ccco1,0.7315525,0.9173025429579996,353.4220000000001,2.5570000000000004,67.07000000000001,5,1,4,2,26,0
496110,CNC(=O)C1CC(c2cccs2)N(C(=O)C2N=N2)C1c1ccccc1,0.7339057,0.9166194177461374,354.43500000000006,2.916900000000002,74.13,5,1,4,2,25,0
760778,CC(=O)NC(=O)C1CC(c2ccco2)N(C2CN=N2)C1c1ccccc1,0.715952,0.9164369910551184,352.39400000000006,2.8385000000000016,87.27,6,1,4,2,26,0
220092,CC(=O)N1C(c2ccco2)CC(C(=O)NC2CCO2)C1c1ccccc1,0.7546678,0.916398375348544,354.406,2.793000000000001,71.78,4,1,4,2,26,0
469664,CN1C(c2ccccc2)CC(C(=O)NC2=NC(=O)C=C2)C1c1ccccc1,0.7668499,0.916265248015122,359.42900000000003,3.0318000000000014,61.77,3,1,3,2,27,0
489629,CN1C(c2ccccc2)CC(C(=O)NC2=NC(=O)C=C2)C1c1ccccc1,0.0,0.916265248015122,359.42900000000003,3.0318000000000014,61.77,3,1,3,2,27,0
695221,CN1C(c2ccco2)CC(C(=O)NC2CCC=NO2)C1c1ccccc1,0.7291386,0.9161543456773126,353.422,3.252200000000002,67.07000000000001,5,1,4,2,26,0
729526,CCNC(=O)C1CC(c2ccco2)N(C2=NOCC2)C1c1ccccc1,0.7319513,0.916141632840635,353.4220000000001,3.253800000000002,67.07000000000001,5,1,4,2,26,0
762581,CN1C(c2ccccc2)CC(C(=O)NC2OC=CC2=O)C1c1ccco1,0.7335423,0.915627101656963,352.3900000000001,2.569000000000001,71.78,5,1,4,2,26,0
1010618,CN1C(c2ccco2)CC(C(=O)NC2OC=CC2=O)C1c1ccccc1,0.7314931,0.915627101656963,352.39000000000004,2.569000000000001,71.78,5,1,4,2,26,0
857973,CCOC(=O)NC(=O)C1CC(c2cccnc2)N(C)C1c1ccccc1,0.0,0.9144659659973956,353.4220000000001,3.088400000000002,71.52999999999999,5,1,4,2,26,0
500509,CCOC(=O)NC(=O)C1CC(c2ccccc2)N(C)C1c1ccncc1,0.0,0.9144659659973956,353.4220000000001,3.088400000000002,71.53,5,1,4,2,26,0
470809,CCOC(=O)NC(=O)C1CC(c2ccccc2)N(C)C1c1ccncc1,0.0,0.9144659659973956,353.4220000000001,3.088400000000002,71.53,5,1,4,2,26,0
1011867,CN1C(c2ccccc2)CC(C(=O)NC2=NCC(=O)C2)C1c1ccccc1,0.7645881,0.9143434737545332,361.4450000000001,2.908200000000001,61.77,4,1,3,2,27,0
521946,CN1C(c2ccccc2)CC(C(=O)NC2CCN=NO2)C1c1ccco1,0.7144667,0.9139880371374006,354.41,3.243500000000002,79.43,6,1,4,2,26,0
854807,CN1C(c2ccccc2)CC(C(=O)NC2=NCN=CC2)C1c1ccncc1,0.7391278,0.9138203354898538,361.44900000000007,2.7624000000000013,69.95,5,1,3,2,27,0
986327,CN1C(c2ccccc2)CC(C(=O)NC(=O)OC2C=N2)C1c1ccco1,0.7149224,0.9134794806155564,353.37800000000004,2.6770000000000005,84.14,6,1,4,2,26,0
677237,C=C1N=C1N1C(c2cccnc2)CC(C(=O)NC(C)=O)C1c1ccccc1,0.7485406,0.91329552260657,360.417,2.774400000000001,74.66,5,1,3,2,27,0
511287,CNC(=O)C1CC(c2ccccc2)N(C2=NN=C(C)C2)C1c1ccccn1,0.7438575,0.91312413897799,361.44900000000007,3.110000000000002,69.95,5,1,3,2,27,0
473407,CC1=NN=C(NC(=O)C2CC(c3ccccc3)N(C)C2c2ccccn2)C1,0.7440829,0.91312413897799,361.44900000000007,3.110000000000002,69.95,5,1,3,2,27,0
1011872,CN1C(=O)N=C1NC(=O)C1CC(c2ccccc2)N(C)C1c1ccccc1,0.7715003,0.9129432561143976,362.4330000000001,2.9583000000000013,65.01,3,1,3,2,27,0
491325,CNC(=O)C1CC(c2ccccc2)N(C(=O)C2=CC=C2)C1c1ccccn1,0.7640675,0.9129077802527564,359.42900000000003,2.9547000000000017,62.3,3,1,4,2,27,0
755416,CN1C(c2ccccc2)CC(C(=O)NC2CSC2=O)C1c1ccco1,0.7324413,0.9126646303915807,356.44700000000006,2.7719000000000014,62.55,5,1,4,2,25,0
715989,CN1C(c2ccccc2)CC(C(=O)NC2CCOCO2)C1c1ccco1,0.7347455,0.912612928837926,356.4220000000001,2.8504000000000014,63.94000000000001,5,1,4,2,26,0
1099129,CC(=O)N1C(c2cccnc2)CC(C(=O)NC2=NCC2)C1c1ccccc1,0.7699238,0.912075720962742,362.4330000000001,2.650800000000001,74.66,4,1,3,2,27,0
1076130,CN1C(c2cccnc2)CC(C(=O)NC2=NC3CC2C3)C1c1ccncc1,0.7310294,0.9119259214329832,361.44900000000007,2.5176000000000007,70.48,5,1,3,2,27,0
1011652,CNC(=O)C1CC(c2ccco2)N(C2COCCO2)C1c1ccccc1,0.7352611,0.911915912873253,356.422,2.5028000000000006,63.94000000000001,5,1,4,2,26,0
527803,CN1C(c2ccco2)CC(C(=O)NC2CCCN=N2)C1c1ccccc1,0.7286641,0.9118985629167664,352.438,3.7020000000000026,70.2,5,1,4,2,26,0
892213,CN1C(c2ccccc2)CC(C(=O)NC(=O)N2C=CC2)C1c1ccccn1,0.7651827,0.9118133036315246,362.4330000000001,2.881200000000001,65.54,4,1,3,2,27,0
1134901,CN1C(c2ccccc2)CC(C(=O)NC2=NOCC=C2)C1c1ccccn1,0.742453,0.9117552756053496,362.433,2.831800000000001,66.82000000000001,5,1,3,2,27,0
481662,CN1C(c2cccnc2)CC(C(=O)NC2=NOCC=C2)C1c1ccccc1,0.7383317,0.9117552756053496,362.433,2.831800000000001,66.82000000000001,5,1,3,2,27,0
483200,CN1C(c2cccnc2)CC(C(=O)NC2=CC(=O)C=C2)C1c1ccccc1,0.7598801,0.9116842684836408,359.42900000000003,2.9547000000000017,62.3,4,1,4,2,27,0
364447,CSC(=O)NC(=O)C1CC(c2cccnc2)N(C)C1c1ccncc1,0.0,0.9113951217635744,356.4510000000001,2.8099000000000007,75.19,6,1,3,2,25,0
1129747,CN1C(c2ccccc2)CC(C(=O)NC2=NC(=O)CC2)C1c1ccncc1,0.0,0.9108533243493472,362.4330000000001,2.6508000000000003,74.66,4,1,3,2,27,0
957208,CN1C(c2ccccc2)CC(C(=O)NC2=NC(=O)CC2)C1c1ccncc1,0.761405,0.9108533243493472,362.4330000000001,2.6508000000000003,74.66,4,1,3,2,27,0
1065107,CN1C(c2ccccc2)CC(C(=O)NC2CC(=O)C=N2)C1c1ccccc1,0.7496516,0.910799365499965,361.445,2.906600000000001,61.77,4,1,4,2,27,0
123688,CNC(=O)C1CC(c2ccccc2)N(C(=O)N2CCC2)C1c1ccncc1,0.7828351,0.9107294301260016,364.4490000000001,2.757600000000001,65.54,3,1,3,2,27,0
382172,CN1C(c2ccccc2)CC(C(=O)NC(=O)OC2CC2)C1c1ccco1,0.0,0.910686001729731,354.4060000000001,3.4289000000000014,71.78,5,1,4,2,26,0
368349,CN1C(c2ccccc2)CC(C(=O)NC(=O)OC2CC2)C1c1ccco1,0.7450651,0.910686001729731,354.4060000000001,3.4289000000000014,71.78,5,1,4,2,26,0
850228,CNC(=O)C1CC(c2ccccc2)N(C2=NOC=CC2)C1c1ccccn1,0.0,0.9106503805709552,362.4330000000001,3.179400000000002,66.82000000000001,5,1,3,2,27,0
522557,CNC(=O)C1CC(c2ccccc2)N(C2=NOC=CC2)C1c1ccccn1,0.7413849,0.9106503805709552,362.4330000000001,3.179400000000002,66.82000000000001,5,1,3,2,27,0
678677,CN1CCC(NC(=O)C2CC(c3ccccc3)N(C)C2c2ccncc2)=N1,0.0,0.9105407010649252,363.465,2.5809000000000006,60.830000000000005,5,1,3,2,27,0
619798,CN1CCC(NC(=O)C2CC(c3ccccc3)N(C)C2c2ccncc2)=N1,0.7411075,0.9105407010649252,363.465,2.5809000000000006,60.830000000000005,5,1,3,2,27,0
516279,CN1C(c2ccccc2)CC(C(=O)NC2C=NN=CC2)C1c1cccnc1,0.728887,0.9102746583301162,361.44900000000007,2.7608000000000006,69.95,5,1,4,2,27,0
858812,CN1C(c2ccccc2)CC(C(=O)NC2=NC(=O)N=C2)C1c1cccnc1,0.7507625,0.9100216473476516,361.405,2.5348000000000006,87.02,4,1,3,2,27,0
491324,CNC(=O)C1CC(c2ccccc2)N(C(=O)C2=CCC2)C1c1ccccn1,0.7665581,0.9097373354331671,361.4450000000001,3.178700000000002,62.3,3,1,4,2,27,0
518311,CNC(=O)C1CC(c2ccccc2)N(C2=NC(=O)OC2)C1c1ccccc1,0.7665686,0.9096918113851994,363.4170000000001,3.085600000000002,71.0,4,1,3,2,27,0
541347,CNC(=O)C1CC(c2ccccc2)N(C2=NC(=O)OC2)C1c1ccccc1,0.0,0.9096918113851994,363.4170000000001,3.085600000000002,71.0,4,1,3,2,27,0
1062035,CN1C(c2ccccc2)CC(C(=O)NC2=NC(=O)OC2)C1c1ccccc1,0.7628095,0.9096918113851994,363.4170000000001,3.085600000000001,71.0,4,1,3,2,27,0
815547,CN1CC=CN=C1NC(=O)C1CC(c2ccco2)N(C)C1c1ccccc1,0.7410716,0.9096545265926812,364.44900000000007,2.945000000000001,61.080000000000005,5,1,3,2,27,0
493886,CN1C(c2ccccc2)CC(C(=O)NC2C=CC(=O)C2)C1c1ccccn1,0.7544056,0.9096165520809923,361.4450000000001,2.829500000000001,62.3,4,1,4,2,27,0
1013432,CN1C(c2ccccc2)CC(C(=O)NC2C=CC(=O)C2)C1c1cccnc1,0.751147,0.9096165520809923,361.4450000000001,2.829500000000001,62.3,4,1,4,2,27,0
567578,CNC(=O)C1CC(c2ccccc2)N(C2CC=CC2=O)C1c1ccncc1,0.7545898,0.9096165520809923,361.4450000000001,2.829500000000001,62.3,4,1,4,2,27,0
501957,CCNC(=O)C1CC(c2ccccc2)N(C2=NN=CC2)C1c1cccnc1,0.7281245,0.9095824070971168,361.4490000000001,3.110000000000002,69.95,5,1,4,2,27,0
889580,CNC(=O)C1CC(c2ccccc2)N(C2=NC=CC(=O)C2)C1c1ccco1,0.7436781,0.9095789217309328,363.41700000000014,3.0149000000000017,74.91,5,1,3,2,27,0
492994,CC(=O)NC(=O)C1CC(c2ccco2)N(C2=NCC=C2)C1c1ccccc1,0.7443099,0.9095789217309328,363.417,3.0149000000000017,74.91,5,1,3,2,27,0
299293,CN1C(c2ccccc2)CC(C(=O)NC(=O)N2CCC2)C1c1ccncc1,0.0,0.9095088378599016,364.44900000000007,2.757600000000001,65.54,4,1,3,2,27,0
464159,CN1C(c2ccccc2)CC(C(=O)NC(=O)N2CCC2)C1c1ccncc1,0.0,0.9095088378599016,364.44900000000007,2.757600000000001,65.54,4,1,3,2,27,0
172314,CN1C(c2ccccc2)CC(C(=O)NC(=O)N2CCC2)C1c1ccncc1,0.7749558,0.9095088378599016,364.44900000000007,2.757600000000001,65.54,4,1,3,2,27,0
901818,CN1C(c2ccccc2)CC(C(=O)NC(=O)N2CCC2)C1c1cccnc1,0.7752546,0.9095088378599016,364.44900000000007,2.757600000000001,65.54,4,1,3,2,27,0
358182,CN1C(c2ccccc2)CC(C(=O)NC(=O)N2CCC2)C1c1ccncc1,0.0,0.9095088378599016,364.44900000000007,2.757600000000001,65.54,4,1,3,2,27,0
938298,CN1C(c2ccccc2)CC(C(=O)NC2=NCCCO2)C1c1ccccn1,0.7474915,0.9093588345572178,364.449,2.7082000000000006,66.82000000000001,5,1,3,2,27,0
513733,CNC(=O)C1CC(c2ccccc2)N(C2=NCOCC2)C1c1cccnc1,0.7405444,0.9093588345572176,364.4490000000001,2.7082000000000006,66.82000000000001,5,1,3,2,27,0
520566,CN1C(c2cccnc2)CC(C(=O)NC2=NCOCC2)C1c1ccccc1,0.7372959,0.9093588345572176,364.44900000000007,2.7082000000000006,66.82000000000001,5,1,3,2,27,0
494926,CNC(=O)C1CC(c2ccccc2)N(C2=NCOCC2)C1c1ccccn1,0.7418926,0.9093588345572176,364.4490000000001,2.7082000000000006,66.82000000000001,5,1,3,2,27,0
984885,CN1C(c2ccccc2)CC(C(=O)NC2=NCOCC2)C1c1ccccn1,0.7417143,0.9093588345572176,364.44900000000007,2.7082000000000006,66.82000000000001,5,1,3,2,27,0
528673,CNC(=O)C1CC(c2ccccc2)N(C2=NOCCC2)C1c1ccncc1,0.7448607,0.9089719718344867,364.4490000000001,3.0558000000000014,66.82000000000001,5,1,3,2,27,0
979876,CCN1C(c2cccnc2)CC(C(=O)NC2=NCC=C2)C1c1ccncc1,0.7312096,0.9089066064817304,361.449,2.6853000000000007,70.48,5,1,4,2,27,0
896919,CN1C(c2cccnc2)CC(C(=O)NC2CC=CC=N2)C1c1ccncc1,0.7263165,0.9089035598786922,361.449,2.683700000000001,70.48,5,1,4,2,27,0
853922,CNC(=O)C1CC(c2cccnc2)N(C2C=CN=CC2)C1c1ccncc1,0.7320704,0.908903559878692,361.4490000000001,2.683700000000001,70.48,5,1,4,2,27,0
109673,CC(=O)NC(=O)C1CC(c2ccccc2)N(C(C)=O)C1c1ccc(C)cc1,0.0,0.90859060345052,364.4450000000001,3.3085200000000023,66.48,3,1,3,2,27,0
90200,CC(=O)NC(=O)C1CC(c2ccccc2)N(C(C)=O)C1c1ccc(C)cc1,0.0,0.90859060345052,364.4450000000001,3.3085200000000023,66.48,3,1,3,2,27,0
1130156,CC(=O)N1C(c2ccccc2)CC(C(=O)NC2CC=N2)C1c1ccccc1,0.75968,0.908570079471932,361.4450000000001,3.2542000000000018,61.77,3,1,4,2,27,0
479387,CN1C(c2ccccc2)CC(C(=O)NC(=O)N2CCO2)C1c1ccccc1,0.766468,0.9085356650113044,365.4330000000001,2.904100000000001,61.88000000000001,4,1,3,2,27,0
956093,CN1C(c2ccccc2)CC(C(=O)NC2C=NC=CO2)C1c1cccnc1,0.7315087,0.9082192837029676,362.4330000000001,2.8302000000000014,66.82000000000001,5,1,4,2,27,0
1097431,CN1C(c2ccccc2)CC(C(=O)NC(=O)N2CC3CC32)C1c1ccco1,0.7525892,0.9082099148087476,365.4330000000001,2.954000000000001,65.79,4,1,3,2,27,0
496577,CNC(=O)C1CC(c2ccco2)N(C2=NOC=CN=C2)C1c1ccccc1,0.7274173,0.9079126201797888,364.405,3.015600000000002,79.43,6,1,3,2,27,0
338020,Cc1ccc(C2C(C(=O)NC3=NC(=O)O3)CC(c3ccccc3)N2C)cc1,0.7681455,0.9077749528660538,363.417,3.3515200000000016,71.0,4,1,3,2,27,0
773342,CNC(=O)C1CC(c2ccccc2)N(C2=NCOCC=C2)C1c1ccco1,0.7417004,0.9077350776986514,365.4330000000001,3.072300000000002,67.07000000000001,5,1,3,2,27,0
1090276,CN1C(c2ccccc2)CC(C(=O)NC(=O)N2C3CC2C3)C1c1ccco1,0.7567007,0.907718096112515,365.4330000000001,3.0965000000000016,65.79,4,1,3,2,27,0
878295,CNC(=O)C1CC(c2ccccc2)N(C2=NCC(=O)CC2)C1c1ccco1,0.7443593,0.9075120512979268,365.43300000000016,2.891300000000002,74.91,5,1,3,2,27,0
938728,CNC(=O)C1CC(c2ccccc2)N(C(=O)C2C=CC=N2)C1c1ccco1,0.7552362,0.9074258411453152,363.4170000000001,2.665700000000001,74.91,4,1,4,2,27,0
468710,CN1C(c2ccccc2)CC(C(=O)NC2C=CC(=O)C=C2)C1c1ccco1,0.7547724,0.9073038550569016,362.4290000000001,3.1936000000000018,62.55,4,1,4,2,27,0
1131462,CC(=O)N1C(c2ccco2)CC(C(=O)NC2C=CN=C2)C1c1ccccc1,0.7531966,0.9072720798485018,363.417,3.013300000000002,74.91,4,1,4,2,27,0
500452,CNC(=O)C1CC(c2ccccc2)N(C(=O)C2=NC=CC2)C1c1ccco1,0.7514971,0.9072668923223208,363.4170000000001,3.0149000000000017,74.91,4,1,4,2,27,0
831948,CNC(=O)C1CC(c2ccco2)N(C(=O)C2=CCC=N2)C1c1ccccc1,0.7549638,0.9072668923223208,363.417,3.0149000000000017,74.91,4,1,4,2,27,0
842686,CC(=O)NC(=O)C1CC(c2ccco2)N(C2=NN=CC2)C1c1ccccc1,0.7249249,0.9071333843085382,364.4050000000001,2.834600000000002,87.27,6,1,3,2,27,0
500159,CNC(=O)C1CC(c2ccco2)N(C(=O)N2CCC=N2)C1c1ccccc1,0.7629596,0.9071132826284922,366.421,2.9414000000000016,78.15,4,1,3,2,27,0
1048374,CCN1C(c2ccccc2)CC(C(=O)NC2=NCN2C)C1c1ccccn1,0.7364833,0.9070089895569988,363.465,2.5809000000000006,60.830000000000005,5,1,4,2,27,0
533432,CC(=O)NC(=O)C1CC(c2ccco2)N(C2=NCC2C)C1c1ccccc1,0.7442287,0.9069212711606688,365.4330000000001,3.094800000000002,74.91,5,1,3,2,27,0
40839,CNC(=O)C1CC(c2cccnc2)N(C(=O)C2CCC2)C1c1ccccc1,0.7777968,0.906886258757517,363.4610000000001,3.258600000000002,62.3,3,1,4,2,27,0
24879,CNC(=O)C1CC(c2ccccc2)N(C(=O)C2CCC2)C1c1ccncc1,0.7771413,0.906886258757517,363.4610000000001,3.258600000000002,62.3,3,1,4,2,27,0
713495,CN1C(c2ccccc2)CC(C(=O)NC2CCC(=O)C2)C1c1ccncc1,0.0,0.9068788489020992,363.46100000000007,3.053500000000001,62.3,4,1,4,2,27,0
896280,CN1C(c2ccccc2)CC(C(=O)NC2CCC(=O)C2)C1c1ccncc1,0.0,0.9068788489020992,363.46100000000007,3.053500000000001,62.3,4,1,4,2,27,0
581910,CN1C(c2ccccc2)CC(C(=O)NC2CCC(=O)C2)C1c1ccncc1,0.7534191,0.9068788489020992,363.46100000000007,3.053500000000001,62.3,4,1,4,2,27,0
785684,CN1C(c2ccccc2)CC(C(=O)NC2CCCC2=O)C1c1ccncc1,0.0,0.9068788489020992,363.461,3.053500000000001,62.3,4,1,4,2,27,0
755477,CN1C(c2ccccc2)CC(C(=O)NC2CCCC2=O)C1c1ccncc1,0.7517475,0.9068788489020992,363.461,3.053500000000001,62.3,4,1,4,2,27,0
1005235,CN1C(c2ccccc2)CC(C(=O)NC2CCCC2=O)C1c1cccnc1,0.7517262,0.9068788489020992,363.461,3.053500000000001,62.3,4,1,4,2,27,0
814964,CC(=O)NC(=O)C1CC(c2cccnc2)N(C2=NN=N2)C1c1ccccc1,0.722373,0.9068743381354164,362.3930000000001,2.585400000000001,99.38,7,1,3,2,27,0
855489,CNC(=O)C1CC(c2ccco2)N(C(=O)C2C=CC=C2)C1c1ccccc1,0.7586343,0.9067012341565076,362.429,3.3987000000000025,62.55,3,1,4,2,27,0
935126,CN1CCCC(NC(=O)C2CC(c3ccccc3)N(C)C2c2ccco2)=N1,0.7461764,0.9063794364741704,366.4650000000001,3.1690000000000014,61.080000000000005,5,1,3,2,27,0
524201,CNC(=O)C1CC(c2cccnc2)N(C2CN=C(C)C2)C1c1ccncc1,0.7345537,0.9062799381049614,363.4650000000001,2.5601000000000003,70.48,5,1,4,2,27,0
522095,CNC(=O)C1CC(c2ccccc2)N(C2=C=NCC2=O)C1c1cccs1,0.7304679,0.9062196274528906,365.458,2.734700000000001,61.77,5,1,4,2,26,0
547564,CNC(=O)C1CC(c2ccccc2)N(C2C=CC=NC2=O)C1c1ccco1,0.7548952,0.9062096764677248,363.41700000000014,2.665700000000001,74.91,4,1,4,2,27,0
721561,CN1C(c2ccccc2)CC(C(=O)NC(=O)OC2C=N2)C1c1ccccc1,0.7319738,0.9061705927937151,363.417,3.0840000000000014,71.0,5,1,4,2,27,0
476386,CN1C(c2ccccc2)CC(C(=O)NC2=CC=NC(=O)C2)C1c1ccco1,0.7528161,0.9060509406736472,363.4170000000001,3.0149000000000017,74.91,4,1,4,2,27,0
779701,CC(=O)NC(=O)C1CC(c2ccco2)N(C2=NCCC2)C1c1ccccc1,0.7469349,0.9060439419064712,365.4330000000001,3.2389000000000028,74.91,5,1,3,2,27,0
859573,CN1C(c2ccco2)CC(C(=O)NC(=O)N2CCC=N2)C1c1ccccc1,0.7404088,0.9058975368530428,366.421,2.9414000000000016,78.15,5,1,3,2,27,0
843485,CN1C(c2ccccc2)CC(C(=O)NC(=O)N2CCC=N2)C1c1ccco1,0.7428126,0.9058975368530428,366.4210000000001,2.9414000000000016,78.15,5,1,3,2,27,0
985779,CN1C(c2ccccc2)CC(C(=O)NC2CC=NCO2)C1c1cccnc1,0.7265189,0.9058291996995018,364.44900000000007,2.706600000000001,66.82000000000001,5,1,4,2,27,0
808762,CN1C(c2ccccc2)CC(C(=O)NC2N=CCCO2)C1c1ccccn1,0.7339513,0.9058291996995018,364.44900000000007,2.706600000000001,66.82000000000001,5,1,4,2,27,0
517408,CNC(=O)C1CC(c2ccccc2)N(C2CC=NOC2)C1c1ccncc1,0.7332081,0.9058291996995018,364.4490000000001,2.706600000000001,66.82000000000001,5,1,4,2,27,0
1075644,CN1C(c2ccco2)CC(C(=O)NC2=C3CC2CC3=O)C1c1ccccc1,0.7430989,0.9057280711302216,362.429,3.3767000000000023,62.55,4,1,4,2,27,0
844247,CN1C(c2cccs2)CC(C(=O)NC2=NCN=CO2)C1c1ccccc1,0.7159442,0.905727561455312,368.4620000000001,2.970400000000001,66.29,6,1,3,2,26,0
1064290,CN1C(=O)N=C1NC(=O)C1CC(c2ccccc2)N(C)C1c1cccs1,0.7608834,0.9056710706330816,368.4620000000001,3.019800000000002,65.01,4,1,3,2,26,0
697592,CN1C(c2ccccc2)CC(C(=O)NC(=O)N2CC=N2)C1c1cccs1,0.7393288,0.9056710706330816,368.462,3.019800000000002,65.01,5,1,3,2,26,0
849621,CN1C(c2ccccc2)CC(C(=O)NC(=O)N2CC=NC2)C1c1ccco1,0.7435468,0.9056705796907664,366.4210000000001,2.5938000000000008,78.15,5,1,3,2,27,0
521166,CNC(=O)C1CC(c2ccco2)N(C2=NC(=O)N(C)C2)C1c1ccccc1,0.7624613,0.905670579690766,366.4210000000001,2.5938000000000008,78.14999999999999,4,1,3,2,27,0
525751,CN1CC(NC(=O)C2CC(c3ccco3)N(C)C2c2ccccc2)=NC1=O,0.7593618,0.905670579690766,366.4210000000001,2.5938,78.15,4,1,3,2,27,0
872156,CN1CC(NC(=O)C2CC(c3ccccc3)N(C)C2c2ccco2)=NC1=O,0.7624011,0.905670579690766,366.4210000000001,2.5938000000000008,78.15,4,1,3,2,27,0
845754,CN1C(c2ccco2)CC(C(=O)NC(=O)N2C=NCC2)C1c1ccccc1,0.7424022,0.905670579690766,366.4210000000001,2.5938000000000008,78.15,5,1,3,2,27,0
1045466,CN1C(c2cccs2)CC(C(=O)NC2=CC(=O)C=N2)C1c1ccccc1,0.7296284,0.9056363103078392,365.458,3.093300000000002,61.77,5,1,4,2,26,0
996594,CN1C(c2ccccc2)CC(C(=O)NC2=CN=CC2=O)C1c1cccs1,0.736421,0.9056363103078392,365.458,3.093300000000001,61.77,5,1,4,2,26,0
138520,CC(=O)N1C(c2ccccc2)CC(C(=O)NC2CCC2)C1c1ccncc1,0.7783539,0.9055153393610292,363.4610000000001,3.4011000000000022,62.3,3,1,4,2,27,0
396153,CC(=O)N1C(c2cccnc2)CC(C(=O)NC2CCC2)C1c1ccccc1,0.7787102,0.9055153393610292,363.46100000000007,3.4011000000000022,62.3,3,1,4,2,27,0
17594,CC(=O)N1C(c2ccccc2)CC(C(=O)NC2CCC2)C1c1cccnc1,0.7785088,0.9055153393610292,363.4610000000001,3.4011000000000022,62.3,3,1,4,2,27,0
241997,CC(=O)N1C(c2ccccc2)CC(C(=O)NC2CCC2)C1c1ccccn1,0.7771335,0.9055153393610292,363.4610000000001,3.4011000000000022,62.3,3,1,4,2,27,0
417051,CC(=O)N1C(c2ccccc2)CC(C(=O)NC2CCC2)C1c1ccncc1,0.0,0.9055153393610292,363.4610000000001,3.4011000000000022,62.3,3,1,4,2,27,0
866528,CNC(=O)C1CC(c2ccccc2)N(C2CCC3C(=O)C32)C1c1ccco1,0.7471706,0.905494347672138,364.4450000000001,3.107400000000002,62.55,4,1,4,2,27,0
515399,CCNC(=O)C1CC(c2ccccc2)N(C2=NOCC2)C1c1ccccn1,0.7313101,0.9054463449519586,364.4490000000001,3.0558000000000014,66.82000000000001,5,1,4,2,27,0
357,CN1C(c2ccccc2)CC(C(=O)NS(C)(=O)=O)C1c1cccs1,0.0,0.9054117488903948,364.492,2.5580000000000007,66.48,5,1,4,2,24,0
359,CN1C(c2ccccc2)CC(C(=O)NS(C)(=O)=O)C1c1cccs1,0.0,0.9054117488903948,364.492,2.5580000000000007,66.48,5,1,4,2,24,0
485,CN1C(c2cccs2)CC(C(=O)NS(C)(=O)=O)C1c1ccccc1,0.0,0.9054117488903948,364.4920000000001,2.5580000000000007,66.48,5,1,4,2,24,0
484,CN1C(c2cccs2)CC(C(=O)NS(C)(=O)=O)C1c1ccccc1,0.0,0.9054117488903948,364.4920000000001,2.5580000000000007,66.48,5,1,4,2,24,0
659932,CN1C(c2cccs2)CC(C(=O)NS(C)(=O)=O)C1c1ccccc1,0.0,0.9054117488903948,364.4920000000001,2.5580000000000007,66.48,5,1,4,2,24,0
358,CN1C(c2ccccc2)CC(C(=O)NS(C)(=O)=O)C1c1cccs1,0.0,0.9054117488903948,364.492,2.5580000000000007,66.48,5,1,4,2,24,0
266,CN1C(c2ccccc2)CC(C(=O)NS(C)(=O)=O)C1c1cccs1,0.0,0.9054117488903948,364.492,2.5580000000000007,66.48,5,1,4,2,24,0
256,CN1C(c2ccccc2)CC(C(=O)NS(C)(=O)=O)C1c1cccs1,0.7682348,0.9054117488903948,364.492,2.5580000000000007,66.48,5,1,4,2,24,0
267,CN1C(c2ccccc2)CC(C(=O)NS(C)(=O)=O)C1c1cccs1,0.0,0.9054117488903948,364.492,2.5580000000000007,66.48,5,1,4,2,24,0
429535,CN1C(c2cccs2)CC(C(=O)NS(C)(=O)=O)C1c1ccccc1,0.0,0.9054117488903948,364.4920000000001,2.5580000000000007,66.48,5,1,4,2,24,0
973274,CN1C(c2cccs2)CC(C(=O)NS(C)(=O)=O)C1c1ccccc1,0.0,0.9054117488903948,364.4920000000001,2.5580000000000007,66.48,5,1,4,2,24,0
482276,CN1C(c2cccs2)CC(C(=O)NS(C)(=O)=O)C1c1ccccc1,0.0,0.9054117488903948,364.4920000000001,2.5580000000000007,66.48,5,1,4,2,24,0
265,CN1C(c2ccccc2)CC(C(=O)NS(C)(=O)=O)C1c1cccs1,0.0,0.9054117488903948,364.492,2.5580000000000007,66.48,5,1,4,2,24,0
259,CN1C(c2ccccc2)CC(C(=O)NS(C)(=O)=O)C1c1cccs1,0.0,0.9054117488903948,364.492,2.5580000000000007,66.48,5,1,4,2,24,0
264,CN1C(c2ccccc2)CC(C(=O)NS(C)(=O)=O)C1c1cccs1,0.0,0.9054117488903948,364.492,2.5580000000000007,66.48,5,1,4,2,24,0
183777,CN1C(c2cccs2)CC(C(=O)NS(C)(=O)=O)C1c1ccccc1,0.0,0.9054117488903948,364.4920000000001,2.5580000000000007,66.48,5,1,4,2,24,0
514293,CN1C(c2ccccc2)CC(C(=O)NS(C)(=O)=O)C1c1cccs1,0.0,0.9054117488903948,364.492,2.5580000000000007,66.48,5,1,4,2,24,0
546260,CN1C(c2cccs2)CC(C(=O)NS(C)(=O)=O)C1c1ccccc1,0.0,0.9054117488903948,364.4920000000001,2.5580000000000007,66.48,5,1,4,2,24,0
263,CN1C(c2ccccc2)CC(C(=O)NS(C)(=O)=O)C1c1cccs1,0.0,0.9054117488903948,364.492,2.5580000000000007,66.48,5,1,4,2,24,0
258,CN1C(c2ccccc2)CC(C(=O)NS(C)(=O)=O)C1c1cccs1,0.0,0.9054117488903948,364.492,2.5580000000000007,66.48,5,1,4,2,24,0
260,CN1C(c2ccccc2)CC(C(=O)NS(C)(=O)=O)C1c1cccs1,0.0,0.9054117488903948,364.492,2.5580000000000007,66.48,5,1,4,2,24,0
499161,CN1C(c2cccs2)CC(C(=O)NS(C)(=O)=O)C1c1ccccc1,0.0,0.9054117488903948,364.4920000000001,2.5580000000000007,66.48,5,1,4,2,24,0
511221,CN1C(c2ccccc2)CC(C(=O)NS(C)(=O)=O)C1c1cccs1,0.0,0.9054117488903948,364.492,2.5580000000000007,66.48,5,1,4,2,24,0
257,CN1C(c2ccccc2)CC(C(=O)NS(C)(=O)=O)C1c1cccs1,0.0,0.9054117488903948,364.492,2.5580000000000007,66.48,5,1,4,2,24,0
350,CN1C(c2ccccc2)CC(C(=O)NS(C)(=O)=O)C1c1cccs1,0.0,0.9054117488903948,364.492,2.5580000000000007,66.48,5,1,4,2,24,0
351,CN1C(c2ccccc2)CC(C(=O)NS(C)(=O)=O)C1c1cccs1,0.0,0.9054117488903948,364.492,2.5580000000000007,66.48,5,1,4,2,24,0
352,CN1C(c2ccccc2)CC(C(=O)NS(C)(=O)=O)C1c1cccs1,0.0,0.9054117488903948,364.492,2.5580000000000007,66.48,5,1,4,2,24,0
353,CN1C(c2ccccc2)CC(C(=O)NS(C)(=O)=O)C1c1cccs1,0.0,0.9054117488903948,364.492,2.5580000000000007,66.48,5,1,4,2,24,0
859,CN1C(c2ccccc2)CC(C(=O)NS(C)(=O)=O)C1c1cccs1,0.0,0.9054117488903948,364.492,2.5580000000000007,66.48,5,1,4,2,24,0
476,CN1C(c2cccs2)CC(C(=O)NS(C)(=O)=O)C1c1ccccc1,0.0,0.9054117488903948,364.4920000000001,2.5580000000000007,66.48,5,1,4,2,24,0
477,CN1C(c2cccs2)CC(C(=O)NS(C)(=O)=O)C1c1ccccc1,0.0,0.9054117488903948,364.4920000000001,2.5580000000000007,66.48,5,1,4,2,24,0
526555,CNC(=O)C1CC(c2ccccc2)N(C(=O)C2C=NCC2)C1c1ccco1,0.7524077,0.9052191254706508,365.43300000000016,2.747200000000001,74.91,4,1,4,2,27,0
1087207,CC(=O)N1C(c2ccccc2)CC(C(=O)NC2CC=NC2)C1c1ccco1,0.7526914,0.905207184101444,365.4330000000001,2.8897000000000013,74.91,4,1,4,2,27,0
821981,CC(=O)N1C(c2ccccc2)CC(C(=O)NC2C=NCC2)C1c1ccco1,0.7523547,0.905207184101444,365.43300000000016,2.8897000000000013,74.91,4,1,4,2,27,0
21401,CC(=O)N1C(c2cccnc2)CC(C(=O)NC2CCC2)C1c1ccncc1,0.763412,0.90515185491066,364.44900000000007,2.796100000000001,75.19,4,1,4,2,27,0
497923,CNC(=O)C1CC(c2ccccc2)N(C(=O)N2CC=N2)C1c1cccs1,0.7589954,0.9050159066755116,368.4620000000001,3.019800000000002,65.01,4,1,3,2,26,0
489701,CNC(=O)C1CC(c2ccccc2)N(C(=O)C2=CC=CC2)C1c1ccco1,0.7619775,0.9047961371629194,362.4290000000001,3.5428000000000024,62.55,3,1,4,2,27,0
515514,CNC(=O)C1CC(c2ccco2)N(C(=O)C2=CC=CC2)C1c1ccccc1,0.7625633,0.9047961371629194,362.4290000000001,3.5428000000000024,62.55,3,1,4,2,27,0
523477,CC(C)OC(=O)NC(=O)C1CC(c2ccccc2)N(C)C1c1ccco1,0.0,0.904781512663854,356.4220000000001,3.6749000000000023,71.78,5,1,4,2,26,0
37594,CNC(=O)C1CC(c2ccccc2)N(C(=O)N2CCCC2)C1c1ccco1,0.7803678,0.9047348776984518,367.4490000000002,3.3457000000000026,65.79,3,1,3,2,27,0
1072563,CN1C(c2ccco2)CC(C(=O)NC2CC3N=CC2O3)C1c1ccccc1,0.7261033,0.9046502156753188,365.4330000000001,2.697900000000001,67.07000000000001,5,1,4,2,27,0
434429,CC(=O)N1C(c2ccccc2)CC(C(=O)NC2=NCC2)C1c1cccs1,0.7648789,0.9045630587752762,367.4740000000001,3.317300000000001,61.77,4,1,3,2,26,0
885732,CC(=O)N1C(c2cccs2)CC(C(=O)NC2=NCC2)C1c1ccccc1,0.7653639,0.9045630587752762,367.4740000000001,3.317300000000002,61.77,4,1,3,2,26,0
521143,CC1=CCN1C(=O)NC(=O)C1CC(c2ccco2)N(C)C1c1ccccc1,0.7607384,0.9044905383671814,365.4330000000001,3.4693000000000023,65.79,4,1,3,2,27,0
520635,CNC(=O)C1CC(c2ccco2)N(C2C=NN=CCC2)C1c1ccccc1,0.7338578,0.9043791829232276,364.4490000000001,3.348900000000002,70.2,5,1,4,2,27,0
14632,CC(=O)NC(=O)C1CC(c2ccccc2)N(C2CCC2)C1c1ccncc1,0.7635605,0.9043017352064932,363.4610000000001,3.4011000000000022,62.3,4,1,4,2,27,0
20873,CC(=O)NC(=O)C1CC(c2cccnc2)N(C2CCC2)C1c1ccccc1,0.7641311,0.9043017352064932,363.4610000000001,3.401100000000003,62.3,4,1,4,2,27,0
20665,CC(=O)NC(=O)C1CC(c2ccccc2)N(C2CCC2)C1c1cccnc1,0.7637016,0.9043017352064932,363.4610000000001,3.4011000000000022,62.3,4,1,4,2,27,0
16678,CC(=O)NC(=O)C1CC(c2ccccc2)N(C2CCC2)C1c1ccncc1,0.0,0.9043017352064932,363.4610000000001,3.4011000000000022,62.3,4,1,4,2,27,0
885470,CNC(=O)C1CC(c2ccccc2)N(C2C=COCC=N2)C1c1ccco1,0.7343246,0.9042210447056732,365.4330000000001,3.0707000000000013,67.07000000000001,5,1,4,2,27,0
760500,CC(=O)N1C(c2ccccc2)CC(C(=O)NC2CCO2)C1c1cccnc1,0.7540279,0.9040259926074224,365.4330000000001,2.5950000000000006,71.53,4,1,4,2,27,0
470970,CN1C(c2ccco2)CC(C(=O)NC(=O)N2C=CC2=O)C1c1ccccc1,0.7418405,0.9040158481219828,365.38900000000007,2.605800000000001,82.86000000000001,5,1,3,2,27,0
873173,CN1C(c2ccccc2)CC(C(=O)NC2CC=NC(=O)C2)C1c1ccco1,0.7518258,0.903993992947646,365.4330000000001,2.8897000000000013,74.91,4,1,4,2,27,0
482021,CC(=O)NC(=O)C1CC(c2ccccc2)N(C2CC=NC2)C1c1ccco1,0.736048,0.903993992947646,365.4330000000001,2.889700000000002,74.91,5,1,4,2,27,0
555468,CNC(=O)C1CC(c2ccco2)N(C2CC=NC(=O)C2)C1c1ccccc1,0.7525217,0.903993992947646,365.4330000000001,2.8897000000000013,74.91,4,1,4,2,27,0
1067730,CN1C(c2ccccc2)CC(C(=O)NC2N=CCCC2=O)C1c1ccco1,0.7347275,0.903993992947646,365.4330000000001,2.8897000000000013,74.91,5,1,4,2,27,0
757685,CN1CC(NC(=O)C2CC(c3ccco3)N(C)C2c2ccccc2)CC=N1,0.7297694,0.9038970896145698,366.4650000000001,2.8198000000000008,61.080000000000005,5,1,4,2,27,0
956856,CN1CCC(NC(=O)C2CC(c3ccco3)N(C)C2c2ccccc2)C=N1,0.7293182,0.9038970896145698,366.465,2.8198000000000008,61.080000000000005,5,1,4,2,27,0
803222,CN1C(c2cccnc2)CC(C(=O)NC2CCN=NC2)C1c1ccncc1,0.7081661,0.9037101014204274,364.453,2.551400000000001,82.84,6,1,4,2,27,0
966108,CN1C(c2cccs2)CC(C(=O)NC2CC=NC2=O)C1c1ccccc1,0.7457163,0.90368604695818,367.4740000000001,2.968100000000001,61.77,4,1,4,2,26,0
846517,CN1C(c2ccccc2)CC(C(=O)NC2CCCN=N2)C1c1cccnc1,0.7259422,0.903668942868537,363.465,3.5040000000000022,69.95,5,1,4,2,27,0
550329,CC(=O)NC(=O)C1CC(c2ccco2)N(C2C=CC=C2)C1c1ccccc1,0.7541543,0.9036078334279992,362.4290000000001,3.5412000000000026,62.55,4,1,4,2,27,0
1063763,CN1C(c2ccccc2)CC(C(=O)NC2CN=CC2=O)C1c1cccs1,0.0,0.9035990089800194,367.4740000000001,2.6205000000000007,61.77,5,1,4,2,26,0
885599,CN1C(c2ccccc2)CC(C(=O)NC2CN=CC2=O)C1c1cccs1,0.7315783,0.9035990089800194,367.4740000000001,2.6205000000000007,61.77,5,1,4,2,26,0
439229,CC1CCN1C(=O)NC(=O)C1CC(c2ccco2)N(C)C1c1ccccc1,0.7580405,0.9035382029977308,367.44900000000007,3.344100000000002,65.79,4,1,3,2,27,0
544983,CN1C(c2ccccc2)CC(C(=O)NC(=O)N2CCCC2)C1c1ccco1,0.0,0.9035223195466452,367.4490000000001,3.3457000000000017,65.79,4,1,3,2,27,0
168666,CN1C(c2ccccc2)CC(C(=O)NC(=O)N2CCCC2)C1c1ccco1,0.7770477,0.9035223195466452,367.4490000000001,3.3457000000000017,65.79,4,1,3,2,27,0
4477,CCC(=O)N1C(c2cccnc2)CC(C(=O)NC(C)=O)C1c1ccccc1,0.0,0.9035189562702738,365.4330000000001,2.785200000000001,79.37,4,1,4,2,27,0
107900,CCC(=O)N1C(c2cccnc2)CC(C(=O)NC(C)=O)C1c1ccccc1,0.0,0.9035189562702738,365.4330000000001,2.785200000000001,79.37,4,1,4,2,27,0
36219,CCC(=O)NC(=O)C1CC(c2cccnc2)N(C(C)=O)C1c1ccccc1,0.0,0.9035189562702736,365.4330000000001,2.785200000000001,79.37,4,1,4,2,27,0
1082295,CN1C(c2ccco2)CC(C(=O)NC2CN=CC(=O)C2)C1c1ccccc1,0.729514,0.9035020559339124,365.4330000000001,2.5421000000000005,74.91,5,1,4,2,27,0
893161,CNC(=O)C1CC(c2ccccc2)N(C2CCN=CC2=O)C1c1ccco1,0.7347563,0.9035020559339124,365.4330000000001,2.5421000000000005,74.91,5,1,4,2,27,0
866011,CN1C(c2ccccc2)CC(C(=O)NC2CC=NCC2=O)C1c1ccco1,0.7324488,0.9035020559339124,365.4330000000001,2.5421000000000005,74.91,5,1,4,2,27,0
495852,CNC(=O)C1CC(c2ccccc2)N(C2CC=NCC2=O)C1c1ccco1,0.7350516,0.9035020559339124,365.4330000000001,2.5421000000000005,74.91,5,1,4,2,27,0
653207,CN1C(c2cccnc2)CC(C(=O)NC2CC=COC2)C1c1ccncc1,0.7279853,0.9033232977470076,364.44900000000007,2.629500000000001,67.35000000000001,5,1,4,2,27,0
542619,CNC(=O)C1CC(c2cccnc2)N(C2CC=COC2)C1c1ccncc1,0.7322922,0.9033232977470074,364.4490000000001,2.629500000000001,67.35000000000001,5,1,4,2,27,0
449464,CC(=O)N1C(c2ccco2)CC(C(=O)NC2C=COC2)C1c1ccccc1,0.754026,0.9030286743187927,366.4170000000001,2.959100000000001,71.78,4,1,4,2,27,0
480996,CNC(=O)C1CC(c2ccccc2)N(C2CCC=CC2=O)C1c1ccco1,0.7543272,0.9029686294907132,364.4450000000001,3.417600000000002,62.55,4,1,4,2,27,0
489411,CNC(=O)C1CC(c2ccco2)N(C2C=CC(=O)CC2)C1c1ccccc1,0.0,0.9029686294907132,364.4450000000001,3.417600000000002,62.55,4,1,4,2,27,0
488904,CNC(=O)C1CC(c2ccco2)N(C2C=CC(=O)CC2)C1c1ccccc1,0.7531117,0.9029686294907132,364.4450000000001,3.417600000000002,62.55,4,1,4,2,27,0
490938,CN1C(c2ccco2)CC(C(=O)NC2C=CC(=O)CC2)C1c1ccccc1,0.7509187,0.9029686294907132,364.4450000000001,3.417600000000002,62.55,4,1,4,2,27,0
1025466,CN1C(c2ccco2)CC(C(=O)NC2CCC=CC2=O)C1c1ccccc1,0.7478545,0.9029686294907132,364.4450000000001,3.417600000000002,62.55,4,1,4,2,27,0
847576,CN1C(c2ccccc2)CC(C(=O)NC(=O)N2CCN=N2)C1c1ccco1,0.7245307,0.9029608650138076,367.4090000000001,2.9327000000000014,90.51,6,1,3,2,27,0
229051,COC(=O)N1C(c2ccccc2)CC(C(=O)NC2CC2)C1c1cccnc1,0.7691726,0.9029257064991756,365.4330000000001,3.230900000000002,71.53,4,1,4,2,27,0
656310,CCN1CCC(NC(=O)C2CC(c3ccco3)N(C)C2c2ccccc2)=N1,0.7351167,0.9028638652508302,366.4650000000001,3.1690000000000023,61.080000000000005,5,1,4,2,27,0
521963,CCN1C(c2ccccc2)CC(C(=O)NC2=NN(C)CC2)C1c1ccco1,0.7360453,0.90286386525083,366.46500000000015,3.1690000000000023,61.080000000000005,5,1,4,2,27,0
673654,CN1C(c2cccnc2)CC(C(=O)NC2COC=CO2)C1c1ccccc1,0.7281775,0.9026646912600512,365.4330000000001,2.7760000000000007,63.69000000000001,5,1,4,2,27,0
1040605,CN1C(c2ccccc2)CC(C(=O)NC(=O)N2C=CCO2)C1c1ccco1,0.7411793,0.9025968542075002,367.4050000000001,3.010800000000001,75.02000000000001,5,1,3,2,27,0
523483,CCNC(=O)C1CC(c2ccccc2)N(C2=NC(=O)CC2)C1c1ccco1,0.7519771,0.9025296719649124,365.43300000000016,3.238900000000002,74.91,4,1,4,2,27,0
520021,CN1C(c2ccccc2)CC(C(=O)NC2=NC(=O)CO2)C1c1cccs1,0.741681,0.9024592090647868,369.446,2.5112000000000005,71.0,5,1,3,2,26,0
781531,CN1C(=O)CCC1NC(=O)C1CC(c2ccccc2)N(C)C1c1ccco1,0.7505559,0.9023698573650673,367.4490000000001,2.7082000000000006,65.79,4,1,4,2,27,0
866010,CN1C(c2ccccc2)CC(C(=O)NC2COCCC=N2)C1c1ccco1,0.7352187,0.9022221497770506,367.44900000000007,2.9471000000000016,67.07000000000001,5,1,4,2,27,0
778678,CN1C(c2ccco2)CC(C(=O)NC2CC=NCOC2)C1c1ccccc1,0.7288603,0.9022221497770506,367.44900000000007,2.9471000000000016,67.07000000000001,5,1,4,2,27,0
516949,CN1C(c2ccccc2)CC(C(=O)NC2C=NON=C2)C1c1cccs1,0.7123034,0.9022184706478408,368.4620000000001,2.9688000000000017,66.29,6,1,4,2,26,0
523623,CNC(=O)C1CC(c2ccccc2)N(C2=NC(=O)OC2)C1c1cccs1,0.7417972,0.9022183867429192,369.4460000000001,3.147100000000002,71.0,5,1,3,2,26,0
525801,CNC(=O)C1CC(c2cccs2)N(C2=NC(=O)OC2)C1c1ccccc1,0.7417255,0.9022183867429192,369.4460000000001,3.147100000000002,71.0,5,1,3,2,26,0
47325,CC(=O)NC(=O)C1CC(c2ccccc2)N(C(=O)C2CC2)C1c1ccco1,0.7642322,0.902111256213783,366.41700000000014,2.983200000000002,79.62,4,1,4,2,27,0
956130,CNC(=O)C1CC(c2ccccc2)N(C2CN=CCOC2)C1c1ccco1,0.7372515,0.9020256737799456,367.4490000000001,2.599500000000001,67.07000000000001,5,1,4,2,27,0
616148,CN1C(c2ccccc2)CC(C(=O)NC2C=NCCOC2)C1c1ccco1,0.7341978,0.9020256737799456,367.4490000000001,2.599500000000001,67.07000000000001,5,1,4,2,27,0
528104,CC(=O)NC(=O)C1CC(c2ccccc2)N(C2=NOCC2)C1c1ccco1,0.726233,0.9017586820769208,367.4050000000002,2.780400000000001,84.14,6,1,3,2,27,0
865531,CC(=O)NC(=O)C1CC(c2ccccc2)N(C2CC=N2)C1c1cccs1,0.7320375,0.901721612768166,367.4740000000001,3.3157000000000023,61.77,5,1,4,2,26,0
1033482,CC(=O)NC(=O)C1CC(c2ccccc2)N(C2CC=N2)C1c1cccs1,0.0,0.901721612768166,367.4740000000001,3.3157000000000023,61.77,5,1,4,2,26,0
537047,CNC(=O)C1CC(c2cccs2)N(C2=NOCOC2)C1c1ccccc1,0.721482,0.9011208868672866,371.4620000000001,2.9162000000000017,63.16000000000001,6,1,3,2,26,0
37317,CNC(=O)C1CC(c2ccco2)N(C(=O)C2CCCO2)C1c1ccccc1,0.7579936,0.9007764108754576,368.4330000000001,2.835500000000001,71.78,4,1,4,2,27,0
80614,CNC(=O)C1CC(c2ccccc2)N(C(=O)C2CCCO2)C1c1ccco1,0.757277,0.9007764108754576,368.43300000000016,2.835500000000001,71.78,4,1,4,2,27,0
891619,CNC(=O)C1CC(c2ccccc2)N(C2=CC(=O)CCO2)C1c1ccco1,0.7394149,0.9007296032506718,366.41700000000014,2.960700000000001,71.78,5,1,4,2,27,0
24794,CNC(=O)C1CC(c2ccccc2)N(C(=O)C2CCOC2)C1c1ccco1,0.7569109,0.9006730105564793,368.43300000000016,2.6930000000000014,71.78,4,1,4,2,27,0
92896,CNC(=O)C1CC(c2ccccc2)N(C(=O)C2CCOC2)C1c1ccco1,0.0,0.9006730105564793,368.43300000000016,2.6930000000000014,71.78,4,1,4,2,27,0
969591,CN1C(c2cccnc2)CC(C(=O)NC(=O)OC2CC2)C1c1ccccc1,0.7419695,0.9006305854774709,365.4330000000001,3.230900000000002,71.53,5,1,4,2,27,0
1045310,CN1C(c2ccccc2)CC(C(=O)NC(=O)OC2CC2)C1c1ccccn1,0.7460148,0.9006305854774709,365.4330000000001,3.230900000000002,71.53,5,1,4,2,27,0
657844,CN1C(c2ccco2)CC(C(=O)NCC2C=CC2=O)C1c1ccccc1,0.7392649,0.9006297314949266,350.41800000000006,2.8850000000000016,62.55,4,1,5,2,26,0
722329,CN1C(c2cccnc2)CC(C(=O)NC2CCCOC2)C1c1ccncc1,0.7307147,0.9005305454269962,366.465,2.5059000000000005,67.35000000000001,5,1,4,2,27,0
404384,CN1C(c2cccnc2)CC(C(=O)NC2CCOCC2)C1c1ccncc1,0.0,0.9005305454269961,366.4650000000001,2.5059000000000005,67.35000000000001,5,1,4,2,27,0
462251,CNC(=O)C1CC(c2cccnc2)N(C2CCOCC2)C1c1ccncc1,0.7379565,0.9005305454269961,366.4650000000001,2.5059000000000005,67.35000000000001,5,1,4,2,27,0
965019,CN1C(c2cccnc2)CC(C(=O)NC2CCOCC2)C1c1ccncc1,0.0,0.9005305454269961,366.4650000000001,2.5059000000000005,67.35000000000001,5,1,4,2,27,0
1035679,CN1C(c2cccnc2)CC(C(=O)NC2CCOCC2)C1c1ccncc1,0.0,0.9005305454269961,366.4650000000001,2.5059000000000005,67.35000000000001,5,1,4,2,27,0
365979,CN1C(c2cccnc2)CC(C(=O)NC2CCOCC2)C1c1ccncc1,0.7379087,0.9005305454269961,366.4650000000001,2.5059000000000005,67.35000000000001,5,1,4,2,27,0
862620,CC1OCCC1NC(=O)C1CC(c2cccnc2)N(C)C1c1ccncc1,0.7268081,0.9005234903665654,366.4650000000001,2.504300000000001,67.35,5,1,4,2,27,0
440541,CN1C(c2ccccc2)CC(C(=O)NC(=O)N2CCCO2)C1c1ccco1,0.7441504,0.9004199779347996,369.4210000000001,2.887200000000001,75.02000000000001,5,1,3,2,27,0
548286,CNC(=O)C1CC(c2ccco2)N(C2C=NOCCC2)C1c1ccccc1,0.733121,0.9004016044070197,367.4490000000001,3.2947000000000024,67.07000000000001,5,1,4,2,27,0
758998,CN1C(c2ccccc2)CC(C(=O)NC2CCC=NCO2)C1c1ccco1,0.7303666,0.9004016044070197,367.44900000000007,3.294700000000001,67.07000000000001,5,1,4,2,27,0
857022,CCN1C(c2ccco2)CC(C(=O)NC2=NCOCC2)C1c1ccccc1,0.7326996,0.9003876094999854,367.44900000000007,3.2963000000000022,67.07000000000001,5,1,4,2,27,0
698041,CN1C(c2ccccc2)CC(C(=O)NC2CC(=O)S2)C1c1cccnc1,0.729269,0.9002496698490987,367.474,2.921500000000001,62.3,5,1,4,2,26,0
525286,CNC(=O)C1CC(c2cccs2)N(C(=O)C2=NOC2)C1c1ccccc1,0.7318814,0.9001652770248273,369.4460000000001,2.5112000000000005,71.0,5,1,4,2,26,0
1075643,COC(=O)N1C(c2ccco2)CC(C(=O)NC2CC=N2)C1c1ccccc1,0.7319999,0.9000475160650073,367.405,3.0671000000000017,84.14,5,1,4,2,27,0
455387,CCN1C(c2ccccc2)CC(C(=O)NC(=O)N2CCC2)C1c1ccco1,0.0,0.9000178302142303,367.4490000000002,3.3457000000000017,65.79,4,1,4,2,27,0
1019703,CN1C(c2ccccc2)CC(C(=O)NC2CSC2=O)C1c1ccccn1,0.7342184,0.8999217222416018,367.4740000000001,2.573900000000001,62.3,5,1,4,2,26,0
761622,CC1=[N+]C=CN=C1NC(=O)C1CC(c2ccccc2)N(C)C1c1ccncc1,0.73622,0.8989426202734279,373.4600000000001,2.6119000000000003,71.69,5,1,3,2,28,0
540892,CNC(=O)C1CC(c2ccccc2)N(CN2CCC=N2)C1c1ccco1,0.7247931,0.8988338677207255,352.43800000000005,2.778900000000001,61.080000000000005,5,1,5,2,26,0
942521,CN1C(c2ccco2)CC(C(=O)NC2=CCOCOC2)C1c1ccccc1,0.7356136,0.8987664956635092,368.4330000000001,3.0181000000000013,63.94000000000001,5,1,4,2,27,0
520166,CNC(=O)C1CC(c2cccs2)N(C2C=NC(=O)O2)C1c1ccccc1,0.7321744,0.8987279441201365,369.4460000000001,3.145500000000002,71.0,5,1,4,2,26,0
78789,CC(=O)NC(=O)C1CC(c2ccco2)N(C2CCOC2)C1c1ccccc1,0.7363129,0.8984867530868099,368.4330000000001,2.835500000000001,71.78,5,1,4,2,27,0
867555,CC(=O)NC(=O)C1CC(c2ccccc2)N(C2CCOC2)C1c1ccco1,0.7373967,0.8984867530868098,368.43300000000016,2.835500000000001,71.78,5,1,4,2,27,0
494517,CNC(=O)C1CC(c2ccco2)N(C(=O)C2=CCCC2)C1c1ccccc1,0.7643756,0.8982786819753616,364.4450000000001,3.7668000000000026,62.55,3,1,4,2,27,0
490733,CNC(=O)C1CC(c2ccccc2)N(C(=O)C2=CCCC2)C1c1ccco1,0.7635069,0.8982786819753615,364.44500000000016,3.7668000000000026,62.55,3,1,4,2,27,0
1001908,CN1C(c2ccco2)CC(C(=O)NC2C=NC(=O)OC2)C1c1ccccc1,0.7318366,0.8982039536869153,367.4050000000001,2.719500000000001,84.14,5,1,4,2,27,0
848105,CNC(=O)C1CC(c2ccccc2)N(C2C=NC(=O)OC2)C1c1ccco1,0.7355368,0.8982039536869153,367.40500000000014,2.719500000000001,84.14,5,1,4,2,27,0
607444,CN1C(c2ccccc2)CC(C(=O)NC(=O)OC2C=NC2)C1c1ccco1,0.7174283,0.8982039536869153,367.4050000000001,2.719500000000001,84.14,6,1,4,2,27,0
591798,CNC(=O)C1CC(c2ccco2)N(CC2CCC2=O)C1c1ccccc1,0.7430802,0.898073916054116,352.434,3.1090000000000018,62.55,4,1,5,2,26,0
1082579,CN1C(c2ccccc2)CC(C(=O)NCC2CCC2=O)C1c1ccco1,0.7429554,0.898073916054116,352.434,3.1090000000000018,62.55,4,1,5,2,26,0
29505,CCCC(=O)NC(=O)C1CC(c2ccccc2)N(C)C1c1ccccn1,0.0,0.8980665015341728,351.45000000000005,3.258600000000002,62.3,4,1,5,2,26,0
35203,CCCN1C(c2cccnc2)CC(C(=O)NC(C)=O)C1c1ccccc1,0.0,0.8980665015341728,351.45,3.258600000000002,62.3,4,1,5,2,26,0
1102776,CN1C(c2ccco2)CC(C(=O)NC(=O)OC2CC=N2)C1c1ccccc1,0.0,0.8977597110332256,367.405,3.0671000000000017,84.14,6,1,4,2,27,0
842454,CN1C(c2ccccc2)CC(C(=O)NC(=O)OC2CC=N2)C1c1ccco1,0.7177798,0.8977597110332256,367.4050000000001,3.0671000000000017,84.14,6,1,4,2,27,0
956347,CN1C(c2ccco2)CC(C(=O)NC(=O)OC2CC=N2)C1c1ccccc1,0.7154221,0.8977597110332256,367.405,3.0671000000000017,84.14,6,1,4,2,27,0
511720,CCNC(=O)C1CC(c2ccccc2)N(C2=NC(=O)OC2)C1c1ccco1,0.7326016,0.8977530668694041,367.40500000000014,3.068700000000001,84.14,5,1,4,2,27,0
513254,CCNC(=O)C1CC(c2ccccc2)N(C2=NC(=O)OC2)C1c1ccco1,0.0,0.8977530668694041,367.40500000000014,3.068700000000001,84.14,5,1,4,2,27,0
517277,CC(=O)NC(=O)C1CC(c2ccccc2)N(C2=NCN=C2)C1c1ccccc1,0.7463774,0.8976885940238767,374.4440000000001,2.894000000000002,74.13,5,1,3,2,28,0
548827,CNC(=O)C1CC(c2cccs2)N(C2C=NOCO2)C1c1ccccc1,0.7132168,0.8976282345452081,371.4620000000001,2.914600000000002,63.16000000000001,6,1,4,2,26,0
538843,CNC(=O)C1CC(c2ccccc2)N(CC2CC=NO2)C1c1ccco1,0.7223324,0.8974680556373051,353.4220000000001,2.904600000000001,67.07000000000001,5,1,5,2,26,0
522969,CN1C(c2ccccc2)CC(C(=O)NCC2=NOCC2)C1c1ccco1,0.7222027,0.8974657877326429,353.4220000000001,2.906200000000001,67.07000000000001,5,1,5,2,26,0
542139,CNC(=O)C1CC(c2ccco2)N(CC2=NOCC2)C1c1ccccc1,0.7252602,0.8974657877326429,353.422,2.906200000000001,67.07000000000001,5,1,5,2,26,0
493784,CN1C(c2ccccc2)CC(C(=O)NC(=O)N2CSC2)C1c1ccco1,0.7455131,0.8974288535773891,371.4620000000001,3.213700000000001,65.79,5,1,3,2,26,0
1039821,CNC(=O)C1CC(c2ccco2)N(C2CCCCC2=O)C1c1ccccc1,0.75394,0.8972905317230313,366.461,3.641600000000003,62.55,4,1,4,2,27,0
445661,CN1C(c2ccccc2)CC(C(=O)NC2C=CSC2=O)C1c1ccco1,0.7324946,0.8972697536135269,368.4580000000001,3.2856000000000014,62.55,5,1,4,2,26,0
25055,COC(=O)N1C(c2cccs2)CC(C(=O)NC(C)=O)C1c1ccccc1,0.0,0.8970765914006331,372.4460000000001,3.281500000000002,75.71000000000001,5,1,3,2,26,0
155621,COC(=O)N1C(c2cccs2)CC(C(=O)NC(C)=O)C1c1ccccc1,0.0,0.8970765914006331,372.4460000000001,3.281500000000002,75.71000000000001,5,1,3,2,26,0
547769,CNC(=O)C1CC(c2ccco2)N(CC2C=NCO2)C1c1ccccc1,0.7215317,0.8970550750286542,353.422,2.5570000000000004,67.07000000000001,5,1,5,2,26,0
861912,CN1C(c2ccccc2)CC(C(=O)NCC2N=CCO2)C1c1ccco1,0.7216886,0.8970550750286541,353.4220000000001,2.5570000000000004,67.07000000000001,5,1,5,2,26,0
1074871,CN1C(c2ccccc2)CC(C(=O)NC2=NCCC=NC2)C1c1cccnc1,0.738848,0.8967958010249933,375.47600000000006,2.804900000000001,69.95,5,1,3,2,28,0
485035,CNC(=O)C1CC(c2ccccc2)N(C2=NC(=O)CC=C2)C1c1ccccc1,0.7715747,0.8967091093348342,373.4560000000001,3.4219000000000026,61.77,3,1,3,2,28,0
984791,CN1C(c2ccccc2)CC(C(=O)NC2CSCC2=O)C1c1ccco1,0.7322017,0.8966824117389239,370.4740000000001,2.814400000000001,62.55,5,1,4,2,26,0
969653,CN1C(c2ccco2)CC(C(=O)NC2CCOCCO2)C1c1ccccc1,0.732297,0.8965863537881777,370.44900000000007,2.892900000000002,63.94000000000001,5,1,4,2,27,0
489786,CC(=O)NC(=O)C1CC(c2ccccc2)N(C2=NCC=C2)C1c1ccccn1,0.7437438,0.8964799765904584,374.4440000000001,2.8169000000000013,74.66,5,1,3,2,28,0
946552,CC1=CC(NC(=O)C2CC(c3cccnc3)N(C)C2c2ccccc2)=NC1=O,0.7598803,0.8964799765904584,374.4440000000001,2.8169000000000013,74.66,4,1,3,2,28,0
546490,CC(=O)NC(=O)C1CC(c2ccccc2)N(C2=NCC=C2)C1c1cccnc1,0.7433575,0.8964799765904584,374.4440000000001,2.8169000000000013,74.66,5,1,3,2,28,0
466310,CC(=O)NC(=O)C1CC(c2cccnc2)N(C2=NCC=C2)C1c1ccccc1,0.7436558,0.8964799765904584,374.4440000000001,2.8169000000000013,74.66,5,1,3,2,28,0
119744,CNC(=O)C1CC(c2ccco2)N(C(=O)CC2CC2)C1c1ccccc1,0.7577971,0.8963044523797286,352.434,3.4566000000000026,62.55,3,1,5,2,26,0
349133,CC(=O)N1C(c2ccco2)CC(C(=O)NCC2CC2)C1c1ccccc1,0.753032,0.8963044523797286,352.434,3.4566000000000026,62.55,3,1,5,2,26,0
857831,CNC(=O)C1CC(c2ccccc2)N(C(=O)CC2CC2)C1c1ccco1,0.0,0.8963044523797283,352.43400000000014,3.4566000000000026,62.55,3,1,5,2,26,0
522987,CCNC(=O)C1CC(c2ccccc2)N(C2N=NC2=O)C1c1ccco1,0.719896,0.8962086283103484,352.3940000000001,2.8385000000000007,87.27,5,1,5,2,26,0
584733,Cc1cccc(C2CC(C(=O)NS(C)(=O)=O)C(c3ccccc3)N2C)c1,0.0,0.8962048706747756,372.49000000000007,2.804920000000001,66.48,4,1,4,2,26,0
807511,Cc1ccc(C2C(C(=O)NS(C)(=O)=O)CC(c3ccccc3)N2C)cc1,0.0,0.8962048706747756,372.49,2.804920000000001,66.48,4,1,4,2,26,0
99,Cc1ccc(C2C(C(=O)NS(C)(=O)=O)CC(c3ccccc3)N2C)cc1,0.0,0.8962048706747756,372.49,2.804920000000001,66.48,4,1,4,2,26,0
46,Cc1cccc(C2CC(C(=O)NS(C)(=O)=O)C(c3ccccc3)N2C)c1,0.7950847,0.8962048706747756,372.49000000000007,2.804920000000001,66.48,4,1,4,2,26,0
989047,CN1CC=CC(NC(=O)C2CC(c3cccnc3)N(C)C2c2ccccc2)=N1,0.7374015,0.8961638569348349,375.4760000000001,2.7470000000000008,60.830000000000005,5,1,3,2,28,0
1012538,CN1C=CCN=C1NC(=O)C1CC(c2ccccc2)N(C)C1c1ccccn1,0.7445196,0.8961638569348349,375.4760000000001,2.7470000000000008,60.830000000000005,5,1,3,2,28,0
32447,CC(=O)NC(=O)C1CC(c2ccccc2)N(CCF)C1c1cccnc1,0.0,0.8958656792804306,355.41300000000007,2.818100000000001,62.3,4,1,5,2,26,0
1043107,CC(=O)N1C(c2ccccc2)CC(C(=O)NC2=NCN2C)C1c1ccccc1,0.769648,0.8958084962891055,376.4600000000001,2.712500000000001,65.01,4,1,3,2,28,0
974041,CN1C(c2ccccc2)CC(C(=O)NC2CCSC2=O)C1c1ccco1,0.7332952,0.8956989394994217,370.4740000000001,3.1620000000000017,62.55,5,1,4,2,26,0
1006519,CN1C(c2ccco2)CC(C(=O)NC2CCSC2=O)C1c1ccccc1,0.7299893,0.8956989394994217,370.4740000000001,3.1620000000000017,62.55,5,1,4,2,26,0
983482,CN1C(c2ccco2)CC(C(=O)NC2CSC(=O)C2)C1c1ccccc1,0.731503,0.8956989394994216,370.4740000000001,3.1620000000000017,62.55,5,1,4,2,26,0
1016251,CN1C(c2ccco2)CC(C(=O)NC2CSC(=O)C2)C1c1ccccc1,0.0,0.8956989394994216,370.4740000000001,3.1620000000000017,62.55,5,1,4,2,26,0
690325,CN1C(c2ccccc2)CC(C(=O)NC(=O)N2C=NCC2)C1c1ccccc1,0.7632783,0.8956104776607388,376.4600000000001,3.0008000000000017,65.01,4,1,3,2,28,0
756021,CC(=O)NC(=O)C1CC(c2ccccc2)N(C2=NC=CC2)C1c1ccccn1,0.7438906,0.8954819942196628,374.4440000000001,3.164500000000002,74.66,5,1,3,2,28,0
467875,CN1C(c2cccnc2)CC(C(=O)NC(=O)OC2CC2)C1c1ccncc1,0.7162302,0.8954171027824487,366.4210000000001,2.625900000000001,84.42,6,1,4,2,27,0
875420,CN1C(c2cccnc2)CC(C(=O)NC(=O)OC2CC2)C1c1ccncc1,0.0,0.8954171027824487,366.4210000000001,2.625900000000001,84.42,6,1,4,2,27,0
526998,CNC(=O)C1CC(c2ccccc2)N(C(=O)C2CC=C=N2)C1c1ccccc1,0.7583332,0.8953348336360765,373.4560000000001,3.061700000000002,61.77,3,1,4,2,28,0
488774,CNC(=O)C1CC(c2ccccc2)N(C(=O)C2C=CC=C2)C1c1ccccn1,0.7590403,0.895215921757593,373.4560000000001,3.200700000000002,62.3,3,1,4,2,28,0
308668,CN1C(c2ccco2)CC(C(=O)NC(=O)CC2CC2)C1c1ccccc1,0.7489004,0.895103192986481,352.434,3.4566000000000026,62.55,4,1,5,2,26,0
655573,CN1C(c2ccccc2)CC(C(=O)NC(=O)CC2CC2)C1c1ccco1,0.7526615,0.895103192986481,352.4340000000001,3.4566000000000026,62.55,4,1,5,2,26,0
15589,CC(=O)NC(=O)C1CC(c2ccccc2)N(CC2CC2)C1c1ccco1,0.7466782,0.8951031929864808,352.43400000000014,3.4566000000000026,62.55,4,1,5,2,26,0
761315,CC(=O)NC(=O)C1CC(c2cccs2)N(C2(C)N=N2)C1c1ccccc1,0.7126476,0.8949606978264484,368.4620000000001,3.654600000000003,74.13,6,1,4,2,26,0
1128166,CC(=O)N1C(c2ccccc2)CC(C(=O)NC2CCS2)C1c1ccco1,0.7516875,0.8945877058943316,370.4740000000001,3.5096000000000016,62.55,4,1,4,2,26,0
729015,CC(C)N(C)C(=O)NC(=O)C1CC(c2ccco2)N(C)C1c1ccccc1,0.0,0.8943933855674729,369.4650000000001,3.5901000000000023,65.79,4,1,4,2,27,0
495287,CNC(=O)C1CC(c2ccccc2)N(C(=O)C2=CN=CC2)C1c1cccnc1,0.755404,0.8942012429692302,374.4440000000001,2.8169000000000013,74.66,4,1,4,2,28,0
493449,CNC(=O)C1CC(c2cccnc2)N(C(=O)C2=CN=CC2)C1c1ccccc1,0.7555488,0.8942012429692302,374.4440000000001,2.8169000000000013,74.66,4,1,4,2,28,0
898440,CNC(=O)C1CC(c2cccnc2)N(C(=O)C2=CCC=N2)C1c1ccccc1,0.7554685,0.8942012429692302,374.4440000000001,2.8169000000000013,74.66,4,1,4,2,28,0
499909,CNC(=O)C1CC(c2ccccc2)N(C(=O)C2=CN=CC2)C1c1cccnc1,0.0,0.8942012429692302,374.4440000000001,2.8169000000000013,74.66,4,1,4,2,28,0
493385,CNC(=O)C1CC(c2ccccc2)N(C(=O)C2=CN=CC2)C1c1ccccn1,0.7560088,0.8942012429692302,374.4440000000001,2.8169000000000013,74.66,4,1,4,2,28,0
475933,CN1C(c2ccccc2)CC(C(=O)NC(=O)N2CC=C=N2)C1c1ccncc1,0.7363224,0.8941755983187369,375.432,2.508400000000001,77.9,5,1,3,2,28,0
492228,CNC(=O)C1CC(c2ccccc2)N(C(=O)C2=CC=CC2)C1c1cccnc1,0.7631845,0.8940333092708517,373.4560000000001,3.344800000000002,62.3,3,1,4,2,28,0
493243,CNC(=O)C1CC(c2ccccc2)N(C(=O)C2=CC=CC2)C1c1cccnc1,0.0,0.8940333092708517,373.4560000000001,3.344800000000002,62.3,3,1,4,2,28,0
483205,CNC(=O)C1CC(c2cccnc2)N(C(=O)C2=CC=CC2)C1c1ccccc1,0.7634145,0.8940333092708517,373.4560000000001,3.344800000000002,62.3,3,1,4,2,28,0
492698,CNC(=O)C1CC(c2ccccc2)N(C(=O)C2C=CN=C2)C1c1ccccc1,0.7609741,0.8940193990800679,373.4560000000001,3.277800000000002,61.77,3,1,4,2,28,0
961555,Cc1cccc(C2CC(C(=O)NC3CN=CC3=O)C(c3ccccc3)N2C)c1,0.7511254,0.8938572318936069,375.4720000000001,2.867420000000002,61.77,4,1,4,2,28,0
910368,Cc1cccc(C2CC(C(=O)NC3C=NCC3=O)C(c3ccccc3)N2C)c1,0.7471351,0.8938572318936069,375.4720000000001,2.867420000000001,61.77,4,1,4,2,28,0
1012376,CN1C(c2ccccc2)CC(C(=O)NC2CN=CC(=O)C2)C1c1ccccc1,0.7487163,0.8937380034481616,375.4720000000001,2.9491000000000014,61.77,4,1,4,2,28,0
518302,CNC(=O)C1CC(c2ccccc2)N(C(=O)C2=NN=CC2)C1c1ccccc1,0.7553083,0.8935598613093777,374.4440000000001,2.894000000000001,74.13,4,1,4,2,28,0
526645,CN1C(c2ccccc2)CC(C(=O)NC2=NC(=O)CCC2)C1c1ccccn1,0.7662549,0.8934589313587138,376.4600000000001,3.040900000000001,74.66,4,1,3,2,28,0
548131,CC(=O)NC(=O)C1CC(c2ccccc2)N(C2=NCCC2)C1c1ccncc1,0.747228,0.8934589313587138,376.46000000000015,3.040900000000001,74.66,5,1,3,2,28,0
756515,CC(=O)NC(=O)C1CC(c2ccccc2)N(C2=NCCC2)C1c1ccncc1,0.0,0.8934589313587138,376.46000000000015,3.040900000000001,74.66,5,1,3,2,28,0
778389,CN1C(c2ccccc2)CC(C(=O)NC(=O)N2CCC=N2)C1c1ccccc1,0.7605597,0.8934404639852427,376.46,3.3484000000000016,65.01,4,1,3,2,28,0
498567,CC(=O)NC(=O)C1CC(c2cccnc2)N(C2=NN=CC2)C1c1ccccc1,0.7238173,0.8933893647248916,375.4320000000001,2.6366000000000014,87.02,6,1,3,2,28,0
808118,CC(=O)NC(=O)C1CC(c2ccccc2)N(C2=NN=CC2)C1c1cccnc1,0.0,0.8933893647248916,375.4320000000001,2.6366000000000014,87.02,6,1,3,2,28,0
667829,CC(=O)NC(=O)C1CC(c2ccccc2)N(C2=NN=CC2)C1c1cccnc1,0.7238411,0.8933893647248916,375.4320000000001,2.6366000000000014,87.02,6,1,3,2,28,0
882356,CC(=O)NC(=O)C1CC(c2ccccc2)N(C2=NN=CC2)C1c1cccnc1,0.0,0.8933893647248916,375.4320000000001,2.6366000000000014,87.02,6,1,3,2,28,0
762751,CC(=O)NC(=O)C1CC(c2cccnc2)N(C2=NN=CC2)C1c1ccccc1,0.0,0.8933893647248916,375.4320000000001,2.6366000000000014,87.02,6,1,3,2,28,0
914806,CCN1C(c2cccnc2)CC(C(=O)NC2=NCC=NC2)C1c1ccccc1,0.7342871,0.893317401819954,375.47600000000006,2.804900000000001,69.95,5,1,4,2,28,0
984960,CN1CCC(NC(=O)C2CC(c3cccnc3)N(C)C2c2ccccc2)=NC1,0.7426833,0.8932923056901962,377.4920000000001,2.6234,60.830000000000005,5,1,3,2,28,0
1018230,CN1CCC(NC(=O)C2CC(c3cccnc3)N(C)C2c2ccccc2)=NC1,0.0,0.8932923056901962,377.4920000000001,2.6234,60.830000000000005,5,1,3,2,28,0
475021,CNC(=O)C1CC(c2cccnc2)N(C2=NCCCN2C)C1c1ccccc1,0.748672,0.8932923056901962,377.4920000000001,2.623400000000001,60.830000000000005,5,1,3,2,28,0
695093,CN1CCCN=C1NC(=O)C1CC(c2ccccc2)N(C)C1c1ccccn1,0.7492838,0.8932923056901962,377.4920000000001,2.623400000000001,60.830000000000005,5,1,3,2,28,0
702231,CC1CN=C(NC(=O)C2CC(c3ccccc3)N(C)C2c2ccncc2)N1C,0.7408841,0.8932879175923963,377.4920000000001,2.621800000000001,60.830000000000005,5,1,3,2,28,0
526493,CC(=O)NC(=O)C1CC(c2ccccc2)N(C2C=CC=N2)C1c1ccccc1,0.7523763,0.8932497582002361,373.4560000000001,3.420300000000003,61.77,4,1,4,2,28,0
858388,CNC(=O)C1CC(c2ccccc2)N(C2=NC=CCCO2)C1c1ccncc1,0.7425185,0.8931891332375542,376.4600000000001,3.221900000000001,66.82000000000001,5,1,3,2,28,0
497827,CNC(=O)C1CC(c2ccccc2)N(C(=O)C2=NCN=C2)C1c1ccccc1,0.7562066,0.8930952268768008,374.4440000000001,2.546400000000001,74.13,4,1,4,2,28,0
522622,CC(=O)NC(=O)C1CC(c2cccnc2)N(C2C=CN=C2)C1c1ccccc1,0.730689,0.893002867864088,374.4440000000001,2.815300000000001,74.66,5,1,4,2,28,0
1044211,CN1C(c2ccccc2)CC(C(=O)NC(=O)OC2N=N2)C1c1cccs1,0.7097427,0.8929658429063573,370.434,3.4844000000000017,83.36,7,1,4,2,26,0
544535,CN1C(c2ccccc2)CC(C(=O)NC(=O)N2C=CCC2)C1c1ccncc1,0.7598813,0.8929022243602768,376.4600000000001,3.271300000000002,65.54,4,1,3,2,28,0
845110,CN1C(c2ccccc2)CC(C(=O)NC(=O)N2C=CCC2)C1c1ccccn1,0.7633582,0.8929022243602768,376.4600000000001,3.271300000000002,65.54,4,1,3,2,28,0
891592,CC(=O)NC(=O)C1CC(c2ccccc2)N(C2C=CC=C2)C1c1cccnc1,0.7528278,0.8928507553057686,373.4560000000001,3.343200000000002,62.3,4,1,4,2,28,0
862825,CNC(=O)C1CC(c2ccccc2)N(C(=O)C2C=NC2)C1c1ccc(C)cc1,0.0,0.8927035025454418,375.47200000000015,3.0725200000000017,61.77,3,1,4,2,28,0
954741,CN1CC(NC(=O)C2CC(c3cccnc3)N(C)C2c2ccccc2)=CC=N1,0.7366612,0.8926879088494579,375.47600000000006,2.7470000000000008,60.830000000000005,5,1,4,2,28,0
843133,CN1C=CC(NC(=O)C2CC(c3cccnc3)N(C)C2c2ccccc2)C=N1,0.7275585,0.8926863300976865,375.47600000000006,2.745400000000001,60.830000000000005,5,1,4,2,28,0
986770,CC(=O)N1C(c2ccccc2)CC(C(=O)NC2C=CN=C2)C1c1ccccc1,0.7588467,0.8926035798407222,373.4560000000001,3.420300000000002,61.77,3,1,4,2,28,0
868007,CNC(=O)C1CC(c2ccccc2)N(C(=O)C2=CCC=N2)C1c1ccccc1,0.7633594,0.8925848815572431,373.4560000000001,3.4219000000000026,61.77,3,1,4,2,28,0
1073536,CN1C(c2cccnc2)CC(C(=O)NC2C3CC(=O)C2C3)C1c1ccccc1,0.7416859,0.8925843284433395,375.4720000000001,2.909400000000001,62.3,4,1,4,2,28,0
1016605,CN1C(c2ccccc2)CC(C(=O)NC2C3CC(=O)C2C3)C1c1ccncc1,0.7419172,0.8925843284433395,375.4720000000001,2.909400000000001,62.3,4,1,4,2,28,0
1072514,CN1C(c2cccnc2)CC(C(=O)NC2CCC3C(=O)C23)C1c1ccccc1,0.7412109,0.8925843284433395,375.472,2.909400000000001,62.3,4,1,4,2,28,0
934263,CN1C(c2cccnc2)CC(C(=O)NC2=NN=CCCC2)C1c1ccccc1,0.7376444,0.8925596449020444,375.4760000000001,3.5001000000000024,69.95,5,1,3,2,28,0
484973,CCN1C(c2ccccc2)CC(C(=O)NC2=NCC2=O)C1c1ccc(C)cc1,0.7608201,0.8925478532294051,375.4720000000001,3.2166200000000016,61.77,4,1,4,2,28,0
901565,CN1C(c2ccco2)CC(C(=O)NC(=O)OC2CC2=O)C1c1ccccc1,0.7173726,0.8923634780908961,368.38900000000007,2.6079000000000008,88.85,6,1,4,2,27,0
1044672,CN1C(c2ccccc2)CC(C(=O)NC23CCC2C(=O)C3)C1c1cccnc1,0.741696,0.892202423356889,375.472,3.053500000000001,62.3,4,1,4,2,28,0
854210,CN1C(c2ccccc2)CC(C(=O)NC(=O)N2CCC=N2)C1c1cccnc1,0.7384972,0.8921720340878486,377.448,2.743400000000001,77.9,5,1,3,2,28,0
848699,CN1C(c2ccccc2)CC(C(=O)NC(=O)N2CCC=N2)C1c1ccccn1,0.7421507,0.8921720340878486,377.448,2.743400000000001,77.9,5,1,3,2,28,0
814390,CC1=NCN1C(=O)NC(=O)C1CC(c2ccccc2)N(C)C1c1ccccn1,0.7436441,0.8921720340878486,377.4480000000001,2.743400000000001,77.9,5,1,3,2,28,0
1091297,CN1C(c2ccccc2)CC(C(=O)NC2=NC3CCN3CC2)C1c1ccco1,0.7391835,0.8920640429160626,378.4760000000001,2.963900000000001,61.080000000000005,5,1,3,2,28,0
942021,CNC(=O)C1CC(c2ccco2)N(C(=O)N2CC=C=NC2)C1c1ccccc1,0.7614507,0.8920410681689926,378.4320000000001,2.7489000000000017,78.15,4,1,3,2,28,0
1063843,CC1=CC=NCC1NC(=O)C1CC(c2cccnc2)N(C)C1c1ccncc1,0.7283598,0.8920190080673515,375.4760000000001,2.7262000000000013,70.48,5,1,4,2,28,0
758977,CC(=O)NC(=O)C1CC(c2ccccc2)N(C2=CN=CC2)C1c1cccnc1,0.735684,0.8920086908731701,374.4440000000001,3.164500000000002,74.66,5,1,4,2,28,0
530330,CNC(=O)C1CC(c2cccnc2)N(C(=O)N2C=CCC2)C1c1ccncc1,0.7616279,0.8919879587721389,377.44800000000015,2.666300000000001,78.43,4,1,3,2,28,0
725911,CC1CCC(NC(=O)C2CC(c3cccnc3)N(C)C2c2ccncc2)=NC1,0.7363314,0.8919681161269488,377.4920000000001,3.155300000000002,70.48,5,1,3,2,28,0
1004179,CN1C(c2ccccc2)CC(C(=O)NC2CCC(=O)C=N2)C1c1ccccc1,0.748329,0.8919214208477922,375.472,3.296700000000002,61.77,4,1,4,2,28,0
993939,CN1C(c2ccccc2)CC(C(=O)NC2C=NC(=O)CC2)C1c1ccccc1,0.0,0.8919214208477922,375.47200000000015,3.296700000000002,61.77,3,1,4,2,28,0
503457,CC(=O)NC(=O)C1CC(c2ccccc2)N(C2CC=NC2)C1c1ccccc1,0.7542322,0.8919214208477922,375.4720000000001,3.296700000000002,61.77,4,1,4,2,28,0
752277,CN1C(c2ccccc2)CC(C(=O)NC2C=NC(=O)CC2)C1c1ccccc1,0.7545273,0.8919214208477922,375.47200000000015,3.296700000000002,61.77,3,1,4,2,28,0
877088,CC(=O)N1C(c2cccc(C)c2)CC(C(=O)NC2C=NC2)C1c1ccccc1,0.7606061,0.8919133122311859,375.4720000000001,3.2150200000000018,61.77,3,1,4,2,28,0
1043041,CC(=O)N1C(c2ccccc2)CC(C(=O)NC2C=NC2)C1c1ccc(C)cc1,0.7619481,0.8919133122311858,375.47200000000015,3.2150200000000018,61.77,3,1,4,2,28,0
1065115,CCN1C(c2ccccc2)CC(C(=O)NC2=NCC(=O)C2)C1c1ccccc1,0.7584449,0.8919074861080489,375.4720000000001,3.298300000000002,61.77,4,1,4,2,28,0
401345,CN1C(c2ccco2)CC(C(=O)NCC2COCO2)C1c1ccccc1,0.7235367,0.8917873431424632,356.422,2.5028000000000006,63.94000000000001,5,1,5,2,26,0
1066404,CN1C(c2cccnc2)CC(C(=O)NC2CCC3C=NC32)C1c1ccncc1,0.7186912,0.8916067489386972,375.476,2.5585000000000004,70.48,5,1,4,2,28,0
1121174,CN1C(c2cccnc2)CC(C(=O)NC2C3C=NC2CC3)C1c1ccncc1,0.0,0.8916067489386971,375.4760000000001,2.5585000000000004,70.48,5,1,4,2,28,0
978843,CN1C(c2cccnc2)CC(C(=O)NC2C3C=NC2CC3)C1c1ccncc1,0.7194141,0.8916067489386971,375.4760000000001,2.5585000000000004,70.48,5,1,4,2,28,0
683925,CN1C(c2cccnc2)CC(C(=O)NC2CC3N=CCC32)C1c1ccncc1,0.7225832,0.8916067489386971,375.47600000000006,2.5585000000000004,70.48,5,1,4,2,28,0
452186,CC(=O)N1C(c2ccccc2)CC(C(=O)NC2=NCC2)C1c1ccc(C)cc1,0.7828593,0.8915298365929433,375.47200000000015,3.5642200000000024,61.77,3,1,3,2,28,0
525088,CNC(=O)C1CC(c2ccccc2)N(C(=O)C2=NCCC2)C1c1ccncc1,0.7537403,0.8914864834919007,376.46000000000015,2.6933000000000007,74.66,4,1,4,2,28,0
454952,CNC(=O)C1CC(c2ccccc2)N(C(=O)C2CC(C)=N2)C1c1ccncc1,0.7558697,0.8914836766866279,376.4600000000001,2.691700000000001,74.66,4,1,4,2,28,0
966437,CC(=O)N1C(c2ccccc2)CC(C(=O)NC2CC=NC2)C1c1ccncc1,0.7514251,0.8914836766866279,376.4600000000001,2.691700000000001,74.66,4,1,4,2,28,0
490185,CNC(=O)C1CC(c2ccccc2)N(C(=O)C2CCC=N2)C1c1cccnc1,0.7505946,0.8914836766866279,376.4600000000001,2.691700000000001,74.66,4,1,4,2,28,0
505531,CNC(=O)C1CC(c2ccccc2)N(C(=O)C2CC(C)=N2)C1c1cccnc1,0.7556361,0.8914836766866279,376.4600000000001,2.691700000000001,74.66,4,1,4,2,28,0
1067721,CC(=O)N1C(c2ccccc2)CC(C(=O)NC2(C)C=NC2)C1c1cccnc1,0.7535153,0.8914836766866279,376.4600000000001,2.691700000000001,74.66,4,1,4,2,28,0
520988,CNC(=O)C1CC(c2ccccc2)N(C(=O)C2CCC=N2)C1c1ccncc1,0.751162,0.8914836766866279,376.4600000000001,2.691700000000001,74.66,4,1,4,2,28,0
887068,CC1=CCC(NC(=O)C2CC(c3ccccc3)N(C)C2c2ccncc2)C1=O,0.747489,0.891303928426217,375.4720000000001,3.2196000000000016,62.3,4,1,4,2,28,0
461507,CN1C(c2ccccc2)CC(C(=O)NC2C=CC(=O)CC2)C1c1cccnc1,0.7489185,0.891303928426217,375.47200000000015,3.2196000000000016,62.3,4,1,4,2,28,0
712469,CN1C(c2ccccc2)CC(C(=O)NC2CCC=CC2=O)C1c1ccncc1,0.0,0.891303928426217,375.472,3.2196000000000016,62.3,4,1,4,2,28,0
463140,CN1C(c2ccccc2)CC(C(=O)NC2CCC=CC2=O)C1c1ccncc1,0.7467819,0.891303928426217,375.472,3.2196000000000016,62.3,4,1,4,2,28,0
491841,CNC(=O)C1CC(c2ccccc2)N(C2C=CC(=O)CC2)C1c1ccccn1,0.7543698,0.891303928426217,375.47200000000015,3.2196000000000016,62.3,4,1,4,2,28,0
472863,CN1C(c2ccccc2)CC(C(=O)NC2CC=CC(=O)C2)C1c1ccncc1,0.7548986,0.891303928426217,375.4720000000001,3.2196000000000016,62.3,4,1,4,2,28,0
491299,CNC(=O)C1CC(c2ccccc2)N(C2CC=CC(=O)C2)C1c1ccncc1,0.7568504,0.891303928426217,375.4720000000001,3.2196000000000016,62.3,4,1,4,2,28,0
524661,CC1CCN=C(NC(=O)C2CC(c3cccnc3)N(C)C2c2ccccc2)O1,0.7370977,0.8912613407517749,378.4760000000001,3.096700000000002,66.82000000000001,5,1,3,2,28,0
819893,CN1C(c2ccccc2)CC(C(=O)NC2=NCOCCC2)C1c1cccnc1,0.7367352,0.8912538889487969,378.4760000000001,3.098300000000002,66.82000000000001,5,1,3,2,28,0
555707,CNC(=O)C1CC(c2ccccc2)N(C(=O)N2C=CCO2)C1c1cccnc1,0.7594678,0.8912510990058937,378.4320000000001,2.812800000000001,74.77000000000001,4,1,3,2,28,0
600789,CN1C(c2ccccc2)CC(C(=O)NC(=O)OC2COC2)C1c1ccco1,0.7239902,0.8911951980652194,370.40500000000014,2.665300000000001,81.01,6,1,4,2,27,0
836533,O=C(NC1CC=NC1)C1CC(c2ccco2)N(C2=NCC2)C1c1ccccc1,0.7304713,0.8911330999726312,376.46000000000015,3.1454000000000013,70.2,5,1,4,2,28,0
903359,CC(=O)NC(=O)C1CC(c2ccccc2)N(C(=O)C2=CC2)C1c1cccnc1,0.0,0.891118164461965,375.4280000000001,2.705300000000001,79.37,4,1,4,2,28,0
888524,CC(=O)NC(=O)C1CC(c2ccccc2)N(C(=O)C2=CC2)C1c1cccnc1,0.7589231,0.891118164461965,375.4280000000001,2.705300000000001,79.37,4,1,4,2,28,0
490307,CC(=O)NC(=O)C1CC(c2ccccc2)N(C(=O)C2=CC2)C1c1ccccn1,0.7586989,0.891118164461965,375.4280000000001,2.705300000000001,79.37,4,1,4,2,28,0
549684,CNC(=O)C1CC(c2ccccc2)N(C(=O)C2CC=NC2)C1c1ccccn1,0.7542108,0.8910897666576031,376.4600000000001,2.549200000000001,74.66,4,1,4,2,28,0
482602,CNC(=O)C1CC(c2ccccc2)N(C(=O)C2C=NCC2)C1c1ccncc1,0.7519066,0.8910897666576031,376.46000000000015,2.549200000000001,74.66,4,1,4,2,28,0
451357,CN1C(c2ccccc2)CC(C(=O)NC(=O)N2CCCC2)C1c1ccncc1,0.0,0.8910892959107921,378.4760000000001,3.1477000000000013,65.54,4,1,3,2,28,0
37150,CN1C(c2ccccc2)CC(C(=O)NC(=O)N2CCCC2)C1c1ccncc1,0.0,0.8910892959107921,378.4760000000001,3.1477000000000013,65.54,4,1,3,2,28,0
77691,CN1C(c2cccnc2)CC(C(=O)NC(=O)N2CCCC2)C1c1ccccc1,0.0,0.8910892959107921,378.4760000000001,3.147700000000002,65.54,4,1,3,2,28,0
445754,CN1C(c2ccccc2)CC(C(=O)NC(=O)N2CCCC2)C1c1ccccn1,0.0,0.8910892959107921,378.4760000000001,3.1477000000000013,65.54,4,1,3,2,28,0
447165,CN1C(c2ccccc2)CC(C(=O)NC(=O)N2CCCC2)C1c1cccnc1,0.0,0.8910892959107921,378.4760000000001,3.1477000000000013,65.54,4,1,3,2,28,0
247996,CN1C(c2ccccc2)CC(C(=O)NC(=O)N2CCCC2)C1c1cccnc1,0.7756975,0.8910892959107921,378.4760000000001,3.1477000000000013,65.54,4,1,3,2,28,0
37243,CN1C(c2cccnc2)CC(C(=O)NC(=O)N2CCCC2)C1c1ccccc1,0.7759417,0.8910892959107921,378.4760000000001,3.147700000000002,65.54,4,1,3,2,28,0
32029,CN1C(c2ccccc2)CC(C(=O)NC(=O)N2CCCC2)C1c1ccncc1,0.0,0.8910892959107921,378.4760000000001,3.1477000000000013,65.54,4,1,3,2,28,0
38781,CN1C(c2cccnc2)CC(C(=O)NC(=O)N2CCCC2)C1c1ccccc1,0.0,0.8910892959107921,378.4760000000001,3.147700000000002,65.54,4,1,3,2,28,0
20765,CN1C(c2ccccc2)CC(C(=O)NC(=O)N2CCCC2)C1c1ccncc1,0.775442,0.8910892959107921,378.4760000000001,3.1477000000000013,65.54,4,1,3,2,28,0
888764,CN1C(c2ccco2)CC(C(=O)NC(=O)N2CC=C=NC2)C1c1ccccc1,0.7402518,0.8908455227162667,378.4320000000001,2.7489000000000017,78.15,5,1,3,2,28,0
501413,CC(=O)NC(=O)C1CC(c2ccccc2)N(C2=NC=CC2)C1c1ccccc1,0.7642761,0.8908450293740559,373.4560000000001,3.7695000000000034,61.77,4,1,3,2,28,0
551100,CNC(=O)C1CC(c2ccccc2)N(C(=O)C2=CCC2C)C1c1cccnc1,0.7573707,0.8905906900077816,375.4720000000001,3.4247000000000023,62.3,3,1,4,2,28,0
600279,CNC(=O)C1CC(c2ccccc2)N(C(=O)OC2CCC2)C1c1ccco1,0.7607494,0.8904861768480489,368.43300000000016,3.819000000000004,71.78,4,1,4,2,27,0
1127709,CN1C(c2ccccc2)CC(C(=O)NC2N=C3CCOC32)C1c1ccncc1,0.7269865,0.8903924314265855,376.46,2.501500000000001,66.82000000000001,5,1,4,2,28,0
964995,CCN1C(c2cccnc2)CC(C(=O)NC2=NCCC2=O)C1c1ccccc1,0.7375002,0.8902916813134618,376.4600000000001,2.6933000000000007,74.66,5,1,4,2,28,0
524601,CC(=O)NC(=O)C1CC(c2ccccc2)N(C2CC=NC2)C1c1ccccn1,0.0,0.89028887826997,376.4600000000001,2.691700000000001,74.66,5,1,4,2,28,0
838934,CN1C(c2ccccc2)CC(C(=O)NC2CC(=O)CC=N2)C1c1ccncc1,0.7290475,0.89028887826997,376.46,2.691700000000001,74.66,5,1,4,2,28,0
939322,CN1C(c2ccccc2)CC(C(=O)NC2CC(=O)CC=N2)C1c1ccccn1,0.733165,0.89028887826997,376.46,2.691700000000001,74.66,5,1,4,2,28,0
468767,CN1C(c2ccccc2)CC(C(=O)NC2N=CCCC2=O)C1c1ccncc1,0.7303102,0.89028887826997,376.4600000000001,2.691700000000001,74.66,5,1,4,2,28,0
496517,CC(=O)NC(=O)C1CC(c2cccnc2)N(C2CC=NC2)C1c1ccccc1,0.7340752,0.89028887826997,376.4600000000001,2.6917000000000018,74.66,5,1,4,2,28,0
520589,CNC(=O)C1CC(c2cccnc2)N(C2CCC=NC2=O)C1c1ccccc1,0.0,0.89028887826997,376.4600000000001,2.691700000000001,74.66,4,1,4,2,28,0
557867,CNC(=O)C1CC(c2ccccc2)N(C2CC=NC(=O)C2)C1c1ccncc1,0.7519622,0.89028887826997,376.4600000000001,2.691700000000001,74.66,4,1,4,2,28,0
504644,CC(=O)NC(=O)C1CC(c2ccccc2)N(C2CC=NC2)C1c1ccccn1,0.736383,0.89028887826997,376.4600000000001,2.691700000000001,74.66,5,1,4,2,28,0
848572,CN1C(c2ccccc2)CC(C(=O)NC2CCC=NC2=O)C1c1cccnc1,0.7466856,0.89028887826997,376.46,2.691700000000001,74.66,4,1,4,2,28,0
855227,CN1C(c2ccccc2)CC(C(=O)NC2CCC(=O)C=N2)C1c1cccnc1,0.7279202,0.89028887826997,376.46,2.691700000000001,74.66,5,1,4,2,28,0
906521,CN1C(c2ccccc2)CC(C(=O)NC2CC=NC(=O)C2)C1c1ccncc1,0.7481418,0.89028887826997,376.4600000000001,2.691700000000001,74.66,4,1,4,2,28,0
490889,CNC(=O)C1CC(c2cccnc2)N(C2CCC=NC2=O)C1c1ccccc1,0.7536812,0.89028887826997,376.4600000000001,2.691700000000001,74.66,4,1,4,2,28,0
753844,CN1C(c2ccccc2)CC(C(=O)NC2C=NC(=O)CC2)C1c1cccnc1,0.7462168,0.8902888782699699,376.46000000000015,2.691700000000001,74.66,4,1,4,2,28,0
889222,CNC(=O)C1CC(c2cccnc2)N(C2CC=NC(=O)C2)C1c1ccccc1,0.7521603,0.8902888782699699,376.46000000000015,2.691700000000001,74.66,4,1,4,2,28,0
475942,CC(=O)NC(=O)C1CC(c2ccccc2)N(C2C=NCC2)C1c1ccncc1,0.7310418,0.8902888782699699,376.46000000000015,2.691700000000001,74.66,5,1,4,2,28,0
954779,CN1C=CC(NC(=O)C2CC(c3cccnc3)N(C)C2c2ccncc2)C=C1,0.7300933,0.890273560925806,375.47600000000006,2.668300000000001,61.36000000000001,5,1,4,2,28,0
510785,CNC(=O)C1CC(c2ccccc2)N(CC2=NN=CC2)C1c1ccccn1,0.72366,0.8901835332045959,361.44900000000007,2.7624000000000013,69.95,5,1,5,2,27,0
1055398,CC(=O)N1C(c2ccccc2)CC(C(=O)NC2=NCCC2)C1c1ccccc1,0.7802469,0.8901463612026786,375.47200000000015,3.645900000000003,61.77,3,1,3,2,28,0
477860,CC(=O)NC(=O)C1CC(c2ccccc2)N(C2CCC2=O)C1c1ccccc1,0.7589645,0.8900003937491532,376.4560000000001,3.185100000000002,66.48,4,1,4,2,28,0
519374,CCNC(=O)C1CC(c2ccccc2)N(C2=NC(=O)CC2)C1c1cccnc1,0.7518766,0.8899934748601203,376.46000000000015,3.040900000000001,74.66,4,1,4,2,28,0
1049522,CN1C(c2ccco2)CC(C(=O)NC2=NCC3CCC2O3)C1c1ccccc1,0.7349176,0.8899617968054173,379.4600000000001,3.0896000000000017,67.07000000000001,5,1,3,2,28,0
527096,CNC(=O)C1CC(c2ccccc2)N(C2=NC(=O)N2)C1c1cccs1,0.7472215,0.8899242271335844,354.435,2.677600000000001,73.8,4,2,3,2,25,0
779540,CCN1CCC(NC(=O)C2CC(c3ccccc3)N(C)C2c2ccncc2)=N1,0.734498,0.8898981945274834,377.4920000000001,2.971000000000001,60.830000000000005,5,1,4,2,28,0
1085245,CCN1C(c2ccccc2)CC(C(=O)NC2=NN(C)CC2)C1c1ccccn1,0.7348955,0.8898981945274834,377.4920000000001,2.971000000000002,60.830000000000005,5,1,4,2,28,0
233914,CC(=O)N1C(c2ccco2)CC(C(=O)NC2CCCC2)C1c1ccccc1,0.7770791,0.8898759627217725,366.46100000000007,3.989200000000003,62.55,3,1,4,2,27,0
892127,CNC(=O)C1CC(c2ccccc2)N(C(=O)C2=CC(=O)C=C2)C1c1ccco1,0.7578366,0.8898353912826718,376.4120000000001,2.721800000000001,79.62,4,1,4,2,28,0
