Agent,Prior,Target,Score,SMILES,SMILES_state,Input_Scaffold,R-groups,Scaffold,DENV_Activity,DENV_Activity (raw),Stereo_Centers,Stereo_Centers (raw),QED,QED (raw),SA,SA (raw),MW,MW (raw),LogP,LogP (raw),TPSA,TPSA (raw),HBA,HBA (raw),HBD,HBD (raw),Rotatable_Bonds,Rotatable_Bonds (raw),Ring_Count,Ring_Count (raw),Stability_Alerts,Stability_Alerts (raw),Toxicity_Alerts,Toxicity_Alerts (raw),PAINS_Filter,PAINS_Filter (raw),matchting_patterns (Stability_Alerts),matchting_patterns (Toxicity_Alerts),matchting_patterns (PAINS_Filter),step,IC50_nM
12.2948,22.1368,77.6666,0.7128809,CNC(=O)C1CC(c2cccnc2)N(CC2CCNCC2)C1c1ccccc1,1,c1ccncc1C1N([*])C(c2ccccc2)C(C(=O)N[*])C1,N1CCC(C*)CC1|C*,c1ccc(C2CCC(c3cccnc3)N2CC2CCNCC2)cc1,0.8851446,8.0023,1e-05,3.0,0.8399589,0.84,0.1825663,3.6162,0.9979479,378.52,0.9996732,2.9315,0.9930899,57.26,0.8720069,4.0,0.5,2.0,0.1916823,5.0,0.1279931,4.0,1.0,1.0,1.0,1.0,1.0,1.0,[],[],[],269,9.947180530834235
16.5013,22.4309,76.9957,0.7101894,CN1C(c2cccnc2)CC(C(=O)NCC2CCNC2)C1c1ccccc1,1,c1ccncc1C1N([*])C(c2ccccc2)C(C(=O)N[*])C1,C*|N1CC(C*)CC1,O=C(NCC1CCNC1)C1CC(c2cccnc2)NC1c1ccccc1,0.8797276,8.0278,0.0,4.0,0.8560813,0.8561,0.1695791,3.6381,0.9950626,364.493,0.9996246,2.5414,0.9930899,57.26,0.8720069,4.0,0.5,2.0,0.1916823,5.0,0.1279931,4.0,1.0,1.0,1.0,1.0,1.0,1.0,[],[],[],88,9.379938696184906
13.3359,19.461,79.8753,0.7095446,CN1C(c2ccccc2)CC(C(=O)NCC2CCNC2)C1c1cccnc1,1,c1ccccc1C1N([*])C(c2cccnc2)C(C(=O)N[*])C1,C*|C1(C*)CCNC1,O=C(NCC1CCNC1)C1CC(c2ccccc2)NC1c1cccnc1,0.8788157,8.032,0.0,4.0,0.8560813,0.8561,0.1665388,3.6434,0.9950626,364.493,0.9996246,2.5414,0.9930899,57.26,0.8720069,4.0,0.5,2.0,0.1916823,5.0,0.1279931,4.0,1.0,1.0,1.0,1.0,1.0,1.0,[],[],[],154,9.289663867799362
18.2538,23.7998,75.4283,0.708772,CC(=O)N1C(c2ccccc2)CC(C(=O)NCC2CCNC2)C1c1cccnc1,1,c1ccccc1C1N([*])C(c2cccnc2)C(C(=O)N[*])C1,*C(C)=O|C1C(C*)CNC1,O=C(NCC1CCNC1)C1CC(c2ccccc2)NC1c1cccnc1,0.8855371,8.0004,0.0,4.0,0.819783,0.8198,0.1370109,3.6996,0.9991462,392.503,0.9994252,2.4581,0.9999489,74.33,0.8720069,4.0,0.5,2.0,0.1916823,5.0,0.1279931,4.0,1.0,1.0,1.0,1.0,1.0,1.0,[],[],[],2353,9.990793899844599
17.1068,36.9784,62.1163,0.7078195,O=C(NCC1CCNC1)C1CC(c2ccccc2)N(C(=O)N2CCC2)C1c1ccccc1,1,c1ccccc1C1N([*])C(c2ccccc2)C(C(=O)N[*])C1,N1(C(*)=O)CCC1|C1C(C*)CNC1,O=C(NCC1CCNC1)C1CC(c2ccccc2)N(C(=O)N2CCC2)C1c1ccccc1,0.8851563,8.0022,0.0,4.0,0.7617297,0.7617,0.16087,3.6535,0.9993733,432.568,0.9973321,3.3423,0.9991784,64.68,0.97891,3.0,0.5,2.0,0.1916823,5.0,0.0031523,5.0,1.0,1.0,1.0,1.0,1.0,1.0,[],[],[],466,9.949471217509918
14.5291,20.9813,77.7172,0.7049897,CC(=O)N1C(c2ccco2)CC(C(=O)NCC2CCNCC2)C1c1ccccc1,1,c1ccoc1C1N([*])C(c2ccccc2)C(C(=O)N[*])C1,CC(=O)*|C1NCCC(C*)C1,O=C(NCC1CCNCC1)C1CC(c2ccco2)NC1c1ccccc1,0.8674277,8.0822,1e-05,3.0,0.8160639,0.8161,0.1985661,3.5909,0.9992927,395.503,0.9994124,3.0462,0.9999524,74.58,0.8720069,4.0,0.5,2.0,0.1916823,5.0,0.1279931,4.0,1.0,1.0,1.0,1.0,1.0,1.0,[],[],[],199,8.275609700353533
15.394,24.1756,74.4024,0.7041286,CNC(=O)C1CC(c2ccccc2)N(CCC2CCNCC2)C1c1cccnc1,1,c1ccccc1C1N([*])C(c2cccnc2)C(C(=O)N[*])C1,C1(CC*)CCNCC1|C*,c1ccc(C2CCC(c3cccnc3)N2CCC2CCNCC2)cc1,0.8849005,8.0035,1e-05,3.0,0.7918288,0.7918,0.16284,3.65,0.9991485,392.547,0.9975995,3.3216,0.9930899,57.26,0.8720069,4.0,0.5,2.0,0.0532402,6.0,0.1279931,4.0,1.0,1.0,1.0,1.0,1.0,1.0,[],[],[],344,9.919733392390798
12.4182,24.769,73.7841,0.7039507,CN(C)C(=O)NC(=O)C1CC(c2ccccc2)N(CC2CCNCC2)C1c1ccccc1,1,c1ccccc1C1N([*])C(c2ccccc2)C(C(=O)N[*])C1,C1CNCCC1C*|*C(N(C)C)=O,c1ccc(C2CCC(c3ccccc3)N2CC2CCNCC2)cc1,0.8804114,8.0246,1e-05,3.0,0.7549669,0.755,0.16329,3.6492,0.9992888,434.584,0.990669,3.5883,0.9991784,64.68,0.8720069,4.0,0.5,2.0,0.1916823,5.0,0.1279931,4.0,1.0,1.0,1.0,1.0,1.0,1.0,[],[],[],147,9.449307890342999
14.3447,14.0169,84.4799,0.7035485,CN1C(c2ccccc2)CC(C(=O)NCC2CCNCC2)C1c1ccncc1,1,c1ccccc1C1N([*])C(c2ccncc2)C(C(=O)N[*])C1,*C|N1CCC(C*)CC1,O=C(NCC1CCNCC1)C1CC(c2ccccc2)NC1c1ccncc1,0.8500531,8.1523,1e-05,3.0,0.8399589,0.84,0.269927,3.4931,0.9979479,378.52,0.9996732,2.9315,0.9930899,57.26,0.8720069,4.0,0.5,2.0,0.1916823,5.0,0.1279931,4.0,1.0,1.0,1.0,1.0,1.0,1.0,[],[],[],449,7.042064523312061
14.9414,33.0515,65.4272,0.7034193,O=C(NCC1CC1)C1CC(c2ccccc2)N(C(=O)N2CCNCC2)C1c1cccnc1,1,c1ccccc1C1N([*])C(c2cccnc2)C(C(=O)N[*])C1,N1CCN(C(*)=O)CC1|C1CC1C*,O=C(NCC1CC1)C1CC(c2ccccc2)N(C(=O)N2CCNCC2)C1c1cccnc1,0.8835332,8.01,1e-05,3.0,0.7602181,0.7602,0.1753997,3.6281,0.9993333,433.556,0.9998622,2.7373,0.9999799,77.57,0.8720069,4.0,0.5,2.0,0.1916823,5.0,0.0031523,5.0,1.0,1.0,1.0,1.0,1.0,1.0,[],[],[],145,9.772372209558112
18.57,21.204,77.2267,0.7030765,Cc1ccc(C2C(C(=O)NCC3CCNCC3)CC(c3ccccc3)N2C)cc1,1,c1ccccc1C1N([*])C(c2ccc([*])cc2)C(C(=O)N[*])C1,C*|C*|C1NCCC(C*)C1,O=C(NCC1CCNCC1)C1CC(c2ccccc2)NC1c1ccccc1,0.847401,8.1624,1e-05,3.0,0.8138255,0.8138,0.3906989,3.3586,0.9990941,391.559,0.9661686,3.8449,0.7786449,44.37,0.97891,3.0,0.5,2.0,0.1916823,5.0,0.1279931,4.0,1.0,1.0,1.0,1.0,1.0,1.0,[],[],[],2039,6.880183161430383
15.8894,24.0867,74.2525,0.7024229,CC(=O)N1C(c2ccccc2)CC(C(=O)NCCC2CCNCC2)C1c1ccccn1,1,c1ccccc1C1N([*])C(c2ncccc2)C(C(=O)N[*])C1,*C(=O)C|N1CCC(CC*)CC1,O=C(NCCC1CCNCC1)C1CC(c2ccccc2)NC1c1ccccn1,0.8816944,8.0186,1e-05,3.0,0.7524507,0.7525,0.1857256,3.6111,0.9997051,420.557,0.9984313,3.2383,0.9999489,74.33,0.8720069,4.0,0.5,2.0,0.0532402,6.0,0.1279931,4.0,1.0,1.0,1.0,1.0,1.0,1.0,[],[],[],196,9.580760857350214
10.1153,12.6572,85.652,0.7022084,CN1C(c2ccccc2)CC(C(=O)NCC2CCNCC2)C1c1cccnc1,1,c1ccccc1C1N([*])C(c2cccnc2)C(C(=O)N[*])C1,*C|C1CNCCC1C*,O=C(NCC1CCNCC1)C1CC(c2ccccc2)NC1c1cccnc1,0.8456186,8.1691,1e-05,3.0,0.8399589,0.84,0.2788453,3.4821,0.9979479,378.52,0.9996732,2.9315,0.9930899,57.26,0.8720069,4.0,0.5,2.0,0.1916823,5.0,0.1279931,4.0,1.0,1.0,1.0,1.0,1.0,1.0,[],[],[],142,6.774854928498453
14.7854,19.9477,78.1175,0.7004653,O=C(NC1CCNCC1)C1CC(c2ccccc2)N(CC2CC2)C1c1cccnc1,1,c1ccccc1C1N([*])C(c2cccnc2)C(C(=O)N[*])C1,C1C(C*)C1|C1C(*)CCNC1,O=C(NC1CCNCC1)C1CC(c2ccccc2)N(CC2CC2)C1c1cccnc1,0.8849448,8.0032,1e-05,3.0,0.7741679,0.7742,0.1798831,3.6206,0.9995993,404.558,0.9950359,3.4641,0.9930899,57.26,0.8720069,4.0,0.5,2.0,0.0532402,6.0,0.0031523,5.0,1.0,1.0,1.0,1.0,1.0,1.0,[],[],[],102,9.926588068710316
11.0522,26.2091,71.6332,0.6988739,O=C(NC1CC1)C1CC(c2ccccc2)N(CC2CCNCC2)C1c1ccccn1,1,c1ccccc1C1N([*])C(c2ncccc2)C(C(=O)N[*])C1,N1CCC(C*)CC1|C1(*)CC1,O=C(NC1CC1)C1CC(c2ccccc2)N(CC2CCNCC2)C1c1ccccn1,0.8821986,8.0163,1e-05,3.0,0.7741679,0.7742,0.1753542,3.6282,0.9995993,404.558,0.9950359,3.4641,0.9930899,57.26,0.8720069,4.0,0.5,2.0,0.0532402,6.0,0.0031523,5.0,1.0,1.0,1.0,1.0,1.0,1.0,[],[],[],153,9.63163464023982
18.6031,35.6404,62.0158,0.6975441,O=C(NCC1CCNC1)C1CC(c2ccccc2)N(C(=O)N2CCC2)C1c1ccncc1,1,c1ccccc1C1N([*])C(c2ccncc2)C(C(=O)N[*])C1,C1CCN1C(=O)*|C1(C*)CNCC1,O=C(NCC1CCNC1)C1CC(c2ccccc2)N(C(=O)N2CCC2)C1c1ccncc1,0.8844752,8.0055,0.0,4.0,0.7602181,0.7602,0.0922068,3.8087,0.9993333,433.556,0.9998622,2.7373,0.9999799,77.57,0.8720069,4.0,0.5,2.0,0.1916823,5.0,0.0031523,5.0,1.0,1.0,1.0,1.0,1.0,1.0,[],[],[],721,9.874156357468665
20.381,37.7549,59.9002,0.6975362,O=C(NCC1CC1)C1CC(c2ccccc2)N(C(=O)N2CCCNCC2)C1c1cccs1,1,c1ccccc1C1N([*])C(c2sccc2)C(C(=O)N[*])C1,C1CCNCCN1C(*)=O|C1(C*)CC1,O=C(NCC1CC1)C1CC(c2ccccc2)N(C(=O)N2CCCNCC2)C1c1cccs1,0.8843367,8.0062,1e-05,3.0,0.7254603,0.7255,0.1436457,3.6861,0.9977954,452.624,0.9737378,3.7939,0.9991784,64.68,0.8720069,4.0,0.5,2.0,0.1916823,5.0,0.0031523,5.0,1.0,1.0,1.0,1.0,1.0,1.0,[],[],[],1929,9.858253917099976
10.1814,30.344,67.2425,0.6970461,O=C(NC1CC1)C1CC(c2ccccc2)N(C(=O)CC2CCNCC2)C1c1ccncc1,1,c1ccccc1C1N([*])C(c2ccncc2)C(C(=O)N[*])C1,C1CNCCC1CC(*)=O|C1(*)CC1,O=C(NC1CC1)C1CC(c2ccccc2)N(C(=O)CC2CCNCC2)C1c1ccncc1,0.8819525,8.0174,1e-05,3.0,0.7339521,0.734,0.1796127,3.6211,0.9993733,432.568,0.996753,3.3808,0.9999489,74.33,0.8720069,4.0,0.5,2.0,0.0532402,6.0,0.0031523,5.0,1.0,1.0,1.0,1.0,1.0,1.0,[],[],[],147,9.607270084891194
19.4158,38.9399,58.5514,0.696366,CCN1C(c2ccccc2)CC(C(=O)NCC2CCNCC(=O)C2)C1c1ccccc1,1,c1ccccc1C1N([*])C(c2ccccc2)C(C(=O)N[*])C1,CC*|C1CNCC(=O)CC1C*,O=C1CNCCC(CNC(=O)C2CC(c3ccccc3)NC2c2ccccc2)C1,0.8842919,8.0064,0.0,4.0,0.7524435,0.7524,0.0948193,3.8012,0.9997229,419.569,0.9941698,3.4957,0.997915,61.44,0.8720069,4.0,0.5,2.0,0.0532402,6.0,0.1279931,4.0,1.0,1.0,1.0,1.0,1.0,1.0,[],[],[],1799,9.853715068586201
11.667,29.8061,67.6802,0.6963311,O=C(NC1CC1)C1CC(c2cccnc2)N(C(=O)CC2CCNCC2)C1c1ccccc1,1,c1ccncc1C1N([*])C(c2ccccc2)C(C(=O)N[*])C1,N1CCC(CC(*)=O)CC1|C1C(*)C1,O=C(NC1CC1)C1CC(c2cccnc2)N(C(=O)CC2CCNCC2)C1c1ccccc1,0.8789294,8.0315,1e-05,3.0,0.7339521,0.734,0.188314,3.6069,0.9993733,432.568,0.996753,3.3808,0.9999489,74.33,0.8720069,4.0,0.5,2.0,0.0532402,6.0,0.0031523,5.0,1.0,1.0,1.0,1.0,1.0,1.0,[],[],[],155,9.300365147539615
15.1747,32.7298,64.6914,0.6958654,O=C(NCC1CCNC1)C1CC(c2ccccc2)N(C(=O)N2CCCC2)C1c1ccncc1,1,c1ccccc1C1N([*])C(c2ccncc2)C(C(=O)N[*])C1,C1CCN(C(=O)*)C1|N1CC(C*)CC1,O=C(NCC1CCNC1)C1CC(c2ccccc2)N(C(=O)N2CCCC2)C1c1ccncc1,0.8837895,8.0088,0.0,4.0,0.7383681,0.7384,0.0931845,3.8058,0.9983926,447.583,0.99911,3.1274,0.9999799,77.57,0.8720069,4.0,0.5,2.0,0.1916823,5.0,0.0031523,5.0,1.0,1.0,1.0,1.0,1.0,1.0,[],[],[],409,9.799411610955923
19.0349,28.0096,69.3648,0.6955313,COC(=O)N1C(c2cccc(C)c2)CC(C(=O)NCC2CCNCC2)C1c1ccccc1,1,c1ccc([*])cc1C1N([*])C(c2ccccc2)C(C(=O)N[*])C1,C*|COC(=O)*|C1NCCC(C*)C1,O=C(NCC1CCNCC1)C1CC(c2ccccc2)NC1c1ccccc1,0.8562583,8.1281,1e-05,3.0,0.7453133,0.7453,0.2496147,3.5189,0.9992435,435.568,0.9341949,3.9815,0.9998534,70.67,0.8720069,4.0,0.5,2.0,0.1916823,5.0,0.1279931,4.0,1.0,1.0,1.0,1.0,1.0,1.0,[],[],[],493,7.445605127728001
14.9609,39.6333,57.71,0.6953095,O=C(NCC1CCNC1)C1CC(c2ccccc2)N(C(=O)N2CCC2)C1c1cccs1,1,c1ccccc1C1N([*])C(c2cccs2)C(C(=O)N[*])C1,C1CN(C(*)=O)C1|C1(C*)CCNC1,O=C(NCC1CCNC1)C1CC(c2ccccc2)N(C(=O)N2CCC2)C1c1cccs1,0.8832046,8.0115,0.0,4.0,0.7520585,0.7521,0.0804015,3.8453,0.9990852,438.597,0.996349,3.4038,0.9991784,64.68,0.8720069,4.0,0.5,2.0,0.1916823,5.0,0.0031523,5.0,1.0,1.0,1.0,1.0,1.0,1.0,[],[],[],416,9.738677853286337
18.2844,26.2424,71.0552,0.6949833,CCCC(=O)N1C(c2ccccc2)CC(C(=O)NCC2CCNC2)C1c1cccnc1,1,c1ccccc1C1N([*])C(c2cccnc2)C(C(=O)N[*])C1,C(CC(*)=O)C|C1CNCC1C*,O=C(NCC1CCNC1)C1CC(c2ccccc2)NC1c1cccnc1,0.883514,8.0101,0.0,4.0,0.7212145,0.7212,0.1176385,3.7422,0.9997051,420.557,0.9984313,3.2383,0.9999489,74.33,0.8720069,4.0,0.5,2.0,0.0131598,7.0,0.1279931,4.0,1.0,1.0,1.0,1.0,1.0,1.0,[],[],[],1198,9.770122296741551
17.8101,26.5425,70.6698,0.6943733,O=C(CC1CCNCC1)NC(=O)C1CC(c2ccccc2)N(C2CC2)C1c1ccccc1,1,c1ccccc1C1N([*])C(c2ccccc2)C(C(=O)N[*])C1,C1C(*)C1|N1CCC(CC(*)=O)CC1,O=C(CC1CCNCC1)NC(=O)C1CC(c2ccccc2)N(C2CC2)C1c1ccccc1,0.8807331,8.0231,1e-05,3.0,0.7262057,0.7262,0.210162,3.5734,0.999411,431.58,0.9328357,3.9858,0.997915,61.44,0.8720069,4.0,0.5,2.0,0.0532402,6.0,0.0031523,5.0,1.0,1.0,1.0,1.0,1.0,1.0,[],[],[],481,9.482001070195073
16.7676,28.6464,68.5024,0.69392,O=C(NCC1CC1)C1CC(c2ccccc2)N(C(=O)C2CCNC2)C1c1cccnc1,1,c1ccccc1C1N([*])C(c2cccnc2)C(C(=O)N[*])C1,*C(=O)C1CNCC1|C1(C*)CC1,O=C(NCC1CC1)C1CC(c2ccccc2)N(C(=O)C2CCNC2)C1c1cccnc1,0.8832455,8.0113,0.0,4.0,0.7566045,0.7566,0.1096867,3.7615,0.9997402,418.541,0.9997866,2.8482,0.9999489,74.33,0.8720069,4.0,0.5,2.0,0.0532402,6.0,0.0031523,5.0,1.0,1.0,1.0,1.0,1.0,1.0,[],[],[],413,9.74316371300451
16.8418,24.8034,72.3174,0.6937197,CC(=O)N1C(c2ccccc2)CC(C(=O)NCCC2CCCNCC2)C1c1cccnc1,1,c1ccccc1C1N([*])C(c2cccnc2)C(C(=O)N[*])C1,*C(C)=O|C1CNCCCC1CC*,O=C(NCCC1CCCNCC1)C1CC(c2ccccc2)NC1c1cccnc1,0.8762846,8.0435,0.0,4.0,0.7281743,0.7282,0.1310427,3.7121,0.9992888,434.584,0.9885681,3.6284,0.9999489,74.33,0.8720069,4.0,0.5,2.0,0.0532402,6.0,0.1279931,4.0,1.0,1.0,1.0,1.0,1.0,1.0,[],[],[],1921,9.046904377381196
12.778,29.7718,67.2858,0.6932686,O=C(NCC1CCNC1)C1CC(c2cccnc2)N(C2CC2)C1c1ccccc1,1,c1ccncc1C1N([*])C(c2ccccc2)C(C(=O)N[*])C1,C1CC1*|C1CNCC1C*,O=C(NCC1CCNC1)C1CC(c2cccnc2)N(C2CC2)C1c1ccccc1,0.8765605,8.0423,0.0,4.0,0.7959449,0.7959,0.1149197,3.7487,0.9990337,390.531,0.9993227,3.074,0.9930899,57.26,0.8720069,4.0,0.5,2.0,0.0532402,6.0,0.0031523,5.0,1.0,1.0,1.0,1.0,1.0,1.0,[],[],[],115,9.07193646515091
14.9178,29.7585,67.2776,0.6931146,O=C(NCC1CCNC1)C1CC(c2cccnc2)N(C(=O)C2CCC2)C1c1ccccc1,1,c1ccncc1C1N([*])C(c2ccccc2)C(C(=O)N[*])C1,C1CCC1C(*)=O|C1(C*)CCNC1,O=C(NCC1CCNC1)C1CC(c2cccnc2)N(C(=O)C2CCC2)C1c1ccccc1,0.8839973,8.0078,0.0,4.0,0.7350085,0.735,0.1132734,3.7527,0.9993733,432.568,0.9984313,3.2383,0.9999489,74.33,0.8720069,4.0,0.5,2.0,0.0532402,6.0,0.0031523,5.0,1.0,1.0,1.0,1.0,1.0,1.0,[],[],[],200,9.82200158774254
18.4974,27.6053,69.2958,0.6921509,CC(=O)N1C(c2cccnc2)CC(C(=O)NCC2CCCNCC2)C1c1ccccc1,1,c1ccncc1C1N([*])C(c2ccccc2)C(C(=O)N[*])C1,C(=O)(*)C|C1CNCCC(C*)C1,O=C(NCC1CCCNCC1)C1CC(c2cccnc2)NC1c1ccccc1,0.8530028,8.1409,0.0,4.0,0.7788367,0.7788,0.1458119,3.6819,0.9997051,420.557,0.9984313,3.2383,0.9999489,74.33,0.8720069,4.0,0.5,2.0,0.1916823,5.0,0.1279931,4.0,1.0,1.0,1.0,1.0,1.0,1.0,[],[],[],1212,7.229362466614439
14.9087,28.7252,68.1699,0.6921073,O=C(NCC1CCNC1)C1CC(c2ccccc2)N(C2CCC2)C1c1ccncc1,1,c1ccccc1C1N([*])C(c2ccncc2)C(C(=O)N[*])C1,C1CC(*)C1|C1(C*)CNCC1,O=C(NCC1CCNC1)C1CC(c2ccccc2)N(C2CCC2)C1c1ccncc1,0.8791054,8.0307,0.0,4.0,0.7741679,0.7742,0.1046062,3.7745,0.9995993,404.558,0.9950359,3.4641,0.9930899,57.26,0.8720069,4.0,0.5,2.0,0.0532402,6.0,0.0031523,5.0,1.0,1.0,1.0,1.0,1.0,1.0,[],[],[],213,9.317512842019571
12.7079,29.8303,67.0422,0.6919464,O=C(NCC1CCNC1)C1CC(c2ccccc2)N(C(=O)C2CC2)C1c1cccs1,1,c1ccccc1C1N([*])C(c2cccs2)C(C(=O)N[*])C1,C1CC1C(*)=O|C1NCCC1C*,O=C(NCC1CCNC1)C1CC(c2ccccc2)N(C(=O)C2CC2)C1c1cccs1,0.8833049,8.0111,0.0,4.0,0.7474392,0.7474,0.0968946,3.7953,0.9996435,423.582,0.9935784,3.5147,0.997915,61.44,0.8720069,4.0,0.5,2.0,0.0532402,6.0,0.0031523,5.0,1.0,1.0,1.0,1.0,1.0,1.0,[],[],[],112,9.747651639013169
13.4682,34.1295,62.7108,0.6917162,O=C(NCC1CC1)C1CC(c2cccs2)N(C(=O)C2CCNC2)C1c1ccccc1,1,c1ccsc1C1N([*])C(c2ccccc2)C(C(=O)N[*])C1,C1(C(*)=O)CNCC1|C1(C*)CC1,O=C(NCC1CC1)C1CC(c2cccs2)N(C(=O)C2CCNC2)C1c1ccccc1,0.8827286,8.0138,0.0,4.0,0.7474392,0.7474,0.0973138,3.7941,0.9996435,423.582,0.9935784,3.5147,0.997915,61.44,0.8720069,4.0,0.5,2.0,0.0532402,6.0,0.0031523,5.0,1.0,1.0,1.0,1.0,1.0,1.0,[],[],[],151,9.687238673827638
18.0502,35.3194,61.5098,0.6916369,O=C(NCC1CCNCC1)C1CC(c2ccco2)N(C(=O)N2CC2)C1c1ccccc1,1,c1ccoc1C1N([*])C(c2ccccc2)C(C(=O)N[*])C1,N1(C(*)=O)CC1|C1NCCC(C*)C1,O=C(NCC1CCNCC1)C1CC(c2ccco2)N(C(=O)N2CC2)C1c1ccccc1,0.8656058,8.0899,1e-05,3.0,0.7266411,0.7266,0.1541207,3.6659,0.9996663,422.529,0.9996668,2.9353,0.99998,77.59,0.8720069,4.0,0.5,2.0,0.1916823,5.0,0.0031523,5.0,1.0,1.0,1.0,1.0,1.0,1.0,[],[],[],180,8.13017698856441
12.8796,25.9237,70.7427,0.6904741,O=C(NCC1CCNCC1)C1CC(c2ccccc2)N(C2CC2)C1c1ccco1,1,c1ccccc1C1N([*])C(c2ccco2)C(C(=O)N[*])C1,C1(*)CC1|C1CNCCC1C*,O=C(NCC1CCNCC1)C1CC(c2ccccc2)N(C2CC2)C1c1ccco1,0.8645604,8.0943,1e-05,3.0,0.7863871,0.7864,0.1675172,3.6417,0.9991995,393.531,0.9864458,3.6621,0.9935665,57.51,0.8720069,4.0,0.5,2.0,0.0532402,6.0,0.0031523,5.0,1.0,1.0,1.0,1.0,1.0,1.0,[],[],[],189,8.048222975885013
10.4052,19.1294,77.4812,0.6900757,CN1C(c2cccs2)CC(C(=O)NCC2CCNCC2)C1c1ccccc1,1,c1ccsc1C1N([*])C(c2ccccc2)C(C(=O)N[*])C1,C*|C1CNCCC1C*,O=C(NCC1CCNCC1)C1CC(c2cccs2)NC1c1ccccc1,0.8495199,8.1543,1e-05,3.0,0.8291824,0.8292,0.239597,3.5321,0.9985039,383.561,0.9901989,3.598,0.7786449,44.37,0.8720069,4.0,0.5,2.0,0.1916823,5.0,0.1279931,4.0,1.0,1.0,1.0,1.0,1.0,1.0,[],[],[],146,7.009709175843842
14.6527,25.223,71.2956,0.6894191,O=C(NCC1CCNC1)C1CC(c2ccccc2)N(CC2CC2)C1c1cccnc1,1,c1ccccc1C1N([*])C(c2cccnc2)C(C(=O)N[*])C1,C1CC1C*|N1CC(C*)CC1,O=C(NCC1CCNC1)C1CC(c2ccccc2)N(CC2CC2)C1c1cccnc1,0.8809589,8.0221,0.0,4.0,0.7433337,0.7433,0.0966497,3.796,0.9995993,404.558,0.9975995,3.3216,0.9930899,57.26,0.8720069,4.0,0.5,2.0,0.0131598,7.0,0.0031523,5.0,1.0,1.0,1.0,1.0,1.0,1.0,[],[],[],471,9.50385934011676
17.5626,30.4823,65.9671,0.6889242,CNC(=O)C1CC(c2ccccc2)N(C(=O)OCC2CCNCC2)C1c1cccnc1,1,c1ccccc1C1N([*])C(c2cccnc2)C(C(=O)N[*])C1,*C(OCC1CCNCC1)=O|C*,O=C(OCC1CCNCC1)N1C(c2ccccc2)CCC1c1cccnc1,0.8813387,8.0203,1e-05,3.0,0.7737968,0.7738,0.1597241,3.6556,0.9996663,422.529,0.9993428,3.0681,0.9999722,83.56,0.5,5.0,0.5,2.0,0.1916823,5.0,0.1279931,4.0,1.0,1.0,1.0,1.0,1.0,1.0,[],[],[],664,9.543331283085344
18.7954,30.6102,65.7845,0.6885335,O=C(NCC1CCNC1)C1CC(c2ccccc2)N(CC2CC2)C1c1ccccc1,1,c1ccccc1C1N([*])C(c2ccccc2)C(C(=O)N[*])C1,C1CC1C*|C1(C*)CNCC1,O=C(NCC1CCNC1)C1CC(c2ccccc2)N(CC2CC2)C1c1ccccc1,0.8853534,8.0013,0.0,4.0,0.7363353,0.7363,0.1672206,3.6422,0.9995737,403.57,0.9495021,3.9266,0.7786449,44.37,0.97891,3.0,0.5,2.0,0.0131598,7.0,0.0031523,5.0,1.0,1.0,1.0,1.0,1.0,1.0,[],[],[],1648,9.970111150161642
18.0117,30.1314,66.1584,0.6877843,O=C(NCC1CCNC1)C1CC(c2ccccc2)N(C(=O)C2CCC2)C1c1cccs1,1,c1ccccc1C1N([*])C(c2sccc2)C(C(=O)N[*])C1,C1CC(C(*)=O)C1|C1NCCC1C*,O=C(NCC1CCNC1)C1CC(c2ccccc2)N(C(=O)C2CCC2)C1c1cccs1,0.883428,8.0105,0.0,4.0,0.7204561,0.7205,0.0944976,3.8021,0.9991401,437.609,0.9545901,3.9048,0.997915,61.44,0.8720069,4.0,0.5,2.0,0.0532402,6.0,0.0031523,5.0,1.0,1.0,1.0,1.0,1.0,1.0,[],[],[],622,9.761127824302118
17.242,29.1359,67.1314,0.6876239,O=C(NC1CC1)C1CC(c2ccccc2)N(CC2CCCNCC2)C1c1cccnc1,1,c1ccccc1C1N([*])C(c2cccnc2)C(C(=O)N[*])C1,C1(C*)CCNCCC1|C1C(*)C1,O=C(NC1CC1)C1CC(c2ccccc2)N(CC2CCCNCC2)C1c1cccnc1,0.8751227,8.0487,0.0,4.0,0.7481088,0.7481,0.1143928,3.75,0.9997395,418.585,0.9645817,3.8542,0.9930899,57.26,0.8720069,4.0,0.5,2.0,0.0532402,6.0,0.0031523,5.0,1.0,1.0,1.0,1.0,1.0,1.0,[],[],[],164,8.93922770479138
14.8635,22.1405,74.0531,0.687097,O=C(NCC1CCNC1)C1CC(c2ccccc2)N(C2CCCC2)C1c1cccnc1,1,c1ccccc1C1N([*])C(c2cccnc2)C(C(=O)N[*])C1,C1CCC(*)C1|N1CCC(C*)C1,O=C(NCC1CCNC1)C1CC(c2ccccc2)N(C2CCCC2)C1c1cccnc1,0.8750696,8.049,0.0,4.0,0.7481088,0.7481,0.1077552,3.7664,0.9997395,418.585,0.9645817,3.8542,0.9930899,57.26,0.8720069,4.0,0.5,2.0,0.0532402,6.0,0.0031523,5.0,1.0,1.0,1.0,1.0,1.0,1.0,[],[],[],149,8.933054837332962
12.4999,27.1062,69.085,0.6870798,O=C(NCC1CC1)C1CC(c2ccccc2)N(C2CCNCC2)C1c1ccncc1,1,c1ccccc1C1N([*])C(c2ccncc2)C(C(=O)N[*])C1,C1CNCCC1*|C1CC1C*,O=C(NCC1CC1)C1CC(c2ccccc2)N(C2CCNCC2)C1c1ccncc1,0.8550516,8.1329,1e-05,3.0,0.7741679,0.7742,0.1825541,3.6162,0.9995993,404.558,0.9950359,3.4641,0.9930899,57.26,0.8720069,4.0,0.5,2.0,0.0532402,6.0,0.0031523,5.0,1.0,1.0,1.0,1.0,1.0,1.0,[],[],[],200,7.363766349615151
13.7682,29.0432,67.1283,0.686939,O=C(NCC1CC1)C1CC(c2cccnc2)N(C2CCNCC2)C1c1ccccc1,1,c1ccncc1C1N([*])C(c2ccccc2)C(C(=O)N[*])C1,N1CCC(*)CC1|C1CC1C*,O=C(NCC1CC1)C1CC(c2cccnc2)N(C2CCNCC2)C1c1ccccc1,0.8531885,8.1402,1e-05,3.0,0.7741679,0.7742,0.1918749,3.6013,0.9995993,404.558,0.9950359,3.4641,0.9930899,57.26,0.8720069,4.0,0.5,2.0,0.0532402,6.0,0.0031523,5.0,1.0,1.0,1.0,1.0,1.0,1.0,[],[],[],201,7.241024217924127
13.9503,24.2553,71.9031,0.6868458,O=CN1C(c2ccccc2)CC(C(=O)NCC2CCNCC2)C1c1cccs1,1,c1ccccc1C1N([*])C(c2sccc2)C(C(=O)N[*])C1,C(=O)*|C1CNCCC1C*,O=C(NCC1CCNCC1)C1CC(c2ccccc2)NC1c1cccs1,0.861706,8.1061,1e-05,3.0,0.7364918,0.7365,0.1138008,3.7514,0.9993777,397.544,0.9991226,3.1246,0.997915,61.44,0.8720069,4.0,0.5,2.0,0.0532402,6.0,0.1279931,4.0,1.0,1.0,1.0,1.0,1.0,1.0,[],[],[],671,7.832492721912549
12.9892,19.3733,76.7471,0.6865743,CN1C(c2cccnc2)CC(C(=O)NCC2CCNC2)C1c1ccncc1,1,c1ccncc1C1N([*])C(c2ccncc2)C(C(=O)N[*])C1,C*|C1CNCC1C*,O=C(NCC1CCNC1)C1CC(c2cccnc2)NC1c1ccncc1,0.8800307,8.0264,0.0,4.0,0.8473785,0.8474,0.0881532,3.8208,0.9953583,365.481,0.9917677,1.9364,0.9998297,70.15,0.5,5.0,0.5,2.0,0.1916823,5.0,0.1279931,4.0,1.0,1.0,1.0,1.0,1.0,1.0,[],[],[],1250,9.410224835267497
14.2745,22.389,73.5763,0.6854664,CC(=O)NC(=O)C1CC(c2ccccc2)N(C(=O)CC2CCNCC2)C1c1cccnc1,1,c1ccccc1C1N([*])C(c2cccnc2)C(C(=O)N[*])C1,C1CNCCC1CC(*)=O|CC(*)=O,O=C(CC1CCNCC1)N1C(c2ccccc2)CCC1c1cccnc1,0.8797105,8.0279,1e-05,3.0,0.7551545,0.7552,0.1388679,3.6958,0.9992908,434.54,0.9998606,2.7649,0.999734,91.4,0.5,5.0,0.5,2.0,0.1916823,5.0,0.1279931,4.0,1.0,1.0,1.0,1.0,1.0,1.0,[],[],[],201,9.377779134121681
16.3724,24.3096,71.5618,0.6847953,Cc1ccc(C2C(C(=O)NC(=O)OCC3CCNCC3)CC(c3ccccc3)N2C)cc1,1,c1ccccc1C1N([*])C(c2ccc([*])cc2)C(C(=O)N[*])C1,*C|C*|C1CNCCC1COC(*)=O,O=C(NC(=O)C1CC(c2ccccc2)NC1c1ccccc1)OCC1CCNCC1,0.8729025,8.0586,1e-05,3.0,0.7434188,0.7434,0.2327538,3.5414,0.9992435,435.568,0.9341949,3.9815,0.9998534,70.67,0.5,5.0,0.5,2.0,0.1916823,5.0,0.1279931,4.0,1.0,1.0,1.0,1.0,1.0,1.0,[],[],[],392,8.737757751180196
20.3187,28.8191,67.0507,0.6847843,Cc1cccc(C2CC(C(=O)NC(=O)OCC3CCNCC3)C(c3ccccc3)N2C)c1,1,c1ccc([*])cc1C1N([*])C(c2ccccc2)C(C(=O)N[*])C1,*C|*C|C1CNCCC1COC(=O)*,O=C(NC(=O)C1CC(c2ccccc2)NC1c1ccccc1)OCC1CCNCC1,0.8782001,8.0348,1e-05,3.0,0.7434188,0.7434,0.2008226,3.5874,0.9992435,435.568,0.9341949,3.9815,0.9998534,70.67,0.5,5.0,0.5,2.0,0.1916823,5.0,0.1279931,4.0,1.0,1.0,1.0,1.0,1.0,1.0,[],[],[],960,9.229963848404525
11.8181,33.9097,61.9434,0.6846646,O=C(NCC1CCNC1)C1CC(c2ccccc2)N(C2CC2)C1c1cccs1,1,c1ccccc1C1N([*])C(c2cccs2)C(C(=O)N[*])C1,C1(*)CC1|C1CNCC1C*,O=C(NCC1CCNC1)C1CC(c2ccccc2)N(C2CC2)C1c1cccs1,0.8856077,8.0,0.0,4.0,0.7831346,0.7831,0.1012616,3.7834,0.9992958,395.572,0.9798906,3.7405,0.7786449,44.37,0.8720069,4.0,0.5,2.0,0.0532402,6.0,0.0031523,5.0,1.0,1.0,1.0,1.0,1.0,1.0,[],[],[],208,10.0
18.5543,31.6168,64.1856,0.6843032,O=C(NCC1CC1)C1CC(c2ccccc2)N(C(=O)C2CCNCC2)C1c1cccs1,1,c1ccccc1C1N([*])C(c2sccc2)C(C(=O)N[*])C1,C1(C(=O)*)CCNCC1|C(C1CC1)*,O=C(NCC1CC1)C1CC(c2ccccc2)N(C(=O)C2CCNCC2)C1c1cccs1,0.8644007,8.095,1e-05,3.0,0.7204561,0.7205,0.1626986,3.6502,0.9991401,437.609,0.9545901,3.9048,0.997915,61.44,0.8720069,4.0,0.5,2.0,0.0532402,6.0,0.0031523,5.0,1.0,1.0,1.0,1.0,1.0,1.0,[],[],[],143,8.03526122185616
15.1729,21.4683,74.3215,0.6842127,CCNC(=O)C1CC(c2ccccc2)N(CC2CCNCC2)C1c1cccs1,1,c1ccccc1C1N([*])C(c2cccs2)C(C(=O)N[*])C1,C1C(C*)CCNC1|CC*,c1ccc(C2CCC(c3cccs3)N2CC2CCNCC2)cc1,0.8711123,8.0664,1e-05,3.0,0.7746824,0.7747,0.1772363,3.625,0.9993795,397.588,0.9320946,3.9881,0.7786449,44.37,0.8720069,4.0,0.5,2.0,0.0532402,6.0,0.1279931,4.0,1.0,1.0,1.0,1.0,1.0,1.0,[],[],[],150,8.582227050540155
15.7513,33.1404,62.5648,0.683608,O=C(NCC1CC1)C1CC(c2ccccc2)N(CC2CCNC2)C1c1ccccn1,1,c1ccccc1C1N([*])C(c2ncccc2)C(C(=O)N[*])C1,C1CNCC1C*|C1(C*)CC1,O=C(NCC1CC1)C1CC(c2ccccc2)N(CC2CCNC2)C1c1ccccn1,0.8693463,8.074,0.0,4.0,0.7433337,0.7433,0.0896195,3.8163,0.9995993,404.558,0.9975995,3.3216,0.9930899,57.26,0.8720069,4.0,0.5,2.0,0.0131598,7.0,0.0031523,5.0,1.0,1.0,1.0,1.0,1.0,1.0,[],[],[],348,8.433347577642756
22.4105,35.2014,60.4742,0.683397,O=C(NCC1CC1)C1CC(c2ccccc2)N(C(=O)C2CCCNCC2)C1c1ccco1,1,c1ccccc1C1N([*])C(c2ccco2)C(C(=O)N[*])C1,C1C(C(=O)*)CCNCC1|C1C(C*)C1,O=C(NCC1CC1)C1CC(c2ccccc2)N(C(=O)C2CCCNCC2)C1c1ccco1,0.8714051,8.0651,0.0,4.0,0.7233123,0.7233,0.0934777,3.805,0.9992435,435.568,0.969133,3.8264,0.9999524,74.58,0.8720069,4.0,0.5,2.0,0.0532402,6.0,0.0031523,5.0,1.0,1.0,1.0,1.0,1.0,1.0,[],[],[],1201,8.60795523869462
11.7542,23.4186,72.1914,0.6829289,O=C(NCC1CCNCC1)C1CC(c2cccnc2)N(C2CC2)C1c1ccccc1,1,c1ccncc1C1N([*])C(c2ccccc2)C(C(=O)N[*])C1,C1C(*)C1|N1CCC(C*)CC1,O=C(NCC1CCNCC1)C1CC(c2cccnc2)N(C2CC2)C1c1ccccc1,0.8431919,8.1781,1e-05,3.0,0.7741679,0.7742,0.19892,3.5903,0.9995993,404.558,0.9950359,3.4641,0.9930899,57.26,0.8720069,4.0,0.5,2.0,0.0532402,6.0,0.0031523,5.0,1.0,1.0,1.0,1.0,1.0,1.0,[],[],[],195,6.635902555060996
17.5127,20.1938,75.4036,0.6828385,CCN1C(c2ccccc2)CC(C(=O)NCC2CCCNCC2)C1c1cccnc1,1,c1ccccc1C1N([*])C(c2cccnc2)C(C(=O)N[*])C1,C(C)*|C1CNCCC(C*)C1,O=C(NCC1CCCNCC1)C1CC(c2ccccc2)NC1c1cccnc1,0.8493612,8.155,0.0,4.0,0.7678387,0.7678,0.1257537,3.7237,0.999647,406.574,0.9825981,3.7117,0.9930899,57.26,0.8720069,4.0,0.5,2.0,0.0532402,6.0,0.1279931,4.0,1.0,1.0,1.0,1.0,1.0,1.0,[],[],[],1192,6.998419960022745
15.9738,26.2679,69.3221,0.6827862,CC(=O)NC(=O)C1CC(c2ccccc2)N(CC2CCCNCC2)C1c1ccncc1,1,c1ccccc1C1N([*])C(c2ccncc2)C(C(=O)N[*])C1,N1CCCC(C*)CC1|*C(C)=O,c1ccc(C2CCC(c3ccncc3)N2CC2CCCNCC2)cc1,0.8808292,8.0227,0.0,4.0,0.776857,0.7769,0.0800265,3.8466,0.9997051,420.557,0.9984313,3.2383,0.9999489,74.33,0.5,5.0,0.5,2.0,0.1916823,5.0,0.1279931,4.0,1.0,1.0,1.0,1.0,1.0,1.0,[],[],[],241,9.490738338964757
14.524,26.5679,69.0091,0.6826929,CN1C(c2ccccc2)CC(C(=O)NC(=O)CC2CCCNCC2)C1c1cccnc1,1,c1ccccc1C1N([*])C(c2cccnc2)C(C(=O)N[*])C1,C*|C1(CC(*)=O)CCNCCC1,O=C(CC1CCCNCC1)NC(=O)C1CC(c2ccccc2)NC1c1cccnc1,0.8751896,8.0484,0.0,4.0,0.776857,0.7769,0.1126328,3.7542,0.9997051,420.557,0.9984313,3.2383,0.9999489,74.33,0.5,5.0,0.5,2.0,0.1916823,5.0,0.1279931,4.0,1.0,1.0,1.0,1.0,1.0,1.0,[],[],[],1641,8.94540483778867
19.2203,35.5721,59.9591,0.6823659,CN1CCCC(CNC(=O)C2CC(c3ccccc3)N(C3CCNC3)C2c2ccccc2)C1,1,c1ccccc1C1N([*])C(c2ccccc2)C(C(=O)N[*])C1,C1C(*)CNC1|N1(C)CC(C*)CCC1,O=C(NCC1CCCNC1)C1CC(c2ccccc2)N(C2CCNC2)C1c1ccccc1,0.8816211,8.019,0.0,5.0,0.7117665,0.7118,0.0725825,3.8724,0.998485,446.639,0.9895424,3.6108,0.8993782,47.61,0.8720069,4.0,0.5,2.0,0.0532402,6.0,0.0031523,5.0,1.0,1.0,1.0,1.0,1.0,1.0,[],[],[],133,9.571940712948441
14.3004,36.1586,59.3716,0.6823583,CN1CCC(N2C(c3ccccc3)CC(C(=O)NCC3CCNC3)C2c2ccccc2)C1,1,c1ccccc1C1N([*])C(c2ccccc2)C(C(=O)N[*])C1,C1(*)CCN(C)C1|C1CNCC1C*,O=C(NCC1CCNC1)C1CC(c2ccccc2)N(C2CCNC2)C1c1ccccc1,0.876075,8.0444,0.0,5.0,0.7359443,0.7359,0.0783118,3.8523,0.9993716,432.612,0.9985662,3.2207,0.8993782,47.61,0.8720069,4.0,0.5,2.0,0.0532402,6.0,0.0031523,5.0,1.0,1.0,1.0,1.0,1.0,1.0,[],[],[],150,9.028175649662577
16.6643,31.7973,63.7302,0.6823397,O=C(NCC1CC1)C1CC(c2ccccc2)N(CC2CCNC2)C1c1ccncc1,1,c1ccccc1C1N([*])C(c2ccncc2)C(C(=O)N[*])C1,C1C(C*)CNC1|C1(C*)CC1,O=C(NCC1CC1)C1CC(c2ccccc2)N(CC2CCNC2)C1c1ccncc1,0.865968,8.0884,0.0,4.0,0.7433337,0.7433,0.0931476,3.806,0.9995993,404.558,0.9975995,3.3216,0.9930899,57.26,0.8720069,4.0,0.5,2.0,0.0131598,7.0,0.0031523,5.0,1.0,1.0,1.0,1.0,1.0,1.0,[],[],[],264,8.158306174490077
16.0482,22.9973,72.5066,0.6821709,O=C(NCC1CCNCC1)C1CC(c2ccccc2)N(C(=O)C2CCC2)C1c1cccnc1,1,c1ccccc1C1N([*])C(c2cccnc2)C(C(=O)N[*])C1,C1CCC1C(=O)*|C1C(C*)CCNC1,O=C(NCC1CCNCC1)C1CC(c2ccccc2)N(C(=O)C2CCC2)C1c1cccnc1,0.8520907,8.1444,1e-05,3.0,0.7107204,0.7107,0.1884492,3.6067,0.9984892,446.595,0.9885681,3.6284,0.9999489,74.33,0.8720069,4.0,0.5,2.0,0.0532402,6.0,0.0031523,5.0,1.0,1.0,1.0,1.0,1.0,1.0,[],[],[],413,7.171334826577224
16.2579,24.6102,70.8885,0.6821335,CCC(=O)NC(=O)C1CC(c2ccccc2)N(CC2CCNCC2)C1c1ccncc1,1,c1ccccc1C1N([*])C(c2ccncc2)C(C(=O)N[*])C1,C1CNCCC1C*|CCC(*)=O,c1ccc(C2CCC(c3ccncc3)N2CC2CCNCC2)cc1,0.8841303,8.0071,1e-05,3.0,0.7505381,0.7505,0.1280248,3.7187,0.9997051,420.557,0.9984313,3.2383,0.9999489,74.33,0.5,5.0,0.5,2.0,0.0532402,6.0,0.1279931,4.0,1.0,1.0,1.0,1.0,1.0,1.0,[],[],[],224,9.837845549144195
18.9857,19.2015,76.2903,0.6820844,CCN1C(c2ccccc2)CC(C(=O)NC(=O)CC2CCNCC2)C1c1cccnc1,1,c1ccccc1C1N([*])C(c2cccnc2)C(C(=O)N[*])C1,C(C)*|C1NCCC(CC(*)=O)C1,O=C(CC1CCNCC1)NC(=O)C1CC(c2ccccc2)NC1c1cccnc1,0.8831168,8.012,1e-05,3.0,0.7505381,0.7505,0.1334578,3.707,0.9997051,420.557,0.9984313,3.2383,0.9999489,74.33,0.5,5.0,0.5,2.0,0.0532402,6.0,0.1279931,4.0,1.0,1.0,1.0,1.0,1.0,1.0,[],[],[],2523,9.727472237769641
19.6144,27.2927,68.1423,0.6816787,CC(=O)NC(=O)C1CC(c2cccc(C)c2)N(C(=O)OCC2CCNCC2)C1c1ccccc1,1,c1ccc([*])cc1C1N([*])C(c2ccccc2)C(C(=O)N[*])C1,*C|C1(COC(*)=O)CCNCC1|C(*)(=O)C,O=C(OCC1CCNCC1)N1C(c2ccccc2)CCC1c1ccccc1,0.8830897,8.0121,1e-05,3.0,0.7023292,0.7023,0.1494851,3.6747,0.9956235,463.578,0.9560274,3.8982,0.9999072,87.74,0.5,5.0,0.5,2.0,0.1916823,5.0,0.1279931,4.0,1.0,1.0,1.0,1.0,1.0,1.0,[],[],[],163,9.725232662363467
17.3656,32.4963,62.9211,0.6815529,CCOC(=O)N1C(c2cccnc2)CC(C(=O)NCC2CCNC2)C1c1ccccc1,1,c1ccncc1C1N([*])C(c2ccccc2)C(C(=O)N[*])C1,CCOC(*)=O|C1(C*)CCNC1,O=C(NCC1CCNC1)C1CC(c2cccnc2)NC1c1ccccc1,0.8833185,8.011,0.0,4.0,0.7475817,0.7476,0.1269042,3.7211,0.9996663,422.529,0.9993428,3.0681,0.9999722,83.56,0.5,5.0,0.5,2.0,0.0532402,6.0,0.1279931,4.0,1.0,1.0,1.0,1.0,1.0,1.0,[],[],[],195,9.749896377173886
16.1154,26.8515,68.5655,0.6815502,NC(=O)N1C(c2ccccc2)CC(C(=O)NCC2CCNC2)C1c1cccnc1,1,c1ccccc1C1N([*])C(c2cccnc2)C(C(=O)N[*])C1,C(N)(*)=O|C1CNCC1C*,O=C(NCC1CCNC1)C1CC(c2ccccc2)NC1c1cccnc1,0.8743268,8.0523,0.0,4.0,0.7231608,0.7232,0.1075043,3.767,0.9991975,393.491,0.9937395,1.9903,0.9965147,100.35,0.8720069,4.0,0.0532402,3.0,0.1916823,5.0,0.1279931,4.0,1.0,1.0,1.0,1.0,1.0,1.0,[],[],[],212,8.865433979891725
14.2435,24.5848,70.8145,0.6814235,CN(C)C(=O)NC(=O)C1CC(c2ccccc2)N(CC2CCNCC2)C1c1ccncc1,1,c1ccccc1C1N([*])C(c2ccncc2)C(C(=O)N[*])C1,N1CCC(C*)CC1|*C(N(C)C)=O,c1ccc(C2CCC(c3ccncc3)N2CC2CCNCC2)cc1,0.8784702,8.0336,1e-05,3.0,0.7550897,0.7551,0.0931244,3.806,0.9992433,435.572,0.9995741,2.9833,0.9999799,77.57,0.5,5.0,0.5,2.0,0.1916823,5.0,0.1279931,4.0,1.0,1.0,1.0,1.0,1.0,1.0,[],[],[],138,9.25550244763436
17.9281,24.8996,70.4708,0.6812174,CC(=O)NC(=O)C1CC(c2ccccc2)N(CC2CCCNCC2)C1c1cccnc1,1,c1ccccc1C1N([*])C(c2cccnc2)C(C(=O)N[*])C1,C1(C*)CCNCCC1|C(C)(=O)*,c1ccc(C2CCC(c3cccnc3)N2CC2CCCNCC2)cc1,0.8768685,8.0409,0.0,4.0,0.776857,0.7769,0.0830835,3.8366,0.9997051,420.557,0.9984313,3.2383,0.9999489,74.33,0.5,5.0,0.5,2.0,0.1916823,5.0,0.1279931,4.0,1.0,1.0,1.0,1.0,1.0,1.0,[],[],[],1097,9.101228120291871
15.9715,20.8614,74.4939,0.6811089,CN1C(c2cccnc2)CC(C(=O)NCCC2CCNCC2)C1c1ccncc1,1,c1ccncc1C1N([*])C(c2ccncc2)C(C(=O)N[*])C1,C*|C1NCCC(CC*)C1,O=C(NCCC1CCNCC1)C1CC(c2cccnc2)NC1c1ccncc1,0.8726206,8.0598,1e-05,3.0,0.78972,0.7897,0.1516576,3.6706,0.9991997,393.535,0.9998468,2.7166,0.9998297,70.15,0.5,5.0,0.5,2.0,0.0532402,6.0,0.1279931,4.0,1.0,1.0,1.0,1.0,1.0,1.0,[],[],[],186,8.713647758812199
19.065,29.5108,65.8385,0.6810666,CN(CC1CCNCC1)C(=O)NC(=O)C1CC(c2ccccc2)N(C)C1c1cccs1,1,c1ccccc1C1N([*])C(c2cccs2)C(C(=O)N[*])C1,C*|C1CNCCC1CN(C)C(=O)*,O=C(NCC1CCNCC1)NC(=O)C1CC(c2ccccc2)NC1c1cccs1,0.8775348,8.0378,1e-05,3.0,0.7449861,0.745,0.1127198,3.754,0.9989618,440.613,0.9872621,3.6498,0.9991784,64.68,0.5,5.0,0.5,2.0,0.1916823,5.0,0.1279931,4.0,1.0,1.0,1.0,1.0,1.0,1.0,[],[],[],1569,9.166425224195574
17.5655,29.1279,66.1336,0.6804395,CN(C)C(=O)NC(=O)C1CC(c2ccccc2)N(C(=O)CC2CCNCC2)C1c1ccccn1,1,c1ccccc1C1N([*])C(c2ncccc2)C(C(=O)N[*])C1,N1CCC(CC(=O)*)CC1|*C(N(C)C)=O,O=C(CC1CCNCC1)N1C(c2ccccc2)CCC1c1ccccn1,0.8845601,8.0051,1e-05,3.0,0.7111307,0.7111,0.0826589,3.8379,0.9956223,463.582,0.9997218,2.9,0.9993244,94.64,0.5,5.0,0.5,2.0,0.1916823,5.0,0.1279931,4.0,1.0,1.0,1.0,1.0,1.0,1.0,[],[],[],135,9.883254980990262
17.2179,23.7729,71.4618,0.6802477,CC(=O)NC(=O)C1CC(c2ccccc2)N(CCC2CCNCC2)C1c1ccccn1,1,c1ccccc1C1N([*])C(c2ncccc2)C(C(=O)N[*])C1,C1CNCCC1CC*|O=C(*)C,c1ccc(C2CCC(c3ccccn3)N2CCC2CCNCC2)cc1,0.8819993,8.0172,1e-05,3.0,0.7505381,0.7505,0.1159185,3.7463,0.9997051,420.557,0.9984313,3.2383,0.9999489,74.33,0.5,5.0,0.5,2.0,0.0532402,6.0,0.1279931,4.0,1.0,1.0,1.0,1.0,1.0,1.0,[],[],[],386,9.611695415159293
19.666,23.9822,71.2058,0.6799143,CN(C)C(=O)NC(=O)C1CC(c2ccccc2)N(CC2CCNCC2)C1c1cccnc1,1,c1ccccc1C1N([*])C(c2cccnc2)C(C(=O)N[*])C1,C1CNCCC1C*|C(*)(N(C)C)=O,c1ccc(C2CCC(c3cccnc3)N2CC2CCNCC2)cc1,0.8745788,8.0511,1e-05,3.0,0.7550897,0.7551,0.0965518,3.7963,0.9992433,435.572,0.9995741,2.9833,0.9999799,77.57,0.5,5.0,0.5,2.0,0.1916823,5.0,0.1279931,4.0,1.0,1.0,1.0,1.0,1.0,1.0,[],[],[],317,8.889963953045427
14.5887,22.2809,72.8999,0.6798634,CC(=O)NC(=O)C1CC(c2cccnc2)N(CCC2CCNCC2)C1c1ccccc1,1,c1ccncc1C1N([*])C(c2ccccc2)C(C(=O)N[*])C1,C1CNCCC1CC*|C(*)(=O)C,c1ccc(C2CCC(c3cccnc3)N2CCC2CCNCC2)cc1,0.8793523,8.0295,1e-05,3.0,0.7505381,0.7505,0.1267277,3.7215,0.9997051,420.557,0.9984313,3.2383,0.9999489,74.33,0.5,5.0,0.5,2.0,0.0532402,6.0,0.1279931,4.0,1.0,1.0,1.0,1.0,1.0,1.0,[],[],[],266,9.34329368257313
16.613,32.3233,62.849,0.6798027,O=C(NCCN1CCC1)C1CC(c2cccnc2)N(C2CCNCC2)C1c1ccccc1,1,c1ccncc1C1N([*])C(c2ccccc2)C(C(=O)N[*])C1,C1(*)CCNCC1|N1(CC*)CCC1,O=C(NCCN1CCC1)C1CC(c2cccnc2)N(C2CCNCC2)C1c1ccccc1,0.8855059,8.0005,1e-05,3.0,0.703226,0.7032,0.1936579,3.5985,0.9993314,433.6,0.9998642,2.7598,0.997269,60.5,0.5,5.0,0.5,2.0,0.0131598,7.0,0.0031523,5.0,1.0,1.0,1.0,1.0,1.0,1.0,[],[],[],456,9.988493699365037
11.5484,25.3497,69.819,0.6797767,O=C(NCC1CCNCC1)C1CC(c2cccnc2)N(C2CCC2)C1c1ccccc1,1,c1ccncc1C1N([*])C(c2ccccc2)C(C(=O)N[*])C1,C1CC(*)C1|C1CNCCC1C*,O=C(NCC1CCNCC1)C1CC(c2cccnc2)N(C2CCC2)C1c1ccccc1,0.8452158,8.1706,1e-05,3.0,0.7481088,0.7481,0.1902388,3.6038,0.9997395,418.585,0.9645817,3.8542,0.9930899,57.26,0.8720069,4.0,0.5,2.0,0.0532402,6.0,0.0031523,5.0,1.0,1.0,1.0,1.0,1.0,1.0,[],[],[],150,6.75149577160642
20.636,46.9811,48.1332,0.6793876,O=C(NCC1CCCNCC1)C1CC(c2ccco2)N(C(=O)C2=CC2)C1c1ccccc1,1,c1ccoc1C1N([*])C(c2ccccc2)C(C(=O)N[*])C1,C1=C(C(=O)*)C1|C1NCCCC(C*)C1,O=C(NCC1CCCNCC1)C1CC(c2ccco2)N(C(=O)C2=CC2)C1c1ccccc1,0.8681812,8.079,0.0,4.0,0.7277495,0.7277,0.0481411,3.979,0.9993334,433.552,0.9792766,3.7465,0.9999524,74.58,0.8720069,4.0,0.5,2.0,0.0532402,6.0,0.0031523,5.0,1.0,1.0,1.0,1.0,1.0,1.0,[],[],[],948,8.336811846196332
22.0656,33.3415,61.7385,0.679143,CC(=O)N(C)C(=O)NC(=O)C1CC(c2ccccc2)N(CC2CCNCC2)C1c1ccccc1,1,c1ccccc1C1N([*])C(c2ccccc2)C(C(=O)N[*])C1,N1CCC(C*)CC1|C(=O)(N(C(*)=O)C)C,c1ccc(C2CCC(c3ccccc3)N2CC2CCNCC2)cc1,0.8809187,8.0223,1e-05,3.0,0.710825,0.7108,0.0916479,3.8103,0.9958847,462.594,0.9938874,3.505,0.9999834,81.75,0.5,5.0,0.5,2.0,0.1916823,5.0,0.1279931,4.0,1.0,1.0,1.0,1.0,1.0,1.0,[],[],[],256,9.499483658763474
16.0089,36.3644,58.7088,0.6790943,CC1(N2C(c3cccnc3)CC(C(=O)NCC3CCNCC3)C2c2ccccc2)CC1,1,c1ccncc1C1N([*])C(c2ccccc2)C(C(=O)N[*])C1,C1CC1(*)C|C1CNCCC1C*,O=C(NCC1CCNCC1)C1CC(c2cccnc2)N(C2CC2)C1c1ccccc1,0.8587433,8.1182,1e-05,3.0,0.7481088,0.7481,0.1000655,3.7866,0.9997395,418.585,0.9645817,3.8542,0.9930899,57.26,0.8720069,4.0,0.5,2.0,0.0532402,6.0,0.0031523,5.0,1.0,1.0,1.0,1.0,1.0,1.0,[],[],[],191,7.617281404686807
16.3923,23.7829,71.1933,0.6784017,CC(=O)NC(=O)C1CC(c2cccnc2)N(C(=O)CCC2CCNCC2)C1c1ccccc1,1,c1ccncc1C1N([*])C(c2ccccc2)C(C(=O)N[*])C1,C1NCCC(CCC(*)=O)C1|C(=O)(*)C,O=C(CCC1CCNCC1)N1C(c2ccccc2)CCC1c1cccnc1,0.8798919,8.027,1e-05,3.0,0.7084243,0.7084,0.1389953,3.6955,0.9982904,448.567,0.9989752,3.155,0.999734,91.4,0.5,5.0,0.5,2.0,0.0532402,6.0,0.1279931,4.0,1.0,1.0,1.0,1.0,1.0,1.0,[],[],[],993,9.397233105646395
22.0368,32.0091,62.8862,0.6778238,O=C(NC1CCNCC1)C1CC(c2cccnc2)N(C(=O)OCC2CC2)C1c1ccccc1,1,c1ccncc1C1N([*])C(c2ccccc2)C(C(=O)N[*])C1,C(C1CC1)OC(*)=O|C1C(*)CCNC1,O=C(NC1CCNCC1)C1CC(c2cccnc2)N(C(=O)OCC2CC2)C1c1ccccc1,0.8854968,8.0006,1e-05,3.0,0.7055582,0.7056,0.1569527,3.6607,0.9982904,448.567,0.9900638,3.6007,0.9999722,83.56,0.5,5.0,0.5,2.0,0.0532402,6.0,0.0031523,5.0,1.0,1.0,1.0,1.0,1.0,1.0,[],[],[],324,9.986194028465238
17.1126,25.108,69.7842,0.6778014,CC(=O)NC(=O)C1CC(c2ccccc2)N(C(=O)CCC2CCNCC2)C1c1ccccn1,1,c1ccccc1C1N([*])C(c2ncccc2)C(C(=O)N[*])C1,C1CNCCC1CCC(=O)*|CC(=O)*,O=C(CCC1CCNCC1)N1C(c2ccccc2)CCC1c1ccccn1,0.8821067,8.0167,1e-05,3.0,0.7084243,0.7084,0.117783,3.7419,0.9982904,448.567,0.9989752,3.155,0.999734,91.4,0.5,5.0,0.5,2.0,0.0532402,6.0,0.1279931,4.0,1.0,1.0,1.0,1.0,1.0,1.0,[],[],[],867,9.622767660923992
17.5849,29.2948,65.557,0.6775126,CN1C(c2ccccc2)CC(C(=O)NC2CCCN(C3CCNC3)CC2)C1c1cccnc1,1,c1ccccc1C1N([*])C(c2cccnc2)C(C(=O)N[*])C1,C*|N1CCC(N2CCC(*)CCC2)C1,O=C(NC1CCCN(C2CCNC2)CC1)C1CC(c2ccccc2)NC1c1cccnc1,0.8854097,8.001,0.0,5.0,0.7374711,0.7375,0.0668405,3.894,0.9983882,447.627,0.9990097,3.1483,0.997269,60.5,0.5,5.0,0.5,2.0,0.1916823,5.0,0.0031523,5.0,1.0,1.0,1.0,1.0,1.0,1.0,[],[],[],1037,9.977000638225546
14.9617,32.6198,62.2319,0.6775122,O=C(CC1CC1)NC(=O)C1CC(c2cccnc2)N(C2CCNCC2)C1c1ccccc1,1,c1ccncc1C1N([*])C(c2ccccc2)C(C(=O)N[*])C1,C1(*)CCNCC1|C1CC1CC(*)=O,O=C(CC1CC1)NC(=O)C1CC(c2cccnc2)N(C2CCNCC2)C1c1ccccc1,0.8854874,8.0006,1e-05,3.0,0.7320865,0.7321,0.1252531,3.7248,0.9993733,432.568,0.996753,3.3808,0.9999489,74.33,0.5,5.0,0.5,2.0,0.0532402,6.0,0.0031523,5.0,1.0,1.0,1.0,1.0,1.0,1.0,[],[],[],163,9.986194028465238
16.2748,21.9007,72.9083,0.6772069,CC(=O)NC(=O)C1CC(c2ccccc2)N(CC2CCCNCC2)C1c1cccs1,1,c1ccccc1C1N([*])C(c2sccc2)C(C(=O)N[*])C1,C1CNCCCC1C*|CC(=O)*,c1ccc(C2CCC(c3cccs3)N2CC2CCCNCC2)cc1,0.8773249,8.0388,0.0,4.0,0.7626427,0.7626,0.0751808,3.8631,0.9995954,425.598,0.9545901,3.9048,0.997915,61.44,0.5,5.0,0.5,2.0,0.1916823,5.0,0.1279931,4.0,1.0,1.0,1.0,1.0,1.0,1.0,[],[],[],381,9.145343031204598
17.2209,33.4448,61.3452,0.6770713,O=C(NC1COC1)C1CC(c2ccccc2)N(CC2CCNCC2)C1c1ccccn1,1,c1ccccc1C1N([*])C(c2ncccc2)C(C(=O)N[*])C1,C1NCCC(C*)C1|C1(*)COC1,O=C(NC1COC1)C1CC(c2ccccc2)N(CC2CCNCC2)C1c1ccccn1,0.8851932,8.002,1e-05,3.0,0.7522859,0.7523,0.1025049,3.78,0.9997051,420.557,0.9998336,2.7005,0.9995118,66.49,0.5,5.0,0.5,2.0,0.0532402,6.0,0.0031523,5.0,1.0,1.0,1.0,1.0,1.0,1.0,[],[],[],457,9.954054173515255
14.0046,27.7343,66.9924,0.6766196,O=C(NC1CC1)C1CC(c2cccnc2)N(CC2CCNCC2)C1c1ccncc1,1,c1ccncc1C1N([*])C(c2ccncc2)C(C(=O)N[*])C1,C1CC(C*)CCN1|C1(*)CC1,O=C(NC1CC1)C1CC(c2cccnc2)N(CC2CCNCC2)C1c1ccncc1,0.8805258,8.0241,1e-05,3.0,0.773416,0.7734,0.1075811,3.7668,0.9996234,405.546,0.9997743,2.8591,0.9998297,70.15,0.5,5.0,0.5,2.0,0.0532402,6.0,0.0031523,5.0,1.0,1.0,1.0,1.0,1.0,1.0,[],[],[],98,9.460193072899116
18.9793,23.6354,71.0804,0.6765415,CN1C(c2cccnc2)CC(C(=O)NCCC2CCCNCC2)C1c1ccncc1,1,c1ccncc1C1N([*])C(c2ccncc2)C(C(=O)N[*])C1,C*|C1CNCCCC1CC*,O=C(NCCC1CCCNCC1)C1CC(c2cccnc2)NC1c1ccncc1,0.8751197,8.0487,0.0,4.0,0.7700248,0.77,0.0921901,3.8087,0.9996682,407.562,0.9991994,3.1067,0.9998297,70.15,0.5,5.0,0.5,2.0,0.0532402,6.0,0.1279931,4.0,1.0,1.0,1.0,1.0,1.0,1.0,[],[],[],2054,8.93922770479138
17.7058,28.1006,66.6116,0.676516,O=C(NCC1CC1)C1CC(c2ccccc2)N(C2CCCNCC2)C1c1cccnc1,1,c1ccccc1C1N([*])C(c2cccnc2)C(C(=O)N[*])C1,C1CC(*)CCNC1|C1(C*)CC1,O=C(NCC1CC1)C1CC(c2ccccc2)N(C2CCCNCC2)C1c1cccnc1,0.8503557,8.1511,0.0,4.0,0.7481088,0.7481,0.1163698,3.7452,0.9997395,418.585,0.9645817,3.8542,0.9930899,57.26,0.8720069,4.0,0.5,2.0,0.0532402,6.0,0.0031523,5.0,1.0,1.0,1.0,1.0,1.0,1.0,[],[],[],403,7.061549373585075
13.0499,14.8493,79.8336,0.6763062,CN1C(c2cccnc2)CC(C(=O)NCC2CCNCC2)C1c1ccncc1,1,c1ccncc1C1N([*])C(c2ccncc2)C(C(=O)N[*])C1,*C|C1NCCC(C*)C1,O=C(NCC1CCNCC1)C1CC(c2cccnc2)NC1c1ccncc1,0.8456018,8.1692,1e-05,3.0,0.8344096,0.8344,0.1611534,3.653,0.9980711,379.508,0.9988735,2.3265,0.9998297,70.15,0.5,5.0,0.5,2.0,0.1916823,5.0,0.1279931,4.0,1.0,1.0,1.0,1.0,1.0,1.0,[],[],[],384,6.77329514008607
21.6406,45.8734,48.8005,0.6762419,Cc1ccc(C2C(C(=O)NCC3CCNCC3)CC(c3ccccc3)N2C2CO2)cc1,1,c1ccccc1C1N([*])C(c2ccc([*])cc2)C(C(=O)N[*])C1,O1C(*)C1|*C|C1CNCCC1C*,O=C(NCC1CCNCC1)C1CC(c2ccccc2)N(C2CO2)C1c1ccccc1,0.8525009,8.1429,0.0,4.0,0.7031283,0.7031,0.1148483,3.7489,0.9997229,419.569,0.9914345,3.5714,0.9923412,56.9,0.8720069,4.0,0.5,2.0,0.0532402,6.0,0.0031523,5.0,1.0,1.0,1.0,1.0,1.0,1.0,[],[],[],718,7.196146563265828
16.4228,34.0106,60.6219,0.6759463,O=C(NCC1COC1)C1CC(c2ccccc2)N(C2CCNCC2)C1c1ccco1,1,c1ccccc1C1N([*])C(c2ccco2)C(C(=O)N[*])C1,C1CNCCC1*|C1OCC1C*,O=C(NCC1COC1)C1CC(c2ccccc2)N(C2CCNCC2)C1c1ccco1,0.8821684,8.0164,1e-05,3.0,0.7680354,0.768,0.0932705,3.8056,0.9997067,409.53,0.999724,2.8985,0.9995458,66.74,0.5,5.0,0.5,2.0,0.0532402,6.0,0.0031523,5.0,1.0,1.0,1.0,1.0,1.0,1.0,[],[],[],478,9.62941712971554
11.2283,26.8338,67.7251,0.6754207,O=C(NC(=O)N1CCCC1)C1CC(c2ccccc2)N(CC2CCNCC2)C1c1cccnc1,1,c1ccccc1C1N([*])C(c2cccnc2)C(C(=O)N[*])C1,C1CNCCC1C*|C1CN(C(=O)*)CC1,O=C(NC(=O)N1CCCC1)C1CC(c2ccccc2)N(CC2CCNCC2)C1c1cccnc1,0.8763863,8.043,1e-05,3.0,0.7125495,0.7125,0.1183425,3.7406,0.9961303,461.61,0.9934863,3.5175,0.9999799,77.57,0.5,5.0,0.5,2.0,0.1916823,5.0,0.0031523,5.0,1.0,1.0,1.0,1.0,1.0,1.0,[],[],[],147,9.057326008982017
13.7421,31.9317,62.5804,0.6750864,O=C(NC1CCC1)C1CC(c2cccnc2)N(CC2CCNCC2)C1c1ccncc1,1,c1ccncc1C1N([*])C(c2ccncc2)C(C(=O)N[*])C1,C1CNCCC1C*|C1C(*)CC1,O=C(NC1CCC1)C1CC(c2cccnc2)N(CC2CCNCC2)C1c1ccncc1,0.8805375,8.024,1e-05,3.0,0.752216,0.7522,0.10528,3.7728,0.9997228,419.573,0.9983414,3.2492,0.9998297,70.15,0.5,5.0,0.5,2.0,0.0532402,6.0,0.0031523,5.0,1.0,1.0,1.0,1.0,1.0,1.0,[],[],[],176,9.462371613657949
19.0592,28.8298,65.6567,0.6749036,CC(=O)NC(=O)C1CC(c2ccccc2)N(CCC2CCCNCC2)C1c1ccncc1,1,c1ccccc1C1N([*])C(c2ccncc2)C(C(=O)N[*])C1,C1CNCCC(CC*)C1|O=C(C)*,c1ccc(C2CCC(c3ccncc3)N2CCC2CCCNCC2)cc1,0.8822495,8.016,0.0,4.0,0.7263234,0.7263,0.0715659,3.8761,0.9992888,434.584,0.9885681,3.6284,0.9999489,74.33,0.5,5.0,0.5,2.0,0.0532402,6.0,0.1279931,4.0,1.0,1.0,1.0,1.0,1.0,1.0,[],[],[],2179,9.638290236239705
14.3465,26.1462,68.3193,0.6747538,O=C(NC1CCOCC1)C1CC(c2ccccc2)N(CC2CCNCC2)C1c1ccncc1,1,c1ccccc1C1N([*])C(c2ccncc2)C(C(=O)N[*])C1,C1CC(C*)CCN1|C1OCCC(*)C1,O=C(NC1CCOCC1)C1CC(c2ccccc2)N(CC2CCNCC2)C1c1ccncc1,0.8839638,8.0079,1e-05,3.0,0.7083444,0.7083,0.1200514,3.7366,0.9982857,448.611,0.9945982,3.4807,0.9995118,66.49,0.5,5.0,0.5,2.0,0.0532402,6.0,0.0031523,5.0,1.0,1.0,1.0,1.0,1.0,1.0,[],[],[],145,9.819740248654888
21.1939,46.6023,47.7741,0.6741169,O=C(NCC1CCCNCC1)C1CC(c2ccco2)N(C2C=C2)C1c1ccccc1,1,c1ccoc1C1N([*])C(c2ccccc2)C(C(=O)N[*])C1,C1=CC1*|N1CCCC(C*)CC1,O=C(NCC1CCCNCC1)C1CC(c2ccco2)N(C2C=C2)C1c1ccccc1,0.860092,8.1127,0.0,4.0,0.7174812,0.7175,0.0471969,3.9841,0.9996233,405.542,0.9688563,3.8282,0.9935665,57.51,0.8720069,4.0,0.5,2.0,0.0532402,6.0,0.0031523,5.0,1.0,1.0,1.0,1.0,1.0,1.0,[],[],[],1020,7.714361742839132
16.3411,32.674,61.6526,0.6737615,O=C(NCC1CCNC1)C1CC(c2cccnc2)N(C(=O)N2CCCCC2)C1c1ccncc1,1,c1ccncc1C1N([*])C(c2ccncc2)C(C(=O)N[*])C1,C1N(C(*)=O)CCCC1|N1CC(C*)CC1,O=C(NCC1CCNC1)C1CC(c2cccnc2)N(C(=O)N2CCCCC2)C1c1ccncc1,0.8824096,8.0153,0.0,4.0,0.7131527,0.7132,0.0552131,3.9437,0.9958836,462.598,0.9997035,2.9125,0.999797,90.46,0.5,5.0,0.5,2.0,0.1916823,5.0,0.0031523,5.0,1.0,1.0,1.0,1.0,1.0,1.0,[],[],[],476,9.653837851164907
16.3686,30.817,63.4235,0.6731462,O=C(NCC1CCNC1)C1CC(c2cccnc2)N(C(=O)C2CC2)C1c1ccncc1,1,c1ccncc1C1N([*])C(c2ccncc2)C(C(=O)N[*])C1,C1CC1C(*)=O|C1CC(C*)CN1,O=C(NCC1CCNC1)C1CC(c2cccnc2)N(C(=O)C2CC2)C1c1ccncc1,0.8833385,8.0109,0.0,4.0,0.7499393,0.7499,0.0646941,3.9025,0.9997236,419.529,0.9982758,2.2432,0.9999201,87.22,0.5,5.0,0.5,2.0,0.0532402,6.0,0.0031523,5.0,1.0,1.0,1.0,1.0,1.0,1.0,[],[],[],119,9.752141632264138
15.0687,27.8153,66.3409,0.6725442,O=CNC(=O)C1CC(c2ccccc2)N(C(=O)CC2CCNCC2)C1c1ccncc1,1,c1ccccc1C1N([*])C(c2ccncc2)C(C(=O)N[*])C1,C1CNCCC1CC(*)=O|O=C*,O=C(CC1CCNCC1)N1C(c2ccccc2)CCC1c1ccncc1,0.8775925,8.0376,1e-05,3.0,0.7004255,0.7004,0.0803401,3.8455,0.999706,420.513,0.9991199,2.3748,0.999734,91.4,0.5,5.0,0.5,2.0,0.0532402,6.0,0.1279931,4.0,1.0,1.0,1.0,1.0,1.0,1.0,[],[],[],135,9.170647491149332
11.1498,31.4256,62.7265,0.672515,CN1CCCC1C(=O)N1C(c2ccccc2)CC(C(=O)NC2CCNCC2)C1c1cccs1,1,c1ccccc1C1N([*])C(c2sccc2)C(C(=O)N[*])C1,C1(C(*)=O)CCCN1C|C1CNCCC1*,O=C(NC1CCNCC1)C1CC(c2ccccc2)N(C(=O)C2CCCN2)C1c1cccs1,0.8796254,8.0283,0.0,4.0,0.7095078,0.7095,0.0618256,3.9144,0.9946968,466.651,0.9973443,3.3414,0.9991784,64.68,0.5,5.0,0.5,2.0,0.1916823,5.0,0.0031523,5.0,1.0,1.0,1.0,1.0,1.0,1.0,[],[],[],152,9.369145856727323
16.0042,27.0264,67.1146,0.6724358,O=C(NC1CCCC1)C1CC(c2cccnc2)N(CC2CCNCC2)C1c1ccncc1,1,c1ccncc1C1N([*])C(c2ccncc2)C(C(=O)N[*])C1,C1(C*)CCNCC1|C1CC(*)CC1,O=C(NC1CCCC1)C1CC(c2cccnc2)N(CC2CCNCC2)C1c1ccncc1,0.8789894,8.0312,1e-05,3.0,0.7279123,0.7279,0.107751,3.7664,0.9993314,433.6,0.9879203,3.6393,0.9998297,70.15,0.5,5.0,0.5,2.0,0.0532402,6.0,0.0031523,5.0,1.0,1.0,1.0,1.0,1.0,1.0,[],[],[],343,9.306791831626532
17.2809,25.2519,68.8662,0.6722715,O=CNC(=O)C1CC(c2ccccc2)N(CCC2CCNCC2)C1c1ccco1,1,c1ccccc1C1N([*])C(c2ccco2)C(C(=O)N[*])C1,C1C(CC*)CCNC1|C(*)=O,c1ccc(C2CCC(c3ccco3)N2CCC2CCNCC2)cc1,0.8826528,8.0141,1e-05,3.0,0.7051188,0.7051,0.0587049,3.9278,0.9992927,395.503,0.9994124,3.0462,0.9999524,74.58,0.5,5.0,0.5,2.0,0.0131598,7.0,0.1279931,4.0,1.0,1.0,1.0,1.0,1.0,1.0,[],[],[],1064,9.680549277120635
19.9882,29.6023,64.5003,0.6721612,O=C(NCC1CCOCC1)C1CC(c2ccccc2)N(C2CCNC2)C1c1ccncc1,1,c1ccccc1C1N([*])C(c2ccncc2)C(C(=O)N[*])C1,*C1CCNC1|O1CCC(C*)CC1,O=C(NCC1CCOCC1)C1CC(c2ccccc2)N(C2CCNC2)C1c1ccncc1,0.8833055,8.0111,0.0,4.0,0.7314828,0.7315,0.0665455,3.8952,0.9992888,434.584,0.9992626,3.0906,0.9995118,66.49,0.5,5.0,0.5,2.0,0.0532402,6.0,0.0031523,5.0,1.0,1.0,1.0,1.0,1.0,1.0,[],[],[],1064,9.747651639013169
16.1976,31.0811,63.0118,0.6720925,CN1CCCC1C(=O)N1C(c2cccs2)CC(C(=O)NC2CCNCC2)C1c1ccccc1,1,c1ccsc1C1N([*])C(c2ccccc2)C(C(=O)N[*])C1,C1CN(C)C(C(=O)*)C1|C1(*)CCNCC1,O=C(NC1CCNCC1)C1CC(c2cccs2)N(C(=O)C2CCCN2)C1c1ccccc1,0.8780942,8.0353,0.0,4.0,0.7095078,0.7095,0.0654367,3.8996,0.9946968,466.651,0.9973443,3.3414,0.9991784,64.68,0.5,5.0,0.5,2.0,0.1916823,5.0,0.0031523,5.0,1.0,1.0,1.0,1.0,1.0,1.0,[],[],[],585,9.219343574515605
18.3589,19.5532,74.4934,0.6717612,CN1C(c2cccnc2)CC(C(=O)NCC2CCCNCC2)C1c1ccncc1,1,c1ccncc1C1N([*])C(c2ccncc2)C(C(=O)N[*])C1,*C|C1NCCCC(C*)C1,O=C(NCC1CCCNCC1)C1CC(c2cccnc2)NC1c1ccncc1,0.8479134,8.1605,0.0,4.0,0.8174128,0.8174,0.0989914,3.7895,0.9991997,393.535,0.9998468,2.7166,0.9998297,70.15,0.5,5.0,0.5,2.0,0.1916823,5.0,0.1279931,4.0,1.0,1.0,1.0,1.0,1.0,1.0,[],[],[],1188,6.910349294049391
18.8291,33.101,60.9424,0.6717384,O=C(NCC1CCC1)C1CC(c2cccnc2)N(C2CCNC2)C1c1ccncc1,1,c1ccncc1C1N([*])C(c2ccncc2)C(C(=O)N[*])C1,C1C(*)CCN1|C1CCC1C*,O=C(NCC1CCC1)C1CC(c2cccnc2)N(C2CCNC2)C1c1ccncc1,0.8786529,8.0327,0.0,4.0,0.773416,0.7734,0.0543994,3.9476,0.9996234,405.546,0.9997743,2.8591,0.9998297,70.15,0.5,5.0,0.5,2.0,0.0532402,6.0,0.0031523,5.0,1.0,1.0,1.0,1.0,1.0,1.0,[],[],[],610,9.27470275918869
13.1314,29.718,64.2106,0.6709188,O=C(NCC1CCNC1)C1CC(c2cccnc2)N(C2CCC2)C1c1ccncc1,1,c1ccncc1C1N([*])C(c2ccncc2)C(C(=O)N[*])C1,C1CC(*)C1|C1C(C*)CNC1,O=C(NCC1CCNC1)C1CC(c2cccnc2)N(C2CCC2)C1c1ccncc1,0.8759683,8.0449,0.0,4.0,0.773416,0.7734,0.0596868,3.9235,0.9996234,405.546,0.9997743,2.8591,0.9998297,70.15,0.5,5.0,0.5,2.0,0.0532402,6.0,0.0031523,5.0,1.0,1.0,1.0,1.0,1.0,1.0,[],[],[],200,9.017787559341551
20.6319,23.9203,69.9407,0.6704357,CN(CCC1CCNCC1)C(=O)NC(=O)C1CC(c2ccccc2)N(C)C1c1cccnc1,1,c1ccccc1C1N([*])C(c2cccnc2)C(C(=O)N[*])C1,C*|N1CCC(CCN(C(*)=O)C)CC1,O=C(NCCC1CCNCC1)NC(=O)C1CC(c2ccccc2)NC1c1cccnc1,0.8691546,8.0749,1e-05,3.0,0.7070983,0.7071,0.1009763,3.7841,0.9981761,449.599,0.9968733,3.3734,0.9999799,77.57,0.5,5.0,0.5,2.0,0.0532402,6.0,0.1279931,4.0,1.0,1.0,1.0,1.0,1.0,1.0,[],[],[],1857,8.415889023429116
17.2115,44.0352,49.7807,0.6701137,CN1CC(C(=O)N2C(c3ccccc3)CC(C(=O)NCC3CCNC3)C2c2cccs2)C1,1,c1ccccc1C1N([*])C(c2cccs2)C(C(=O)N[*])C1,C1(C(*)=O)CN(C)C1|C1CNCC1C*,O=C(NCC1CCNC1)C1CC(c2ccccc2)N(C(=O)C2CNC2)C1c1cccs1,0.884247,8.0066,0.0,4.0,0.7074284,0.7074,0.0543745,3.9477,0.9977954,452.624,0.9998018,2.6663,0.9991784,64.68,0.5,5.0,0.5,2.0,0.0532402,6.0,0.0031523,5.0,1.0,1.0,1.0,1.0,1.0,1.0,[],[],[],415,9.849178309808154
21.4634,41.9198,51.8959,0.6701119,CN1CC(C(=O)N2C(c3cccs3)CC(C(=O)NCC3CCNC3)C2c2ccccc2)C1,1,c1ccsc1C1N([*])C(c2ccccc2)C(C(=O)N[*])C1,C(=O)(*)C1CN(C)C1|N1CC(C*)CC1,O=C(NCC1CCNC1)C1CC(c2cccs2)N(C(=O)C2CNC2)C1c1ccccc1,0.8836854,8.0093,0.0,4.0,0.7074284,0.7074,0.0577204,3.9322,0.9977954,452.624,0.9998018,2.6663,0.9991784,64.68,0.5,5.0,0.5,2.0,0.0532402,6.0,0.0031523,5.0,1.0,1.0,1.0,1.0,1.0,1.0,[],[],[],1988,9.788136113351824
18.9249,33.9792,59.8349,0.6701012,O=C(NCC1CCNCC1)C1CC(c2ccccc2)N(C2=NC2)C1c1cccnc1,1,c1ccccc1C1N([*])C(c2cccnc2)C(C(=O)N[*])C1,C1(*)=NC1|C1(C*)CCNCC1,O=C(NCC1CCNCC1)C1CC(c2ccccc2)N(C2=NC2)C1c1cccnc1,0.8512714,8.1476,1e-05,3.0,0.8054688,0.8055,0.1160564,3.746,0.9995726,403.53,0.9998446,2.7138,0.9998016,69.62,0.5,5.0,0.5,2.0,0.1916823,5.0,0.0031523,5.0,1.0,1.0,1.0,1.0,1.0,1.0,[],[],[],228,7.118688672622795
14.1694,33.2706,60.5348,0.6700388,O=C(NCC1CCNC1)C1CC(c2ccccc2)N(CC2COC2)C1c1cccnc1,1,c1ccccc1C1N([*])C(c2cccnc2)C(C(=O)N[*])C1,C1OCC1C*|C1CNCC1C*,O=C(NCC1CCNC1)C1CC(c2ccccc2)N(CC2COC2)C1c1cccnc1,0.8846151,8.0048,0.0,4.0,0.720752,0.7208,0.0545584,3.9468,0.9997051,420.557,0.9996551,2.558,0.9995118,66.49,0.5,5.0,0.5,2.0,0.0131598,7.0,0.0031523,5.0,1.0,1.0,1.0,1.0,1.0,1.0,[],[],[],195,9.890084450210667
14.1346,20.2226,73.4902,0.6693777,COC(=O)NC(=O)C1CC(c2ccccc2)N(CC2CCNCC2)C1c1ccncc1,1,c1ccccc1C1N([*])C(c2ccncc2)C(C(=O)N[*])C1,C1C(C*)CCNC1|COC(*)=O,c1ccc(C2CCC(c3ccncc3)N2CC2CCNCC2)cc1,0.8811374,8.0213,1e-05,3.0,0.7705941,0.7706,0.1286836,3.7172,0.9996663,422.529,0.9993428,3.0681,0.9999722,83.56,0.1279931,6.0,0.5,2.0,0.1916823,5.0,0.1279931,4.0,1.0,1.0,1.0,1.0,1.0,1.0,[],[],[],378,9.52138223021403
16.9389,32.0424,61.6658,0.6693439,O=C(NCC1COC1)C1CC(c2cccnc2)N(C2CCNCC2)C1c1ccccc1,1,c1ccncc1C1N([*])C(c2ccccc2)C(C(=O)N[*])C1,C1CNCCC1*|O1CC(C*)C1,O=C(NCC1COC1)C1CC(c2cccnc2)N(C2CCNCC2)C1c1ccccc1,0.8664047,8.0866,1e-05,3.0,0.7522859,0.7523,0.1132339,3.7528,0.9997051,420.557,0.9998336,2.7005,0.9995118,66.49,0.5,5.0,0.5,2.0,0.0532402,6.0,0.0031523,5.0,1.0,1.0,1.0,1.0,1.0,1.0,[],[],[],2526,8.192189693228661
17.3948,28.5113,65.1761,0.6691959,O=C(NCC1CCCCC1)C1CC(c2cccnc2)N(C2CCNC2)C1c1ccncc1,1,c1ccncc1C1N([*])C(c2ccncc2)C(C(=O)N[*])C1,C1(*)CCNC1|C1CCCCC1C*,O=C(NCC1CCCCC1)C1CC(c2cccnc2)N(C2CCNC2)C1c1ccncc1,0.8803728,8.0248,0.0,4.0,0.7279123,0.7279,0.0566965,3.9369,0.9993314,433.6,0.9879203,3.6393,0.9998297,70.15,0.5,5.0,0.5,2.0,0.0532402,6.0,0.0031523,5.0,1.0,1.0,1.0,1.0,1.0,1.0,[],[],[],705,9.444957325077047
13.9609,29.2233,64.4638,0.6691936,O=C(NCC1CCNC1)C1CC(c2cccnc2)N(CC2CC2)C1c1ccncc1,1,c1ccncc1C1N([*])C(c2ccncc2)C(C(=O)N[*])C1,C1(C*)CC1|C1(C*)CCNC1,O=C(NCC1CCNC1)C1CC(c2cccnc2)N(CC2CC2)C1c1ccncc1,0.8802683,8.0253,0.0,4.0,0.7412653,0.7413,0.05281,3.9552,0.9996234,405.546,0.9998468,2.7166,0.9998297,70.15,0.5,5.0,0.5,2.0,0.0131598,7.0,0.0031523,5.0,1.0,1.0,1.0,1.0,1.0,1.0,[],[],[],184,9.434089673230414
15.4556,26.1757,67.4731,0.6689202,O=C(NCC1CCNC1)C1CC(c2cccnc2)N(C2CCCC2)C1c1ccncc1,1,c1ccncc1C1N([*])C(c2ccncc2)C(C(=O)N[*])C1,C1C(*)CCC1|N1CC(C*)CC1,O=C(NCC1CCNC1)C1CC(c2cccnc2)N(C2CCCC2)C1c1ccncc1,0.874386,8.052,0.0,4.0,0.752216,0.7522,0.0608066,3.9187,0.9997228,419.573,0.9983414,3.2492,0.9998297,70.15,0.5,5.0,0.5,2.0,0.0532402,6.0,0.0031523,5.0,1.0,1.0,1.0,1.0,1.0,1.0,[],[],[],239,8.871560120379618
19.2588,37.4671,56.1284,0.6685395,O=C(NCC1CCNCC1)C1CC(c2cccnc2)N(C2C=CC2)C1c1ccccc1,1,c1ccncc1C1N([*])C(c2ccccc2)C(C(=O)N[*])C1,C1=CC(*)C1|C1NCCC(C*)C1,O=C(NCC1CCNCC1)C1CC(c2cccnc2)N(C2C=CC2)C1c1ccccc1,0.8444943,8.1733,0.0,4.0,0.7063559,0.7064,0.0605146,3.92,0.9997705,416.569,0.9884636,3.6302,0.9930899,57.26,0.8720069,4.0,0.5,2.0,0.0532402,6.0,0.0031523,5.0,1.0,1.0,1.0,1.0,1.0,1.0,[],[],[],758,6.709652064618794
14.7742,22.7147,70.8058,0.668004,CN1C(c2ccccc2)CC(C(=O)NC(=O)OCC2CCNCC2)C1c1cccs1,1,c1ccccc1C1N([*])C(c2sccc2)C(C(=O)N[*])C1,*C|C1CNCCC1COC(=O)*,O=C(NC(=O)C1CC(c2ccccc2)NC1c1cccs1)OCC1CCNCC1,0.8787263,8.0324,1e-05,3.0,0.7608242,0.7608,0.1481216,3.6774,0.9995421,427.57,0.9804769,3.7346,0.9998534,70.67,0.1279931,6.0,0.5,2.0,0.1916823,5.0,0.1279931,4.0,1.0,1.0,1.0,1.0,1.0,1.0,[],[],[],134,9.281111710201666
15.6796,27.4904,66.0033,0.667812,O=C(NCC1CCNCC1)C1CC(c2ccccc2)N(C2=NCCC2)C1c1ccncc1,1,c1ccccc1C1N([*])C(c2ccncc2)C(C(=O)N[*])C1,C1(*)=NCCC1|N1CCC(C*)CC1,O=C(NCC1CCNCC1)C1CC(c2ccccc2)N(C2=NCCC2)C1c1ccncc1,0.8593771,8.1156,1e-05,3.0,0.7603786,0.7604,0.0779394,3.8536,0.9994109,431.584,0.99422,3.494,0.9998016,69.62,0.5,5.0,0.5,2.0,0.1916823,5.0,0.0031523,5.0,1.0,1.0,1.0,1.0,1.0,1.0,[],[],[],353,7.6630207227391836
17.3427,41.9507,51.5345,0.6677517,CN1CC(CNC(=O)C2CC(c3cccs3)N(C3CCNC3)C2c2ccccc2)C1,1,c1ccsc1C1N([*])C(c2ccccc2)C(C(=O)N[*])C1,C1(*)CCNC1|C1C(C*)CN1C,O=C(NCC1CNC1)C1CC(c2cccs2)N(C2CCNC2)C1c1ccccc1,0.8840669,8.0074,0.0,4.0,0.7486995,0.7487,0.049372,3.9725,0.9996196,424.614,0.9997329,2.8921,0.8993782,47.61,0.5,5.0,0.5,2.0,0.0532402,6.0,0.0031523,5.0,1.0,1.0,1.0,1.0,1.0,1.0,[],[],[],381,9.83105215281768
15.1528,33.1638,60.0775,0.6660095,CN1C(c2ccccc2)CC(C(=O)NC2CCCN(CC3CCNC3)C2)C1c1ccncc1,1,c1ccccc1C1N([*])C(c2ccncc2)C(C(=O)N[*])C1,*C|N1(CC2CCNC2)CCCC(*)C1,O=C(NC1CCCN(CC2CCNC2)C1)C1CC(c2ccccc2)NC1c1ccncc1,0.8741663,8.053,0.0,5.0,0.7129766,0.713,0.0570221,3.9354,0.9983882,447.627,0.9995221,3.0058,0.997269,60.5,0.5,5.0,0.5,2.0,0.0532402,6.0,0.0031523,5.0,1.0,1.0,1.0,1.0,1.0,1.0,[],[],[],1825,8.851156098308339
15.4781,25.2009,67.854,0.6646776,CC(=O)NC(=O)C1CC(c2cccnc2)N(C(=O)CC2CCNCC2)C1c1ccncc1,1,c1ccncc1C1N([*])C(c2ccncc2)C(C(=O)N[*])C1,N1CCC(CC(*)=O)CC1|CC(*)=O,O=C(CC1CCNCC1)N1C(c2ccncc2)CCC1c1cccnc1,0.8836806,8.0093,1e-05,3.0,0.7459091,0.7459,0.0795726,3.8481,0.9992454,435.528,0.9973618,2.1599,0.9892464,104.29,0.1279931,6.0,0.5,2.0,0.1916823,5.0,0.1279931,4.0,1.0,1.0,1.0,1.0,1.0,1.0,[],[],[],394,9.788136113351824
16.3425,24.3661,68.6063,0.6640881,O=C(NCC1CCNCC1)C1CC(c2ccccc2)N(C2CCOCC2)C1c1ccccn1,1,c1ccccc1C1N([*])C(c2ncccc2)C(C(=O)N[*])C1,C1C(*)CCOC1|C1(C*)CCNCC1,O=C(NCC1CCNCC1)C1CC(c2ccccc2)N(C2CCOCC2)C1c1ccccn1,0.8608603,8.1096,1e-05,3.0,0.7083444,0.7083,0.1178849,3.7417,0.9982857,448.611,0.9945982,3.4807,0.9995118,66.49,0.5,5.0,0.5,2.0,0.0532402,6.0,0.0031523,5.0,1.0,1.0,1.0,1.0,1.0,1.0,[],[],[],253,7.76962395992138
18.0475,38.3988,54.513,0.6636555,CN1CC(N2C(c3cccs3)CC(C(=O)NCC3CCNC3)C2c2ccccc2)C1,1,c1ccsc1C1N([*])C(c2ccccc2)C(C(=O)N[*])C1,C1(*)CN(C)C1|N1CCC(C*)C1,O=C(NCC1CCNC1)C1CC(c2cccs2)N(C2CNC2)C1c1ccccc1,0.8741336,8.0531,0.0,4.0,0.7486995,0.7487,0.0549011,3.9452,0.9996196,424.614,0.9997329,2.8921,0.8993782,47.61,0.5,5.0,0.5,2.0,0.0532402,6.0,0.0031523,5.0,1.0,1.0,1.0,1.0,1.0,1.0,[],[],[],444,8.849118278921202
18.1689,35.7983,56.9946,0.6628063,CN1CCC(CNC(=O)C2CC(c3ccccc3)N(C3CCNCC3)C2c2cccs2)C1,1,c1ccccc1C1N([*])C(c2cccs2)C(C(=O)N[*])C1,C1C(*)CCNC1|C1N(C)CCC1C*,O=C(NCC1CCNC1)C1CC(c2ccccc2)N(C2CCNCC2)C1c1cccs1,0.8781767,8.0349,0.0,4.0,0.702143,0.7021,0.0697108,3.883,0.9977893,452.668,0.98573,3.6723,0.8993782,47.61,0.5,5.0,0.5,2.0,0.0532402,6.0,0.0031523,5.0,1.0,1.0,1.0,1.0,1.0,1.0,[],[],[],413,9.22783881535077
15.552,17.7129,75.0749,0.66277,CN1C(c2ccco2)CC(C(=O)NC(=O)NCC2CCNCC2)C1c1ccccc1,1,c1ccoc1C1N([*])C(c2ccccc2)C(C(=O)N[*])C1,C*|N1CCC(CNC(*)=O)CC1,O=C(NCC1CCNCC1)NC(=O)C1CC(c2ccco2)NC1c1ccccc1,0.8653115,8.0912,1e-05,3.0,0.7056943,0.7057,0.1434393,3.6866,0.9997244,410.518,0.9997963,2.8391,0.999933,86.61,0.5,5.0,0.0532402,3.0,0.1916823,5.0,0.1279931,4.0,1.0,1.0,1.0,1.0,1.0,1.0,[],[],[],1028,8.105876824647362
16.3429,29.9916,62.7154,0.6621928,O=C(NCC1CCNCC1)C1CC(c2ccco2)N(C2CCOCC2)C1c1ccccc1,1,c1ccoc1C1N([*])C(c2ccccc2)C(C(=O)N[*])C1,O1CCC(*)CC1|N1CCC(C*)CC1,O=C(NCC1CCNCC1)C1CC(c2ccco2)N(C2CCOCC2)C1c1ccccc1,0.8584269,8.1194,1e-05,3.0,0.7217575,0.7218,0.1033302,3.7779,0.9991415,437.584,0.9852619,3.6787,0.9995458,66.74,0.5,5.0,0.5,2.0,0.0532402,6.0,0.0031523,5.0,1.0,1.0,1.0,1.0,1.0,1.0,[],[],[],389,7.596263129545528
16.8242,34.1364,58.4999,0.6616879,O=C(NCC1CCNCC1)C1CC(c2ccccc2)N(C(=O)C2CCO2)C1c1ccco1,1,c1ccccc1C1N([*])C(c2ccco2)C(C(=O)N[*])C1,O1C(C(*)=O)CC1|C1CNCCC1C*,O=C(NCC1CCNCC1)C1CC(c2ccccc2)N(C(=O)C2CCO2)C1c1ccco1,0.8620434,8.1047,0.0,4.0,0.7261705,0.7262,0.059545,3.9242,0.9991439,437.54,0.9998198,2.8152,0.9999701,83.81,0.5,5.0,0.5,2.0,0.0532402,6.0,0.0031523,5.0,1.0,1.0,1.0,1.0,1.0,1.0,[],[],[],416,7.857782435590104
17.9942,24.8531,67.7703,0.661596,CC(=O)NC(=O)C1CC(c2cccs2)N(C(=O)OCC2CCNCC2)C1c1ccccc1,1,c1ccsc1C1N([*])C(c2ccccc2)C(C(=O)N[*])C1,C1CNCCC1COC(*)=O|C(=O)(C)*,O=C(OCC1CCNCC1)N1C(c2ccccc2)CCC1c1cccs1,0.876365,8.0431,1e-05,3.0,0.7186282,0.7186,0.1082733,3.7651,0.9973469,455.58,0.9871652,3.6513,0.9999072,87.74,0.1279931,6.0,0.5,2.0,0.1916823,5.0,0.1279931,4.0,1.0,1.0,1.0,1.0,1.0,1.0,[],[],[],496,9.055240722683587
16.9081,45.3949,47.1882,0.6613085,O=C1CC(N2C(c3ccccc3)CC(C(=O)NCC3CCNCC3)C2c2cccs2)C1,1,c1ccccc1C1N([*])C(c2sccc2)C(C(=O)N[*])C1,C1(=O)CC(*)C1|C1CNCCC1C*,O=C1CC(N2C(c3ccccc3)CC(C(=O)NCC3CCNCC3)C2c2cccs2)C1,0.8567855,8.126,1e-05,3.0,0.7234823,0.7235,0.1024206,3.7803,0.9991401,437.609,0.9836174,3.6997,0.997915,61.44,0.5,5.0,0.5,2.0,0.0532402,6.0,0.0031523,5.0,1.0,1.0,1.0,1.0,1.0,1.0,[],[],[],344,7.481695005111553
16.1656,28.9834,63.5424,0.660898,O=C(NCC1CCNCC1)C1CC(c2cccnc2)N(C(=O)N2CCCC2)C1c1ccncc1,1,c1ccncc1C1N([*])C(c2ccncc2)C(C(=O)N[*])C1,*C(N1CCCC1)=O|C1(C*)CCNCC1,O=C(NCC1CCNCC1)C1CC(c2cccnc2)N(C(=O)N2CCCC2)C1c1ccncc1,0.8467249,8.1649,1e-05,3.0,0.7131527,0.7132,0.099511,3.7881,0.9958836,462.598,0.9997035,2.9125,0.999797,90.46,0.5,5.0,0.5,2.0,0.1916823,5.0,0.0031523,5.0,1.0,1.0,1.0,1.0,1.0,1.0,[],[],[],375,6.840691418893668
15.4908,32.6765,59.8433,0.6608558,CN1CCNCCC1CNC(=O)C1CC(c2cccnc2)N(C)C1c1ccncc1,1,c1ccncc1C1N([*])C(c2ccncc2)C(C(=O)N[*])C1,*C|C1(C*)CCNCCN1C,O=C(NCC1CCNCCN1)C1CC(c2cccnc2)NC1c1ccncc1,0.8794463,8.0291,0.0,4.0,0.7833803,0.7834,0.0476787,3.9815,0.9996881,408.55,0.9599026,1.6206,0.999933,73.39,0.1279931,6.0,0.5,2.0,0.1916823,5.0,0.1279931,4.0,1.0,1.0,1.0,1.0,1.0,1.0,[],[],[],1835,9.351903138266579
16.5306,27.2707,65.1413,0.6600856,CC(=O)NC(=O)C1CC(c2cccnc2)N(CCC2CCNCC2)C1c1ccncc1,1,c1ccncc1C1N([*])C(c2ccncc2)C(C(=O)N[*])C1,C1CNCCC1CC*|*C(C)=O,c1cncc(C2CCC(c3ccncc3)N2CCC2CCNCC2)c1,0.8829707,8.0126,1e-05,3.0,0.7456834,0.7457,0.0700063,3.8819,0.9996863,421.545,0.9997654,2.6333,0.9999201,87.22,0.1279931,6.0,0.5,2.0,0.0532402,6.0,0.1279931,4.0,1.0,1.0,1.0,1.0,1.0,1.0,[],[],[],1021,9.714042517287657
17.9982,32.7005,59.6754,0.6598278,CC(=O)NC(=O)C1CC(c2ccccc2)N(C(=O)OCC2CCCNCC2)C1c1ccccn1,1,c1ccccc1C1N([*])C(c2ncccc2)C(C(=O)N[*])C1,C1C(COC(*)=O)CCNCC1|CC(*)=O,O=C(OCC1CCCNCC1)N1C(c2ccccc2)CCC1c1ccccn1,0.8818057,8.0181,0.0,4.0,0.7037249,0.7037,0.0606877,3.9192,0.9953446,464.566,0.9968493,3.3749,0.9962233,100.63,0.1279931,6.0,0.5,2.0,0.1916823,5.0,0.1279931,4.0,1.0,1.0,1.0,1.0,1.0,1.0,[],[],[],1003,9.591797467879683
14.6314,17.0843,75.1486,0.6588064,CN1C(c2ccccc2)CC(C(=O)NS(=O)(=O)CC2CCNCC2)C1c1ccncc1,1,c1ccccc1C1N([*])C(c2ccncc2)C(C(=O)N[*])C1,*C|C1(CS(=O)(=O)*)CCNCC1,O=C(NS(=O)(=O)CC1CCNCC1)C1CC(c2ccccc2)NC1c1ccncc1,0.8776525,8.0373,1e-05,3.0,0.7131681,0.7132,0.1130859,3.7531,0.9988251,442.585,0.9984281,2.2613,0.999734,91.4,0.1279931,6.0,0.5,2.0,0.0532402,6.0,0.1279931,4.0,1.0,1.0,1.0,1.0,1.0,1.0,[],[],[],1135,9.17698453849781
13.9663,21.2605,70.9407,0.6585806,O=C(NCC1CCNCC1)C1CC(c2cccnc2)N(C2CC2)C1c1ccncc1,1,c1ccncc1C1N([*])C(c2ccncc2)C(C(=O)N[*])C1,C1C(*)C1|C1CNCCC1C*,O=C(NCC1CCNCC1)C1CC(c2cccnc2)N(C2CC2)C1c1ccncc1,0.8400019,8.1898,1e-05,3.0,0.773416,0.7734,0.1126091,3.7543,0.9996234,405.546,0.9997743,2.8591,0.9998297,70.15,0.5,5.0,0.5,2.0,0.0532402,6.0,0.0031523,5.0,1.0,1.0,1.0,1.0,1.0,1.0,[],[],[],476,6.459516322696259
16.6518,29.8446,62.2945,0.6581366,CN1C(c2ccccc2)CC(C(=O)NC(=O)OCCC2CCNCC2)C1c1ccncc1,1,c1ccccc1C1N([*])C(c2ccncc2)C(C(=O)N[*])C1,C*|C1C(CCOC(*)=O)CCNC1,O=C(NC(=O)C1CC(c2ccccc2)NC1c1ccncc1)OCCC1CCNCC1,0.8712998,8.0656,1e-05,3.0,0.7216469,0.7216,0.1376612,3.6982,0.9991952,436.556,0.9951828,3.4582,0.9999722,83.56,0.1279931,6.0,0.5,2.0,0.0532402,6.0,0.1279931,4.0,1.0,1.0,1.0,1.0,1.0,1.0,[],[],[],1597,8.598050666611748
11.9979,21.8717,70.2638,0.6581109,O=C(NCC1CCNCC1)C1CC(c2cccnc2)N(C2CCC2)C1c1ccncc1,1,c1ccncc1C1N([*])C(c2ccncc2)C(C(=O)N[*])C1,C1CCC1*|C1CNCCC1C*,O=C(NCC1CCNCC1)C1CC(c2cccnc2)N(C2CCC2)C1c1ccncc1,0.8425168,8.1806,1e-05,3.0,0.752216,0.7522,0.109327,3.7624,0.9997228,419.573,0.9983414,3.2492,0.9998297,70.15,0.5,5.0,0.5,2.0,0.0532402,6.0,0.0031523,5.0,1.0,1.0,1.0,1.0,1.0,1.0,[],[],[],149,6.597812965139568
16.9474,35.5528,56.5706,0.6580246,CN1C(c2cccnc2)CC(C(=O)NC(=O)CCC2CCCNCC2)C1c1ccncc1,1,c1ccncc1C1N([*])C(c2ccncc2)C(C(=O)N[*])C1,*C|C1(CCC(=O)*)CCNCCC1,O=C(CCC1CCCNCC1)NC(=O)C1CC(c2cccnc2)NC1c1ccncc1,0.8822759,8.0159,0.0,4.0,0.7253379,0.7253,0.0639323,3.9056,0.9992433,435.572,0.9994771,3.0234,0.9999201,87.22,0.1279931,6.0,0.5,2.0,0.0532402,6.0,0.1279931,4.0,1.0,1.0,1.0,1.0,1.0,1.0,[],[],[],1561,9.640509790107467
15.2598,29.4023,62.6351,0.6574099,O=C(NCC1CCNCC1)C1CC(c2ccccc2)N(C2CCCCO2)C1c1ccccn1,1,c1ccccc1C1N([*])C(c2ncccc2)C(C(=O)N[*])C1,O1CCCCC1*|N1CCC(C*)CC1,O=C(NCC1CCNCC1)C1CC(c2ccccc2)N(C2CCCCO2)C1c1ccccn1,0.85963,8.1146,0.0,4.0,0.7031842,0.7032,0.0618604,3.9142,0.9982857,448.611,0.9688408,3.8283,0.9995118,66.49,0.5,5.0,0.5,2.0,0.0532402,6.0,0.0031523,5.0,1.0,1.0,1.0,1.0,1.0,1.0,[],[],[],383,7.680685809900998
20.6391,33.4729,58.5467,0.6572824,O=C(NCC1CCCNCC1)C1CC(c2cccnc2)N(C2COC2)C1c1ccccc1,1,c1ccncc1C1N([*])C(c2ccccc2)C(C(=O)N[*])C1,*C1COC1|C1CNCCCC1C*,O=C(NCC1CCCNCC1)C1CC(c2cccnc2)N(C2COC2)C1c1ccccc1,0.8497668,8.1534,0.0,4.0,0.7314828,0.7315,0.0713767,3.8768,0.9992888,434.584,0.9992626,3.0906,0.9995118,66.49,0.5,5.0,0.5,2.0,0.0532402,6.0,0.0031523,5.0,1.0,1.0,1.0,1.0,1.0,1.0,[],[],[],141,7.024250644645014
14.5678,17.0425,74.9298,0.6569453,CN1C(c2cccs2)CC(C(=O)NS(=O)(=O)CC2CCNCC2)C1c1ccccc1,1,c1ccsc1C1N([*])C(c2ccccc2)C(C(=O)N[*])C1,*C|C1C(CS(*)(=O)=O)CCNC1,O=C(NS(=O)(=O)CC1CCNCC1)C1CC(c2cccs2)NC1c1ccccc1,0.8760847,8.0444,1e-05,3.0,0.7119377,0.7119,0.0981962,3.7917,0.9983883,447.626,0.9996793,2.9278,0.9999846,78.51,0.1279931,6.0,0.5,2.0,0.0532402,6.0,0.1279931,4.0,1.0,1.0,1.0,1.0,1.0,1.0,[],[],[],972,9.028175649662577
19.8164,31.5184,60.3265,0.6560347,O=C(NC1COC1)C1CC(c2cccnc2)N(CC2CCNCC2)C1c1ccncc1,1,c1ccncc1C1N([*])C(c2ccncc2)C(C(=O)N[*])C1,C1CC(C*)CCN1|O1CC(*)C1,O=C(NC1COC1)C1CC(c2cccnc2)N(CC2CCNCC2)C1c1ccncc1,0.8844458,8.0056,1e-05,3.0,0.7437268,0.7437,0.0618887,3.9141,0.9996863,421.545,0.9963359,2.0955,0.999988,79.38,0.1279931,6.0,0.5,2.0,0.0532402,6.0,0.0031523,5.0,1.0,1.0,1.0,1.0,1.0,1.0,[],[],[],563,9.871883010683977
18.5674,29.1797,62.461,0.6545766,CN(C)C(=O)NC(=O)C1CC(c2cccnc2)N(CCC2CCNCC2)C1c1ccncc1,1,c1ccncc1C1N([*])C(c2ccncc2)C(C(=O)N[*])C1,C1(CC*)CCNCC1|C(*)(N(C)C)=O,c1cncc(C2CCC(c3ccncc3)N2CCC2CCNCC2)c1,0.8801739,8.0257,1e-05,3.0,0.7034279,0.7034,0.0495,3.9719,0.9980596,450.587,0.9998581,2.7684,0.999797,90.46,0.1279931,6.0,0.5,2.0,0.0532402,6.0,0.1279931,4.0,1.0,1.0,1.0,1.0,1.0,1.0,[],[],[],151,9.425404555789733
17.8989,29.7628,61.8382,0.654293,O=C(NCC1CCNCC1)C1CC(c2cccnc2)N(C2CCCOC2)C1c1ccccc1,1,c1ccncc1C1N([*])C(c2ccccc2)C(C(=O)N[*])C1,O1CC(*)CCC1|N1CCC(C*)CC1,O=C(NCC1CCNCC1)C1CC(c2cccnc2)N(C2CCCOC2)C1c1ccccc1,0.8475335,8.1619,0.0,4.0,0.7083444,0.7083,0.0685631,3.8873,0.9982857,448.611,0.9945982,3.4807,0.9995118,66.49,0.5,5.0,0.5,2.0,0.0532402,6.0,0.0031523,5.0,1.0,1.0,1.0,1.0,1.0,1.0,[],[],[],2526,6.888108826526819
19.1128,38.4526,53.1257,0.6541305,O=C(NCC1CCNCC1)C1CC(c2ccccc2)N(C(=O)C2=NCC2)C1c1cccs1,1,c1ccccc1C1N([*])C(c2cccs2)C(C(=O)N[*])C1,C1CN=C1C(=O)*|N1CCC(C*)CC1,O=C(NCC1CCNCC1)C1CC(c2ccccc2)N(C(=O)C2=NCC2)C1c1cccs1,0.8474222,8.1623,1e-05,3.0,0.7089785,0.709,0.0643197,3.9041,0.998057,450.608,0.9973699,3.3395,0.9999405,73.8,0.5,5.0,0.5,2.0,0.0532402,6.0,0.0031523,5.0,1.0,1.0,1.0,1.0,1.0,1.0,[],[],[],749,6.881767564552987
14.2427,38.7785,52.6132,0.6527982,CN1CCC(N2C(c3ccccc3)CC(C(=O)NCC3CCNCC3)C2c2cccs2)C1,1,c1ccccc1C1N([*])C(c2cccs2)C(C(=O)N[*])C1,C1(*)CN(C)CC1|C1CNCCC1C*,O=C(NCC1CCNCC1)C1CC(c2ccccc2)N(C2CCNC2)C1c1cccs1,0.8563598,8.1277,0.0,4.0,0.702143,0.7021,0.0685052,3.8876,0.9977893,452.668,0.98573,3.6723,0.8993782,47.61,0.5,5.0,0.5,2.0,0.0532402,6.0,0.0031523,5.0,1.0,1.0,1.0,1.0,1.0,1.0,[],[],[],150,7.452465942515122
18.2051,25.289,66.0306,0.6522834,O=C(CC1CCNCC1)NC(=O)C1CC(c2cccnc2)N(C2CCC2)C1c1ccncc1,1,c1ccncc1C1N([*])C(c2ccncc2)C(C(=O)N[*])C1,C1C(*)CC1|C1CNCCC1CC(*)=O,O=C(CC1CCNCC1)NC(=O)C1CC(c2cccnc2)N(C2CCC2)C1c1ccncc1,0.8793761,8.0294,1e-05,3.0,0.7073973,0.7074,0.0711235,3.8777,0.9983926,447.583,0.9989164,3.1659,0.9999201,87.22,0.1279931,6.0,0.5,2.0,0.0532402,6.0,0.0031523,5.0,1.0,1.0,1.0,1.0,1.0,1.0,[],[],[],340,9.345445303153387
18.8305,33.8188,57.4506,0.6519241,COC(=O)N1C(c2cccnc2)CC(C(=O)NCC2CCCNCC2)C1c1ccncc1,1,c1ccncc1C1N([*])C(c2ccncc2)C(C(=O)N[*])C1,C(*)(=O)OC|N1CCC(C*)CCC1,O=C(NCC1CCCNCC1)C1CC(c2cccnc2)NC1c1ccncc1,0.8556672,8.1304,0.0,4.0,0.7467655,0.7468,0.0710291,3.8781,0.9991437,437.544,0.9997811,2.8532,0.998863,96.45,0.1279931,6.0,0.5,2.0,0.1916823,5.0,0.1279931,4.0,1.0,1.0,1.0,1.0,1.0,1.0,[],[],[],670,7.406277836681551
18.6782,31.4206,59.5108,0.6495101,CN1CCC(N2C(c3cccnc3)CC(C(=O)NCC3CCNC3)C2c2ccncc2)CC1,1,c1ccncc1C1N([*])C(c2ccncc2)C(C(=O)N[*])C1,C1N(C)CCC(*)C1|C1CNCC1C*,O=C(NCC1CCNC1)C1CC(c2cccnc2)N(C2CCNCC2)C1c1ccncc1,0.8776847,8.0372,0.0,4.0,0.707118,0.7071,0.0447484,3.9978,0.9982852,448.615,0.9992295,2.4008,0.999933,73.39,0.1279931,6.0,0.5,2.0,0.0532402,6.0,0.0031523,5.0,1.0,1.0,1.0,1.0,1.0,1.0,[],[],[],689,9.179097860573362
19.1477,33.1476,57.4534,0.6471502,CN1CCC(N2C(c3cccs3)CC(C(=O)NCC3CCNCC3)C2c2ccccc2)C1,1,c1ccsc1C1N([*])C(c2ccccc2)C(C(=O)N[*])C1,C1CC(*)CN1C|N1CCC(C*)CC1,O=C(NCC1CCNCC1)C1CC(c2cccs2)N(C2CCNC2)C1c1ccccc1,0.8448291,8.172,0.0,4.0,0.702143,0.7021,0.0631365,3.9089,0.9977893,452.668,0.98573,3.6723,0.8993782,47.61,0.5,5.0,0.5,2.0,0.0532402,6.0,0.0031523,5.0,1.0,1.0,1.0,1.0,1.0,1.0,[],[],[],1014,6.729766562843168
17.6825,40.3607,50.0506,0.6457944,CN1CCCC1N1C(c2ccccc2)CC(C(=O)NCC2CCNCC2)C1c1cccnc1,1,c1ccccc1C1N([*])C(c2cccnc2)C(C(=O)N[*])C1,C1CN(C)C(*)C1|C1C(C*)CCNC1,O=C(NCC1CCNCC1)C1CC(c2ccccc2)N(C2CCCN2)C1c1cccnc1,0.8312492,8.221,0.0,4.0,0.7112214,0.7112,0.0509663,3.9644,0.9983882,447.627,0.9971766,3.3534,0.997269,60.5,0.5,5.0,0.5,2.0,0.0532402,6.0,0.0031523,5.0,1.0,1.0,1.0,1.0,1.0,1.0,[],[],[],371,6.011737374832779
15.6752,24.9525,-24.9525,0.0,CCC(=O)NC(=O)C1CC(c2cccs2)N(CC2CCNCC2)C1c1ccccc1,1,c1ccsc1C1N([*])C(c2ccccc2)C(C(=O)N[*])C1,C1(C*)CCNCC1|*C(=O)CC,c1ccc(C2CCC(c3cccs3)N2CC2CCNCC2)cc1,0.881941,8.0175,1e-05,3.0,0.7368054,0.7368,0.1168407,3.7441,0.9995954,425.598,0.9545901,3.9048,0.997915,61.44,0.5,5.0,0.5,2.0,0.0532402,6.0,0.1279931,4.0,1.0,1.0,1.0,1.0,1.0,1.0,[],[],[],398,9.605058183867305
15.8705,14.6642,-14.6642,0.0,CS(=O)(=O)NC(=O)C1CC(c2cccs2)N(CC2CCNCC2)C1c1ccccc1,1,c1ccsc1C1N([*])C(c2ccccc2)C(C(=O)N[*])C1,C1(C*)CCNCC1|CS(*)(=O)=O,c1ccc(C2CCC(c3cccs3)N2CC2CCNCC2)cc1,0.8799757,8.0266,1e-05,3.0,0.7119377,0.7119,0.1027395,3.7794,0.9983883,447.626,0.9996793,2.9278,0.9999846,78.51,0.1279931,6.0,0.5,2.0,0.0532402,6.0,0.1279931,4.0,1.0,1.0,1.0,1.0,1.0,1.0,[],[],[],761,9.405892264269935
18.9677,15.3265,-15.3265,0.0,CS(=O)(=O)NC(=O)C1CC(c2ccccc2)N(CC2CCNCC2)C1c1ccncc1,1,c1ccccc1C1N([*])C(c2ccncc2)C(C(=O)N[*])C1,C1(C*)CCNCC1|CS(*)(=O)=O,c1ccc(C2CCC(c3ccncc3)N2CC2CCNCC2)cc1,0.8826351,8.0142,1e-05,3.0,0.7131681,0.7132,0.1134947,3.7521,0.9988251,442.585,0.9984281,2.2613,0.999734,91.4,0.1279931,6.0,0.5,2.0,0.0532402,6.0,0.1279931,4.0,1.0,1.0,1.0,1.0,1.0,1.0,[],[],[],1725,9.678320504881585
