Agent,Prior,Target,Score,SMILES,SMILES_state,Input_Scaffold,R-groups,Scaffold,DENV_Activity,DENV_Activity (raw),Stereo_Centers,Stereo_Centers (raw),QED,QED (raw),SA,SA (raw),MW,MW (raw),Heavy_Atoms,Heavy_Atoms (raw),LogP,LogP (raw),TPSA,TPSA (raw),HBA,HBA (raw),HBD,HBD (raw),Rotatable_Bonds,Rotatable_Bonds (raw),Ring_Count,Ring_Count (raw),Aromatic_Rings,Aromatic_Rings (raw),Stability_Alerts,Stability_Alerts (raw),Toxicity_Alerts,Toxicity_Alerts (raw),PAINS_Filter,PAINS_Filter (raw),Metabolic_Stability,Metabolic_Stability (raw),matchting_patterns (Stability_Alerts),matchting_patterns (Toxicity_Alerts),matchting_patterns (PAINS_Filter),matchting_patterns (Metabolic_Stability),step,IC50_nM
17.4616,23.7881,85.1506,0.7262579,CN1C(c2ccccc2)CC(C(=O)NCC2CCNC2)C1c1ccccc1,1,c1ccccc1C1N([*])C(c2ccccc2)C(C(=O)N[*])C1,*C|C1(C*)CCNC1,O=C(NCC1CCNC1)C1CC(c2ccccc2)NC1c1ccccc1,0.8828543,8.0132,0.0,4.0,0.8577347,0.8577,0.2871893,3.4721,0.9985487,363.505,0.9090909,27.0,0.9998038,3.1464,0.995989,44.37,0.97891,3.0,0.5,2.0,0.3453354,5.0,0.1279931,4.0,0.5,2.0,1.0,1.0,1.0,1.0,1.0,1.0,1.0,1.0,[],[],[],[],80,9.700631337839582
9.7118,19.753,88.5405,0.721957,CN1C(c2ccccc2)CC(C(=O)NCC2CCNCC2)C1c1ccccc1,1,c1ccccc1C1N([*])C(c2ccccc2)C(C(=O)N[*])C1,*C|C1CNCCC1C*,O=C(NCC1CCNCC1)C1CC(c2ccccc2)NC1c1ccccc1,0.848358,8.1588,1e-05,3.0,0.837729,0.8377,0.4317858,3.3171,0.9993523,377.532,0.9281377,28.0,0.9988183,3.5365,0.995989,44.37,0.97891,3.0,0.5,2.0,0.3453354,5.0,0.1279931,4.0,0.5,2.0,1.0,1.0,1.0,1.0,1.0,1.0,1.0,1.0,[],[],[],[],153,6.937452139421242
12.3814,18.4902,88.3506,0.7122718,CN1C(c2ccccc2)CC(C(=O)NCC2CCNC2)C1c1ccncc1,1,c1ccccc1C1N([*])C(c2ccncc2)C(C(=O)N[*])C1,*C|C1CNCC1C*,O=C(NCC1CCNC1)C1CC(c2ccccc2)NC1c1ccncc1,0.8826522,8.0141,0.0,4.0,0.8560813,0.8561,0.1601843,3.6548,0.9986289,364.493,0.9090909,27.0,0.9999174,2.5414,0.9999714,57.26,0.8720069,4.0,0.5,2.0,0.3453354,5.0,0.1279931,4.0,0.5,2.0,1.0,1.0,1.0,1.0,1.0,1.0,1.0,1.0,[],[],[],[],214,9.680549277120633
11.8977,20.6309,86.1206,0.7116767,CN1C(c2cccnc2)CC(C(=O)NCC2CCNC2)C1c1ccccc1,1,c1ccncc1C1N([*])C(c2ccccc2)C(C(=O)N[*])C1,C*|C1CNCC1C*,O=C(NCC1CCNC1)C1CC(c2cccnc2)NC1c1ccccc1,0.8797276,8.0278,0.0,4.0,0.8560813,0.8561,0.1695792,3.6381,0.9986289,364.493,0.9090909,27.0,0.9999174,2.5414,0.9999714,57.26,0.8720069,4.0,0.5,2.0,0.3453354,5.0,0.1279931,4.0,0.5,2.0,1.0,1.0,1.0,1.0,1.0,1.0,1.0,1.0,[],[],[],[],694,9.379938696184905
15.5474,25.7424,80.9728,0.7114344,CN1C(c2ccccc2)CC(C(=O)NCC2CCCNCC2)C1c1ccccc1,1,c1ccccc1C1N([*])C(c2ccccc2)C(C(=O)N[*])C1,C*|C1C(C*)CCNCC1,O=C(NCC1CCCNCC1)C1CC(c2ccccc2)NC1c1ccccc1,0.8485853,8.1579,0.0,4.0,0.8117805,0.8118,0.2927817,3.4654,0.999711,391.559,0.9434421,29.0,0.9929187,3.9266,0.995989,44.37,0.97891,3.0,0.5,2.0,0.3453354,5.0,0.1279931,4.0,0.5,2.0,1.0,1.0,1.0,1.0,1.0,1.0,1.0,1.0,[],[],[],[],1434,6.951843712782469
13.6805,31.8166,74.8969,0.7114231,O=C(NCC1CCNC1)C1CC(c2ccccc2)N(C(=O)N2CCCC2)C1c1ccccc1,1,c1ccccc1C1N([*])C(c2ccccc2)C(C(=O)N[*])C1,C1CCN(C(=O)*)C1|C1CNCC1C*,O=C(NCC1CCNC1)C1CC(c2ccccc2)N(C(=O)N2CCCC2)C1c1ccccc1,0.8844742,8.0055,0.0,4.0,0.7356223,0.7356,0.1589128,3.6571,0.9998538,446.595,0.955643,33.0,0.9970924,3.7324,0.9999983,64.68,0.97891,3.0,0.5,2.0,0.3453354,5.0,0.0031523,5.0,0.5,2.0,1.0,1.0,1.0,1.0,1.0,1.0,1.0,1.0,[],[],[],[],168,9.874156357468665
17.3682,20.2981,86.3602,0.7110554,CN1C(c2ccccc2)CC(C(=O)NCC2CCNC2)C1c1cccnc1,1,c1ccccc1C1N([*])C(c2cccnc2)C(C(=O)N[*])C1,C*|C(*)C1CNCC1,O=C(NCC1CCNC1)C1CC(c2ccccc2)NC1c1cccnc1,0.8788158,8.032,0.0,4.0,0.8560813,0.8561,0.1665388,3.6434,0.9986289,364.493,0.9090909,27.0,0.9999174,2.5414,0.9999714,57.26,0.8720069,4.0,0.5,2.0,0.3453354,5.0,0.1279931,4.0,0.5,2.0,1.0,1.0,1.0,1.0,1.0,1.0,1.0,1.0,[],[],[],[],1134,9.289663867799362
16.506,27.6139,78.7053,0.7087948,CCNC(=O)C1CC(c2cccnc2)N(C2CCCNCC2)C1c1ccccc1,1,c1ccncc1C1N([*])C(c2ccccc2)C(C(=O)N[*])C1,C1CCC(*)CCN1|C(C)*,c1ccc(C2CCC(c3cccnc3)N2C2CCCNCC2)cc1,0.8773417,8.0387,0.0,4.0,0.8181583,0.8182,0.1390459,3.6954,0.999727,392.547,0.9434421,29.0,0.9991531,3.4641,0.9999714,57.26,0.8720069,4.0,0.5,2.0,0.3453354,5.0,0.1279931,4.0,0.5,2.0,1.0,1.0,1.0,1.0,1.0,1.0,1.0,1.0,[],[],[],[],645,9.147449066714984
13.1069,25.5095,80.8003,0.7087322,CN1C(c2cccs2)CC(C(=O)NCC2CCNC2)C1c1ccccc1,1,c1ccsc1C1N([*])C(c2ccccc2)C(C(=O)N[*])C1,*C|C1(C*)CCNC1,O=C(NCC1CCNC1)C1CC(c2cccs2)NC1c1ccccc1,0.8822951,8.0158,0.0,4.0,0.8506123,0.8506,0.1372484,3.6991,0.9989738,369.534,0.8856181,26.0,0.9997396,3.2079,0.995989,44.37,0.8720069,4.0,0.5,2.0,0.3453354,5.0,0.1279931,4.0,0.5,2.0,1.0,1.0,1.0,1.0,1.0,1.0,1.0,1.0,[],[],[],[],196,9.642729855105237
16.0405,33.7007,72.5549,0.7083712,CN(C)C(=O)N1C(c2cccnc2)CC(C(=O)NCC2CCNC2)C1c1ccccc1,1,c1ccncc1C1N([*])C(c2ccccc2)C(C(=O)N[*])C1,CN(C)C(=O)*|C1CNCC1C*,O=C(NCC1CCNC1)C1CC(c2cccnc2)NC1c1ccccc1,0.8855915,8.0001,0.0,4.0,0.7780424,0.778,0.0896183,3.8163,0.9999485,421.545,0.9653086,31.0,0.9999349,2.5932,0.9999999,77.57,0.8720069,4.0,0.5,2.0,0.3453354,5.0,0.1279931,4.0,0.5,2.0,1.0,1.0,1.0,1.0,1.0,1.0,1.0,1.0,[],[],[],[],1510,9.99769767998157
17.5685,25.2447,80.9954,0.7082676,CN(C)C(=O)NC(=O)C1CC(c2ccccc2)N(C(=O)CC2CCNCC2)C1c1ccccc1,1,c1ccccc1C1N([*])C(c2ccccc2)C(C(=O)N[*])C1,C1CNCCC1CC(=O)*|N(C)(C(=O)*)C,O=C(CC1CCNCC1)N1C(c2ccccc2)CCC1c1ccccc1,0.8834298,8.0105,1e-05,3.0,0.7126364,0.7126,0.1587846,3.6573,0.999633,462.594,0.9434421,34.0,0.9989778,3.505,0.9999996,81.75,0.8720069,4.0,0.5,2.0,0.3453354,5.0,0.1279931,4.0,0.5,2.0,1.0,1.0,1.0,1.0,1.0,1.0,1.0,1.0,[],[],[],[],232,9.761127824302118
15.8195,26.8123,79.2488,0.7070738,CC(=O)N1C(c2ccccc2)CC(C(=O)NCCC2CCNCC2)C1c1ccncc1,1,c1ccccc1C1N([*])C(c2ccncc2)C(C(=O)N[*])C1,CC(*)=O|C1(CC*)CCNCC1,O=C(NCCC1CCNCC1)C1CC(c2ccccc2)NC1c1ccncc1,0.879981,8.0266,1e-05,3.0,0.7524507,0.7525,0.2079306,3.5767,0.9999455,420.557,0.9653086,31.0,0.9997004,3.2383,1.0,74.33,0.8720069,4.0,0.5,2.0,0.1279931,6.0,0.1279931,4.0,0.5,2.0,1.0,1.0,1.0,1.0,1.0,1.0,1.0,1.0,[],[],[],[],317,9.405892264269934
15.3638,19.4574,86.6017,0.7070609,CN1C(c2ccco2)CC(C(=O)NCC2CCNCC2)C1c1ccccc1,1,c1ccoc1C1N([*])C(c2ccccc2)C(C(=O)N[*])C1,*C|C1CNCCC1C*,O=C(NCC1CCNCC1)C1CC(c2ccco2)NC1c1ccccc1,0.8598536,8.1137,1e-05,3.0,0.8524785,0.8525,0.2275769,3.5485,0.9988461,367.493,0.9090909,27.0,0.9998185,3.1295,0.999974,57.51,0.8720069,4.0,0.5,2.0,0.3453354,5.0,0.1279931,4.0,0.5,2.0,1.0,1.0,1.0,1.0,1.0,1.0,1.0,1.0,[],[],[],[],678,7.696619203180875
12.4801,14.5058,91.4644,0.7064681,CN1C(c2ccccc2)CC(C(=O)NCC2CCNCC2)C1c1ccncc1,1,c1ccccc1C1N([*])C(c2ccncc2)C(C(=O)N[*])C1,C*|C1CNCCC1C*,O=C(NCC1CCNCC1)C1CC(c2ccccc2)NC1c1ccncc1,0.8500531,8.1523,1e-05,3.0,0.8399589,0.84,0.269927,3.4931,0.999388,378.52,0.9281377,28.0,0.999927,2.9315,0.9999714,57.26,0.8720069,4.0,0.5,2.0,0.3453354,5.0,0.1279931,4.0,0.5,2.0,1.0,1.0,1.0,1.0,1.0,1.0,1.0,1.0,[],[],[],[],137,7.042064523312061
14.5792,21.9217,84.0088,0.7062034,CC(=O)N1C(c2ccccc2)CC(C(=O)NCCC2CCNCC2)C1c1ccccn1,1,c1ccccc1C1N([*])C(c2ncccc2)C(C(=O)N[*])C1,CC(*)=O|C1CNCCC1CC*,O=C(NCCC1CCNCC1)C1CC(c2ccccc2)NC1c1ccccn1,0.8816944,8.0186,1e-05,3.0,0.7524507,0.7525,0.1857256,3.6111,0.9999455,420.557,0.9653086,31.0,0.9997004,3.2383,1.0,74.33,0.8720069,4.0,0.5,2.0,0.1279931,6.0,0.1279931,4.0,0.5,2.0,1.0,1.0,1.0,1.0,1.0,1.0,1.0,1.0,[],[],[],[],168,9.580760857350214
12.853,34.9761,70.858,0.705561,O=C(NCC1CC1)C1CC(c2ccccc2)N(C2CCNC2)C1c1ccccc1,1,c1ccccc1C1N([*])C(c2ccccc2)C(C(=O)N[*])C1,C1CNCC1*|C1(C*)CC1,O=C(NCC1CC1)C1CC(c2ccccc2)N(C2CCNC2)C1c1ccccc1,0.8782089,8.0348,0.0,4.0,0.7921711,0.7922,0.180365,3.6198,0.9996755,389.543,0.9434421,29.0,0.9977248,3.679,0.995989,44.37,0.97891,3.0,0.5,2.0,0.1279931,6.0,0.0031523,5.0,0.5,2.0,1.0,1.0,1.0,1.0,1.0,1.0,1.0,1.0,[],[],[],[],190,9.229963848404525
16.0691,13.4829,92.2936,0.7051769,CN1C(c2ccccc2)CC(C(=O)NCC2CCNCC2)C1c1cccnc1,1,c1ccccc1C1N([*])C(c2cccnc2)C(C(=O)N[*])C1,*C|C1NCCC(C*)C1,O=C(NCC1CCNCC1)C1CC(c2ccccc2)NC1c1cccnc1,0.8456186,8.1691,1e-05,3.0,0.8399589,0.84,0.2788454,3.4821,0.999388,378.52,0.9281377,28.0,0.999927,2.9315,0.9999714,57.26,0.8720069,4.0,0.5,2.0,0.3453354,5.0,0.1279931,4.0,0.5,2.0,1.0,1.0,1.0,1.0,1.0,1.0,1.0,1.0,[],[],[],[],1682,6.774854928498453
13.8936,23.8533,81.9169,0.7051346,CC(=O)N1C(c2cccnc2)CC(C(=O)NCC2CCNCC2)C1c1ccccc1,1,c1ccncc1C1N([*])C(c2ccccc2)C(C(=O)N[*])C1,C(C)(=O)*|C1C(C*)CCNC1,O=C(NCC1CCNCC1)C1CC(c2cccnc2)NC1c1ccccc1,0.8528799,8.1414,1e-05,3.0,0.8008049,0.8008,0.235671,3.5374,0.9998779,406.53,0.9556429,30.0,0.9999503,2.8482,1.0,74.33,0.8720069,4.0,0.5,2.0,0.3453354,5.0,0.1279931,4.0,0.5,2.0,1.0,1.0,1.0,1.0,1.0,1.0,1.0,1.0,[],[],[],[],323,7.221044144820441
13.6622,17.3032,88.3572,0.7044028,CC(=O)N1C(c2ccccc2)CC(C(=O)NCC2CCNCC2)C1c1cccnc1,1,c1ccccc1C1N([*])C(c2cccnc2)C(C(=O)N[*])C1,*C(=O)C|C1CNCCC1C*,O=C(NCC1CCNCC1)C1CC(c2ccccc2)NC1c1cccnc1,0.8517987,8.1456,1e-05,3.0,0.8008049,0.8008,0.2321327,3.5422,0.9998779,406.53,0.9556429,30.0,0.9999503,2.8482,1.0,74.33,0.8720069,4.0,0.5,2.0,0.3453354,5.0,0.1279931,4.0,0.5,2.0,1.0,1.0,1.0,1.0,1.0,1.0,1.0,1.0,[],[],[],[],1148,7.15154704659282
16.865,25.9699,79.647,0.7041124,CC(=O)N1C(c2ccccc2)CC(C(=O)NCCC2CCNCC2)C1c1cccs1,1,c1ccccc1C1N([*])C(c2sccc2)C(C(=O)N[*])C1,*C(=O)C|C1CNCCC1CC*,O=C(NCCC1CCNCC1)C1CC(c2ccccc2)NC1c1cccs1,0.880546,8.024,1e-05,3.0,0.7377942,0.7378,0.1841532,3.6136,0.9999564,425.598,0.9556429,30.0,0.9935908,3.9048,0.9999943,61.44,0.8720069,4.0,0.5,2.0,0.1279931,6.0,0.1279931,4.0,0.5,2.0,1.0,1.0,1.0,1.0,1.0,1.0,1.0,1.0,[],[],[],[],953,9.462371613657949
16.1921,28.6618,76.7918,0.7030241,CCNC(=O)C1CC(c2ccccc2)N(C(=O)CC2CCNCC2)C1c1ccncc1,1,c1ccccc1C1N([*])C(c2ccncc2)C(C(=O)N[*])C1,C1CC(CC(*)=O)CCN1|C(C)*,O=C(CC1CCNCC1)N1C(c2ccccc2)CCC1c1ccncc1,0.8739579,8.0539,1e-05,3.0,0.7524507,0.7525,0.1885882,3.6065,0.9999455,420.557,0.9653086,31.0,0.9997004,3.2383,1.0,74.33,0.8720069,4.0,0.5,2.0,0.1279931,6.0,0.1279931,4.0,0.5,2.0,1.0,1.0,1.0,1.0,1.0,1.0,1.0,1.0,[],[],[],[],308,8.832832604918195
12.546,25.2705,80.1087,0.7025281,CCCNC(=O)C1CC(c2ccccc2)N(CC2CCNCC2)C1c1ccccn1,1,c1ccccc1C1N([*])C(c2ncccc2)C(C(=O)N[*])C1,C1C(C*)CCNC1|C(C)C*,c1ccc(C2CCC(c3ccccn3)N2CC2CCNCC2)cc1,0.8809081,8.0223,1e-05,3.0,0.7359637,0.736,0.1947039,3.5968,0.9998782,406.574,0.9556429,30.0,0.9973561,3.7117,0.9999714,57.26,0.8720069,4.0,0.5,2.0,0.0392398,7.0,0.1279931,4.0,0.5,2.0,1.0,1.0,1.0,1.0,1.0,1.0,1.0,1.0,[],[],[],[],317,9.499483658763474
14.6548,24.0206,81.3499,0.7024703,CC(=O)N1C(c2ccccc2)CC(C(=O)NCC2CCNCC2)C1c1cccs1,1,c1ccccc1C1N([*])C(c2sccc2)C(C(=O)N[*])C1,CC(*)=O|C1C(C*)CCNC1,O=C(NCC1CCNCC1)C1CC(c2ccccc2)NC1c1cccs1,0.855801,8.1299,1e-05,3.0,0.7914614,0.7915,0.1975929,3.5924,0.9999087,411.571,0.9434421,29.0,0.9989311,3.5147,0.9999943,61.44,0.8720069,4.0,0.5,2.0,0.3453354,5.0,0.1279931,4.0,0.5,2.0,1.0,1.0,1.0,1.0,1.0,1.0,1.0,1.0,[],[],[],[],311,7.414809539452744
15.6924,30.1635,75.1932,0.7023781,O=C(NC1CC1)C1CC(c2ccccc2)N(CC2CCNCC2)C1c1ccccn1,1,c1ccccc1C1N([*])C(c2ncccc2)C(C(=O)N[*])C1,C1CNCCC1C*|C1CC1*,O=C(NC1CC1)C1CC(c2ccccc2)N(CC2CCNCC2)C1c1ccccn1,0.8821986,8.0163,1e-05,3.0,0.7741679,0.7742,0.1753541,3.6282,0.9998633,404.558,0.9556429,30.0,0.9991531,3.4641,0.9999714,57.26,0.8720069,4.0,0.5,2.0,0.1279931,6.0,0.0031523,5.0,0.5,2.0,1.0,1.0,1.0,1.0,1.0,1.0,1.0,1.0,[],[],[],[],632,9.63163464023982
13.7679,22.5552,82.7085,0.7017579,CCCNC(=O)C1CC(c2ccccc2)N(CC2CCNCC2)C1c1cccnc1,1,c1ccccc1C1N([*])C(c2cccnc2)C(C(=O)N[*])C1,C1(C*)CCNCC1|CCC*,c1ccc(C2CCC(c3cccnc3)N2CC2CCNCC2)cc1,0.8768913,8.0408,1e-05,3.0,0.7359637,0.736,0.2082525,3.5762,0.9998782,406.574,0.9556429,30.0,0.9973561,3.7117,0.9999714,57.26,0.8720069,4.0,0.5,2.0,0.0392398,7.0,0.1279931,4.0,0.5,2.0,1.0,1.0,1.0,1.0,1.0,1.0,1.0,1.0,[],[],[],[],198,9.103323996799078
12.672,25.5432,79.6946,0.7015849,CCNC(=O)C1CC(c2ccccc2)N(CC2CCNCC2)C1c1ccncc1,1,c1ccccc1C1N([*])C(c2ccncc2)C(C(=O)N[*])C1,C1CNCCC1C*|*CC,c1ccc(C2CCC(c3ccncc3)N2CC2CCNCC2)cc1,0.8697287,8.0724,1e-05,3.0,0.7918288,0.7918,0.1884273,3.6067,0.999727,392.547,0.9434421,29.0,0.9995605,3.3216,0.9999714,57.26,0.8720069,4.0,0.5,2.0,0.1279931,6.0,0.1279931,4.0,0.5,2.0,1.0,1.0,1.0,1.0,1.0,1.0,1.0,1.0,[],[],[],[],153,8.464474480977
10.7534,24.496,80.7343,0.7015357,CCNC(=O)C1CC(c2cccs2)N(C(=O)CC2CCNCC2)C1c1ccccc1,1,c1ccsc1C1N([*])C(c2ccccc2)C(C(=O)N[*])C1,C1CNCCC1CC(=O)*|CC*,O=C(CC1CCNCC1)N1C(c2ccccc2)CCC1c1cccs1,0.8761142,8.0443,1e-05,3.0,0.7377942,0.7378,0.1754435,3.628,0.9999564,425.598,0.9556429,30.0,0.9935908,3.9048,0.9999943,61.44,0.8720069,4.0,0.5,2.0,0.1279931,6.0,0.1279931,4.0,0.5,2.0,1.0,1.0,1.0,1.0,1.0,1.0,1.0,1.0,[],[],[],[],188,9.030254703280065
16.6521,24.0857,80.9202,0.7000398,O=CNC(=O)C1CC(c2ccccc2)N(C(=O)CC2CCNCC2)C1c1ccccc1,1,c1ccccc1C1N([*])C(c2ccccc2)C(C(=O)N[*])C1,C1CNCCC1CC(=O)*|O=C*,O=C(CC1CCNCC1)N1C(c2ccccc2)CCC1c1ccccc1,0.8791853,8.0303,1e-05,3.0,0.7059186,0.7059,0.1441366,3.6852,0.9999422,419.525,0.9653086,31.0,0.9999089,2.9798,0.9999999,78.51,0.8720069,4.0,0.5,2.0,0.1279931,6.0,0.1279931,4.0,0.5,2.0,1.0,1.0,1.0,1.0,1.0,1.0,1.0,1.0,[],[],[],[],198,9.326098541742976
13.7075,27.5728,77.4073,0.6998676,O=C(NC1CCC1)C1CC(c2cccnc2)N(CC2CCNCC2)C1c1ccccc1,1,c1ccncc1C1N([*])C(c2ccccc2)C(C(=O)N[*])C1,C1C(C*)CCNC1|C1C(*)CC1,O=C(NC1CCC1)C1CC(c2cccnc2)N(CC2CCNCC2)C1c1ccccc1,0.8767844,8.0412,1e-05,3.0,0.7481088,0.7481,0.1838148,3.6142,0.999939,418.585,0.9653086,31.0,0.9949162,3.8542,0.9999714,57.26,0.8720069,4.0,0.5,2.0,0.1279931,6.0,0.0031523,5.0,0.5,2.0,1.0,1.0,1.0,1.0,1.0,1.0,1.0,1.0,[],[],[],[],348,9.094943385552956
15.5469,27.8132,77.1075,0.6994711,CCCNC(=O)C1CC(c2ccccc2)N(CC2CCNC2)C1c1cccnc1,1,c1ccccc1C1N([*])C(c2cccnc2)C(C(=O)N[*])C1,C1NCCC1C*|CCC*,c1ccc(C2CCC(c3cccnc3)N2CC2CCNC2)cc1,0.8853078,8.0015,0.0,4.0,0.7589579,0.759,0.1212288,3.7339,0.999727,392.547,0.9434421,29.0,0.9995605,3.3216,0.9999714,57.26,0.8720069,4.0,0.5,2.0,0.0392398,7.0,0.1279931,4.0,0.5,2.0,1.0,1.0,1.0,1.0,1.0,1.0,1.0,1.0,[],[],[],[],260,9.965520801347681
12.164,27.2924,77.584,0.6991763,O=C(NC1CCC1)C1CC(c2ccccc2)N(CC2CCNCC2)C1c1cccnc1,1,c1ccccc1C1N([*])C(c2cccnc2)C(C(=O)N[*])C1,C1CNCCC1C*|C1CCC1*,O=C(NC1CCC1)C1CC(c2ccccc2)N(CC2CCNCC2)C1c1cccnc1,0.8756752,8.0462,1e-05,3.0,0.7481088,0.7481,0.1809993,3.6188,0.999939,418.585,0.9653086,31.0,0.9949162,3.8542,0.9999714,57.26,0.8720069,4.0,0.5,2.0,0.1279931,6.0,0.0031523,5.0,0.5,2.0,1.0,1.0,1.0,1.0,1.0,1.0,1.0,1.0,[],[],[],[],157,8.990834429518015
14.0888,23.9989,80.7832,0.6985479,CN1C(c2cccnc2)CC(C(=O)NCC2CCCNCC2)C1c1ccccc1,1,c1ccncc1C1N([*])C(c2ccccc2)C(C(=O)N[*])C1,C*|C1(C*)CCNCCC1,O=C(NCC1CCCNCC1)C1CC(c2cccnc2)NC1c1ccccc1,0.8468639,8.1644,0.0,4.0,0.8195956,0.8196,0.1804232,3.6197,0.999727,392.547,0.9434421,29.0,0.9995605,3.3216,0.9999714,57.26,0.8720069,4.0,0.5,2.0,0.3453354,5.0,0.1279931,4.0,0.5,2.0,1.0,1.0,1.0,1.0,1.0,1.0,1.0,1.0,[],[],[],[],2080,6.848571591258548
16.3325,24.9682,79.7465,0.698098,CC(C)N1C(c2ccco2)CC(C(=O)NCC2CCNCC2)C1c1ccccc1,1,c1ccoc1C1N([*])C(c2ccccc2)C(C(=O)N[*])C1,*C(C)C|C1CNCCC1C*,O=C(NCC1CCNCC1)C1CC(c2ccco2)NC1c1ccccc1,0.8695643,8.0731,1e-05,3.0,0.778666,0.7787,0.1531368,3.6678,0.9997702,395.547,0.9434421,29.0,0.9934933,3.9081,0.999974,57.51,0.8720069,4.0,0.5,2.0,0.1279931,6.0,0.1279931,4.0,0.5,2.0,1.0,1.0,1.0,1.0,1.0,1.0,1.0,1.0,[],[],[],[],565,8.450842349196524
13.5548,21.5636,83.1115,0.6978337,CN1C(c2ccccc2)CC(C(=O)NCC2CCCNCC2)C1c1cccnc1,1,c1ccccc1C1N([*])C(c2cccnc2)C(C(=O)N[*])C1,C*|C1(C*)CCNCCC1,O=C(NCC1CCCNCC1)C1CC(c2ccccc2)NC1c1cccnc1,0.8457282,8.1687,0.0,4.0,0.8195956,0.8196,0.1774538,3.6247,0.999727,392.547,0.9434421,29.0,0.9995605,3.3216,0.9999714,57.26,0.8720069,4.0,0.5,2.0,0.3453354,5.0,0.1279931,4.0,0.5,2.0,1.0,1.0,1.0,1.0,1.0,1.0,1.0,1.0,[],[],[],[],2080,6.781097674934354
15.8917,22.5435,82.0417,0.697235,CCN1C(c2ccccc2)CC(C(=O)NCC2CCNCC2)C1c1ccco1,1,c1ccccc1C1N([*])C(c2ccco2)C(C(=O)N[*])C1,*CC|C1CNCCC1C*,O=C(NCC1CCNCC1)C1CC(c2ccccc2)NC1c1ccco1,0.8633766,8.0992,1e-05,3.0,0.8038519,0.8039,0.1726077,3.6329,0.999485,381.52,0.9281377,28.0,0.9989067,3.5196,0.999974,57.51,0.8720069,4.0,0.5,2.0,0.1279931,6.0,0.1279931,4.0,0.5,2.0,1.0,1.0,1.0,1.0,1.0,1.0,1.0,1.0,[],[],[],[],1167,7.957927898970927
19.0454,38.4154,66.1549,0.697135,O=C(NCC1CCNCC1)C1CC(c2ccccc2)N(C(=O)N2CC2)C1c1ccco1,1,c1ccccc1C1N([*])C(c2ccco2)C(C(=O)N[*])C1,*C(=O)N1CC1|C1(C*)CCNCC1,O=C(NCC1CCNCC1)C1CC(c2ccccc2)N(C(=O)N2CC2)C1c1ccco1,0.8644938,8.0946,1e-05,3.0,0.7266411,0.7266,0.1430362,3.6874,0.9999514,422.529,0.9653086,31.0,0.9999258,2.9353,0.9999999,77.59,0.8720069,4.0,0.5,2.0,0.3453354,5.0,0.0031523,5.0,0.5,2.0,1.0,1.0,1.0,1.0,1.0,1.0,1.0,1.0,[],[],[],[],767,8.042665380156771
14.3166,16.6795,87.7617,0.6962746,CN1C(c2ccccc2)CC(C(=O)NC(=O)CC2CCNCC2)C1c1ccncc1,1,c1ccccc1C1N([*])C(c2ccncc2)C(C(=O)N[*])C1,C*|C1CNCCC1CC(*)=O,O=C(CC1CCNCC1)NC(=O)C1CC(c2ccccc2)NC1c1ccncc1,0.8795518,8.0286,1e-05,3.0,0.7987694,0.7988,0.1786833,3.6226,0.9998779,406.53,0.9556429,30.0,0.9999503,2.8482,1.0,74.33,0.5,5.0,0.5,2.0,0.3453354,5.0,0.1279931,4.0,0.5,2.0,1.0,1.0,1.0,1.0,1.0,1.0,1.0,1.0,[],[],[],[],547,9.362676114879099
16.0579,29.7794,74.6149,0.6959617,O=C(NCC1CCNC1)C1CC(c2ccccc2)N(C(=O)C2CC2)C1c1cccs1,1,c1ccccc1C1N([*])C(c2cccs2)C(C(=O)N[*])C1,C1CC1C(=O)*|C1NCCC1C*,O=C(NCC1CCNC1)C1CC(c2ccccc2)N(C(=O)C2CC2)C1c1cccs1,0.8833049,8.0111,0.0,4.0,0.7474392,0.7474,0.0968946,3.7953,0.9999542,423.582,0.9556429,30.0,0.9989311,3.5147,0.9999943,61.44,0.8720069,4.0,0.5,2.0,0.1279931,6.0,0.0031523,5.0,0.5,2.0,1.0,1.0,1.0,1.0,1.0,1.0,1.0,1.0,[],[],[],[],1008,9.747651639013169
15.0578,29.0248,75.3487,0.6958237,O=C(NCC1CCNC1)C1CC(c2cccnc2)N(C2CCC2)C1c1ccccc1,1,c1ccncc1C1N([*])C(c2ccccc2)C(C(=O)N[*])C1,C1C(*)CC1|C1CNCC1C*,O=C(NCC1CCNC1)C1CC(c2cccnc2)N(C2CCC2)C1c1ccccc1,0.8780464,8.0355,0.0,4.0,0.7741679,0.7742,0.110485,3.7595,0.9998633,404.558,0.9556429,30.0,0.9991531,3.4641,0.9999714,57.26,0.8720069,4.0,0.5,2.0,0.1279931,6.0,0.0031523,5.0,0.5,2.0,1.0,1.0,1.0,1.0,1.0,1.0,1.0,1.0,[],[],[],[],431,9.215098887349559
13.067,17.9965,86.3636,0.6957339,CCN1C(c2ccccc2)CC(C(=O)NCC2CCNCC2)C1c1ccccn1,1,c1ccccc1C1N([*])C(c2ncccc2)C(C(=O)N[*])C1,CC*|C1CNCCC1C*,O=C(NCC1CCNCC1)C1CC(c2ccccc2)NC1c1ccccn1,0.8560665,8.1289,1e-05,3.0,0.7918288,0.7918,0.1902419,3.6038,0.999727,392.547,0.9434421,29.0,0.9995605,3.3216,0.9999714,57.26,0.8720069,4.0,0.5,2.0,0.1279931,6.0,0.1279931,4.0,0.5,2.0,1.0,1.0,1.0,1.0,1.0,1.0,1.0,1.0,[],[],[],[],167,7.431902440743454
11.5839,18.8649,85.4534,0.6954555,CN1C(c2cccnc2)CC(C(=O)NC(=O)CC2CCNCC2)C1c1ccccc1,1,c1ccncc1C1N([*])C(c2ccccc2)C(C(=O)N[*])C1,*C|C1CNCCC1CC(=O)*,O=C(CC1CCNCC1)NC(=O)C1CC(c2cccnc2)NC1c1ccccc1,0.8761355,8.0442,1e-05,3.0,0.7987694,0.7988,0.1879594,3.6075,0.9998779,406.53,0.9556429,30.0,0.9999503,2.8482,1.0,74.33,0.5,5.0,0.5,2.0,0.3453354,5.0,0.1279931,4.0,0.5,2.0,1.0,1.0,1.0,1.0,1.0,1.0,1.0,1.0,[],[],[],[],428,9.032334235672458
19.2989,31.9967,72.3005,0.6953148,O=C(NCC1CCNC1)C1CC(c2ccccc2)N(C(=O)C2CCCC2)C1c1ccncc1,1,c1ccccc1C1N([*])C(c2ccncc2)C(C(=O)N[*])C1,C1CCCC1C(=O)*|C1CC(C*)CN1,O=C(NCC1CCNC1)C1CC(c2ccccc2)N(C(=O)C2CCCC2)C1c1ccncc1,0.8840671,8.0074,0.0,4.0,0.7107204,0.7107,0.106029,3.7708,0.9998538,446.595,0.955643,33.0,0.9981969,3.6284,1.0,74.33,0.8720069,4.0,0.5,2.0,0.1279931,6.0,0.0031523,5.0,0.5,2.0,1.0,1.0,1.0,1.0,1.0,1.0,1.0,1.0,[],[],[],[],975,9.83105215281768
12.6739,29.1093,75.1409,0.6950016,O=C(NCC1CC1)C1CC(c2ccccc2)N(C2CCNC2)C1c1ccncc1,1,c1ccccc1C1N([*])C(c2ccncc2)C(C(=O)N[*])C1,C1NCC(*)C1|C1(C*)CC1,O=C(NCC1CC1)C1CC(c2ccccc2)N(C2CCNC2)C1c1ccncc1,0.8774973,8.038,0.0,4.0,0.7959449,0.7959,0.0989563,3.7896,0.9996934,390.531,0.9434421,29.0,0.9998594,3.074,0.9999714,57.26,0.8720069,4.0,0.5,2.0,0.1279931,6.0,0.0031523,5.0,0.5,2.0,1.0,1.0,1.0,1.0,1.0,1.0,1.0,1.0,[],[],[],[],219,9.162204901219992
16.4773,36.3806,67.8654,0.6949735,O=C(NC1CC1)C1CC(c2ccccc2)N(C(=O)CC2CCCNCC2)C1c1ccccn1,1,c1ccccc1C1N([*])C(c2ncccc2)C(C(=O)N[*])C1,C1C(CC(=O)*)CCNCC1|*C1CC1,O=C(NC1CC1)C1CC(c2ccccc2)N(C(=O)CC2CCCNCC2)C1c1ccccn1,0.8854111,8.001,0.0,4.0,0.7084348,0.7084,0.0956603,3.7988,0.9998538,446.595,0.955643,33.0,0.9965303,3.7709,1.0,74.33,0.8720069,4.0,0.5,2.0,0.1279931,6.0,0.0031523,5.0,0.5,2.0,1.0,1.0,1.0,1.0,1.0,1.0,1.0,1.0,[],[],[],[],2086,9.977000638225546
15.2646,21.3258,82.8478,0.6944906,CCN1C(c2cccnc2)CC(C(=O)NCC2CCNCC2)C1c1ccccc1,1,c1ccncc1C1N([*])C(c2ccccc2)C(C(=O)N[*])C1,*CC|C1CNCCC1C*,O=C(NCC1CCNCC1)C1CC(c2cccnc2)NC1c1ccccc1,0.8503773,8.1511,1e-05,3.0,0.7918288,0.7918,0.207343,3.5776,0.999727,392.547,0.9434421,29.0,0.9995605,3.3216,0.9999714,57.26,0.8720069,4.0,0.5,2.0,0.1279931,6.0,0.1279931,4.0,0.5,2.0,1.0,1.0,1.0,1.0,1.0,1.0,1.0,1.0,[],[],[],[],543,7.061549373585075
19.0797,34.5566,69.612,0.6944576,CCCN1C(c2cccnc2)CC(C(=O)NCCC2CCNC2)C1c1ccccc1,1,c1ccncc1C1N([*])C(c2ccccc2)C(C(=O)N[*])C1,*CCC|C1CNCC1CC*,O=C(NCCC1CCNC1)C1CC(c2cccnc2)NC1c1ccccc1,0.8823069,8.0158,0.0,4.0,0.7016707,0.7017,0.1075331,3.767,0.9998782,406.574,0.9556429,30.0,0.9973561,3.7117,0.9999714,57.26,0.8720069,4.0,0.5,2.0,0.0112369,8.0,0.1279931,4.0,0.5,2.0,1.0,1.0,1.0,1.0,1.0,1.0,1.0,1.0,[],[],[],[],1043,9.642729855105237
16.3802,27.2926,76.8627,0.694369,O=C(NCC1CCNC1)C1CC(c2ccccc2)N(C2CCCC2)C1c1ccncc1,1,c1ccccc1C1N([*])C(c2ccncc2)C(C(=O)N[*])C1,C1C(*)CCC1|C1(C*)CNCC1,O=C(NCC1CCNC1)C1CC(c2ccccc2)N(C2CCCC2)C1c1ccncc1,0.8775377,8.0378,0.0,4.0,0.7481088,0.7481,0.1039761,3.7762,0.999939,418.585,0.9653086,31.0,0.9949162,3.8542,0.9999714,57.26,0.8720069,4.0,0.5,2.0,0.1279931,6.0,0.0031523,5.0,0.5,2.0,1.0,1.0,1.0,1.0,1.0,1.0,1.0,1.0,[],[],[],[],386,9.166425224195574
20.3522,38.682,65.4372,0.6941282,O=C(NCCC1CCNC1)C1CC(c2cccnc2)N(C2CC2)C1c1ccccc1,1,c1ccncc1C1N([*])C(c2ccccc2)C(C(=O)N[*])C1,*C1CC1|C(*)CC1CNCC1,O=C(NCCC1CCNC1)C1CC(c2cccnc2)N(C2CC2)C1c1ccccc1,0.8836278,8.0095,0.0,4.0,0.7420301,0.742,0.1085516,3.7644,0.9998633,404.558,0.9556429,30.0,0.9991531,3.4641,0.9999714,57.26,0.8720069,4.0,0.5,2.0,0.0392398,7.0,0.0031523,5.0,0.5,2.0,1.0,1.0,1.0,1.0,1.0,1.0,1.0,1.0,[],[],[],[],1601,9.783629547845972
14.508,27.5471,76.4964,0.693624,O=C(NCC1CC1)C1CC(c2ccccc2)N(C(=O)C2CCNCC2)C1c1cccnc1,1,c1ccccc1C1N([*])C(c2cccnc2)C(C(=O)N[*])C1,C1C(C(=O)*)CCNC1|C1C(C*)C1,O=C(NCC1CC1)C1CC(c2ccccc2)N(C(=O)C2CCNCC2)C1c1cccnc1,0.8625042,8.1028,1e-05,3.0,0.7350085,0.735,0.1889408,3.6059,0.9999348,432.568,0.9653086,32.0,0.9997004,3.2383,1.0,74.33,0.8720069,4.0,0.5,2.0,0.1279931,6.0,0.0031523,5.0,0.5,2.0,1.0,1.0,1.0,1.0,1.0,1.0,1.0,1.0,[],[],[],[],183,7.892234847899727
16.8828,33.6692,70.3744,0.693624,CCNC(=O)C1CC(c2ccccc2)N(CCCC2CCNC2)C1c1ccncc1,1,c1ccccc1C1N([*])C(c2ccncc2)C(C(=O)N[*])C1,C1CNCC1CCC*|C(*)C,c1ccc(C2CCC(c3ccncc3)N2CCCC2CCNC2)cc1,0.8826805,8.014,0.0,4.0,0.7016707,0.7017,0.093871,3.8039,0.9998782,406.574,0.9556429,30.0,0.9973561,3.7117,0.9999714,57.26,0.8720069,4.0,0.5,2.0,0.0112369,8.0,0.1279931,4.0,0.5,2.0,1.0,1.0,1.0,1.0,1.0,1.0,1.0,1.0,[],[],[],[],1934,9.682778562612505
20.9693,32.5993,71.3855,0.693232,O=C(NCC1CCNCC1)C1CC(c2ccco2)N(C(=O)C2CC2)C1c1ccccc1,1,c1ccoc1C1N([*])C(c2ccccc2)C(C(=O)N[*])C1,C(*)(C1CC1)=O|C1CC(C*)CCN1,O=C(NCC1CCNCC1)C1CC(c2ccco2)N(C(=O)C2CC2)C1c1ccccc1,0.8632813,8.0996,1e-05,3.0,0.7493997,0.7494,0.1705273,3.6364,0.9999485,421.541,0.9653086,31.0,0.9992548,3.4363,1.0,74.58,0.8720069,4.0,0.5,2.0,0.1279931,6.0,0.0031523,5.0,0.5,2.0,1.0,1.0,1.0,1.0,1.0,1.0,1.0,1.0,[],[],[],[],1516,7.9506017508441875
18.3632,36.4102,67.5457,0.6930387,CCNC(=O)C1CC(c2ccccc2)N(C2CCCN(C3CCNC3)C2)C1c1ccccc1,1,c1ccccc1C1N([*])C(c2ccccc2)C(C(=O)N[*])C1,C1C(*)CCCN1C1CNCC1|CC*,c1ccc(C2CCC(c3ccccc3)N2C2CCCN(C3CCNC3)C2)cc1,0.8852139,8.0019,0.0,5.0,0.7095476,0.7095,0.0699723,3.882,0.9998535,446.639,0.955643,33.0,0.9967996,3.7533,0.9988399,47.61,0.8720069,4.0,0.5,2.0,0.1279931,6.0,0.0031523,5.0,0.5,2.0,1.0,1.0,1.0,1.0,1.0,1.0,1.0,1.0,[],[],[],[],1453,9.956346443087927
16.5285,31.8137,72.1183,0.6928801,O=C(NCC1CCNC1)C1CC(c2cccnc2)N(CC2CCC2)C1c1ccccc1,1,c1ccncc1C1N([*])C(c2ccccc2)C(C(=O)N[*])C1,C1CC(C*)C1|C1CNCC1C*,O=C(NCC1CCNC1)C1CC(c2cccnc2)N(CC2CCC2)C1c1ccccc1,0.8842286,8.0067,0.0,4.0,0.7197225,0.7197,0.0945018,3.8021,0.999939,418.585,0.9653086,31.0,0.9973561,3.7117,0.9999714,57.26,0.8720069,4.0,0.5,2.0,0.0392398,7.0,0.0031523,5.0,0.5,2.0,1.0,1.0,1.0,1.0,1.0,1.0,1.0,1.0,[],[],[],[],1823,9.84691071376938
11.3297,21.2068,82.7025,0.6927288,CN1C(c2cccs2)CC(C(=O)NC(=O)CC2CCNCC2)C1c1ccccc1,1,c1ccsc1C1N([*])C(c2ccccc2)C(C(=O)N[*])C1,*C|C1CNCCC1CC(*)=O,O=C(CC1CCNCC1)NC(=O)C1CC(c2cccs2)NC1c1ccccc1,0.8775323,8.0379,1e-05,3.0,0.7904007,0.7904,0.1575868,3.6595,0.9999087,411.571,0.9434421,29.0,0.9989311,3.5147,0.9999943,61.44,0.5,5.0,0.5,2.0,0.3453354,5.0,0.1279931,4.0,0.5,2.0,1.0,1.0,1.0,1.0,1.0,1.0,1.0,1.0,[],[],[],[],157,9.164314819766464
13.9519,18.9927,84.9144,0.6927144,CC(=O)NC(=O)C1CC(c2cccnc2)N(CC2CCNCC2)C1c1ccccc1,1,c1ccncc1C1N([*])C(c2ccccc2)C(C(=O)N[*])C1,C1C(C*)CCNC1|C(C)(=O)*,c1ccc(C2CCC(c3cccnc3)N2CC2CCNCC2)cc1,0.8778035,8.0366,1e-05,3.0,0.7987694,0.7988,0.1403975,3.6927,0.9998779,406.53,0.9556429,30.0,0.9999503,2.8482,1.0,74.33,0.5,5.0,0.5,2.0,0.3453354,5.0,0.1279931,4.0,0.5,2.0,1.0,1.0,1.0,1.0,1.0,1.0,1.0,1.0,[],[],[],[],294,9.191788016944912
11.8215,23.0726,80.814,0.6925774,CC(=O)NC(=O)C1CC(c2cccnc2)N(C(=O)CC2CCNCC2)C1c1ccccc1,1,c1ccncc1C1N([*])C(c2ccccc2)C(C(=O)N[*])C1,C1CNCCC1CC(=O)*|*C(=O)C,O=C(CC1CCNCC1)N1C(c2ccccc2)CCC1c1cccnc1,0.880435,8.0245,1e-05,3.0,0.7551545,0.7552,0.1411161,3.6912,0.999927,434.54,0.9653086,32.0,0.9999661,2.7649,0.9999829,91.4,0.5,5.0,0.5,2.0,0.3453354,5.0,0.1279931,4.0,0.5,2.0,1.0,1.0,1.0,1.0,1.0,1.0,1.0,1.0,[],[],[],[],387,9.4514839244073
13.7982,22.002,81.8124,0.692096,CC(=O)NC(=O)C1CC(c2ccccc2)N(C(=O)CC2CCNCC2)C1c1cccnc1,1,c1ccccc1C1N([*])C(c2cccnc2)C(C(=O)N[*])C1,C1C(CC(=O)*)CCNC1|C(*)(=O)C,O=C(CC1CCNCC1)N1C(c2ccccc2)CCC1c1cccnc1,0.8797105,8.0279,1e-05,3.0,0.7551545,0.7552,0.1388679,3.6958,0.999927,434.54,0.9653086,32.0,0.9999661,2.7649,0.9999829,91.4,0.5,5.0,0.5,2.0,0.3453354,5.0,0.1279931,4.0,0.5,2.0,1.0,1.0,1.0,1.0,1.0,1.0,1.0,1.0,[],[],[],[],316,9.377779134121681
21.4067,27.0071,76.783,0.691934,CCC(=O)N1C(c2ccccc2)CC(C(=O)NCC2CCNCC2)C1c1cccs1,1,c1ccccc1C1N([*])C(c2cccs2)C(C(=O)N[*])C1,CCC(*)=O|N1CCC(C*)CC1,O=C(NCC1CCNCC1)C1CC(c2ccccc2)NC1c1cccs1,0.8543047,8.1358,1e-05,3.0,0.7377942,0.7378,0.1747565,3.6292,0.9999564,425.598,0.9556429,30.0,0.9935908,3.9048,0.9999943,61.44,0.8720069,4.0,0.5,2.0,0.1279931,6.0,0.1279931,4.0,0.5,2.0,1.0,1.0,1.0,1.0,1.0,1.0,1.0,1.0,[],[],[],[],1477,7.314758630147257
12.7295,23.6299,80.0016,0.6908766,CC(=O)NC(=O)C1CC(c2ccccc2)N(C(=O)CC2CCNCC2)C1c1cccs1,1,c1ccccc1C1N([*])C(c2sccc2)C(C(=O)N[*])C1,C1CNCCC1CC(=O)*|*C(C)=O,O=C(CC1CCNCC1)N1C(c2ccccc2)CCC1c1cccs1,0.8813499,8.0203,1e-05,3.0,0.7482307,0.7482,0.1169155,3.7439,0.9999024,439.581,0.9653086,31.0,0.9992714,3.4314,0.9999999,78.51,0.5,5.0,0.5,2.0,0.3453354,5.0,0.1279931,4.0,0.5,2.0,1.0,1.0,1.0,1.0,1.0,1.0,1.0,1.0,[],[],[],[],196,9.543331283085344
12.9804,23.5726,79.9893,0.6904123,CCNC(=O)C1CC(c2cccnc2)N(C2CCNCC2)C1c1ccncc1,1,c1ccncc1C1N([*])C(c2ccncc2)C(C(=O)N[*])C1,C1CNCCC1*|C(C)*,c1cncc(C2CCC(c3ccncc3)N2C2CCNCC2)c1,0.875928,8.0451,1e-05,3.0,0.835191,0.8352,0.1207587,3.735,0.9994218,379.508,0.9281377,28.0,0.9998846,2.469,0.9999998,70.15,0.5,5.0,0.5,2.0,0.3453354,5.0,0.1279931,4.0,0.5,2.0,1.0,1.0,1.0,1.0,1.0,1.0,1.0,1.0,[],[],[],[],297,9.013635670781422
11.6681,18.5539,84.8177,0.6891439,CN1C(c2cccnc2)CC(C(=O)NCC2CCNC2)C1c1ccncc1,1,c1ccncc1C1N([*])C(c2ccncc2)C(C(=O)N[*])C1,*C|C1NCCC1C*,O=C(NCC1CCNC1)C1CC(c2cccnc2)NC1c1ccncc1,0.8800307,8.0264,0.0,4.0,0.8473785,0.8474,0.0881532,3.8208,0.9987046,365.481,0.9090909,27.0,0.9986615,1.9364,0.9999998,70.15,0.5,5.0,0.5,2.0,0.3453354,5.0,0.1279931,4.0,0.5,2.0,1.0,1.0,1.0,1.0,1.0,1.0,1.0,1.0,[],[],[],[],253,9.410224835267497
15.995,23.6045,79.7453,0.6889981,CC(=O)NC(=O)C1CC(c2ccccc2)N(CC2CCCNCC2)C1c1ccccn1,1,c1ccccc1C1N([*])C(c2ncccc2)C(C(=O)N[*])C1,C1CNCCCC1C*|CC(=O)*,c1ccc(C2CCC(c3ccccn3)N2CC2CCCNCC2)cc1,0.8807991,8.0228,0.0,4.0,0.776857,0.7769,0.0770203,3.8567,0.9999455,420.557,0.9653086,31.0,0.9997004,3.2383,1.0,74.33,0.5,5.0,0.5,2.0,0.3453354,5.0,0.1279931,4.0,0.5,2.0,1.0,1.0,1.0,1.0,1.0,1.0,1.0,1.0,[],[],[],[],1317,9.488553267278009
13.5886,21.98,81.3031,0.6885545,CN1C(c2ccccc2)CC(C(=O)NC(=O)CCC2CCNCC2)C1c1ccncc1,1,c1ccccc1C1N([*])C(c2ccncc2)C(C(=O)N[*])C1,*C|C1C(CCC(*)=O)CCNC1,O=C(CCC1CCNCC1)NC(=O)C1CC(c2ccccc2)NC1c1ccncc1,0.8797987,8.0275,1e-05,3.0,0.7505381,0.7505,0.1796617,3.621,0.9999455,420.557,0.9653086,31.0,0.9997004,3.2383,1.0,74.33,0.5,5.0,0.5,2.0,0.1279931,6.0,0.1279931,4.0,0.5,2.0,1.0,1.0,1.0,1.0,1.0,1.0,1.0,1.0,[],[],[],[],424,9.386420366721355
12.5179,23.8594,79.2921,0.6876771,O=CN1C(c2ccccc2)CC(C(=O)NCC2CCCNCC2)C1c1ccncc1,1,c1ccccc1C1N([*])C(c2ccncc2)C(C(=O)N[*])C1,C(=O)*|C1CNCCCC1C*,O=C(NCC1CCCNCC1)C1CC(c2ccccc2)NC1c1ccncc1,0.8620459,8.1047,0.0,4.0,0.7237421,0.7237,0.0746934,3.8648,0.9998779,406.53,0.9556429,30.0,0.9999503,2.8482,1.0,74.33,0.8720069,4.0,0.5,2.0,0.1279931,6.0,0.1279931,4.0,0.5,2.0,1.0,1.0,1.0,1.0,1.0,1.0,1.0,1.0,[],[],[],[],1516,7.857782435590104
18.005,26.4717,76.5805,0.687015,O=C(NCC1CCNCC1)C1CC(c2cccnc2)N(C2CC2)C1c1ccccc1,1,c1ccncc1C1N([*])C(c2ccccc2)C(C(=O)N[*])C1,C1(*)CC1|C1NCCC(C*)C1,O=C(NCC1CCNCC1)C1CC(c2cccnc2)N(C2CC2)C1c1ccccc1,0.8431919,8.1781,1e-05,3.0,0.7741679,0.7742,0.19892,3.5903,0.9998633,404.558,0.9556429,30.0,0.9991531,3.4641,0.9999714,57.26,0.8720069,4.0,0.5,2.0,0.1279931,6.0,0.0031523,5.0,0.5,2.0,1.0,1.0,1.0,1.0,1.0,1.0,1.0,1.0,[],[],[],[],1396,6.635902555060996
16.8307,29.1824,73.8389,0.6868081,CC(=O)NC(=O)C1CC(c2cccnc2)N(C(=O)CC2CCCNCC2)C1c1ccccc1,1,c1ccncc1C1N([*])C(c2ccccc2)C(C(=O)N[*])C1,C1NCCCC(CC(*)=O)C1|CC(*)=O,O=C(CC1CCCNCC1)N1C(c2ccccc2)CCC1c1cccnc1,0.8803257,8.025,0.0,4.0,0.7332663,0.7333,0.0838036,3.8343,0.9998363,448.567,0.955643,33.0,0.9997959,3.155,0.9999829,91.4,0.5,5.0,0.5,2.0,0.3453354,5.0,0.1279931,4.0,0.5,2.0,1.0,1.0,1.0,1.0,1.0,1.0,1.0,1.0,[],[],[],[],676,9.440608762859226
19.9257,31.6212,71.3638,0.6865665,O=C(NCC1CC1)C1CC(c2ccccc2)N(CC2CCNC2)C1c1ccccn1,1,c1ccccc1C1N([*])C(c2ncccc2)C(C(=O)N[*])C1,C1C(C*)CCN1|C1C(C*)C1,O=C(NCC1CC1)C1CC(c2ccccc2)N(CC2CCNC2)C1c1ccccn1,0.8693463,8.074,0.0,4.0,0.7433337,0.7433,0.0896195,3.8163,0.9998633,404.558,0.9556429,30.0,0.9995605,3.3216,0.9999714,57.26,0.8720069,4.0,0.5,2.0,0.0392398,7.0,0.0031523,5.0,0.5,2.0,1.0,1.0,1.0,1.0,1.0,1.0,1.0,1.0,[],[],[],[],1654,8.433347577642756
12.7953,28.8524,74.0657,0.6861208,CN(C)C(=O)NC(=O)C1CC(c2ccccc2)N(C(=O)CC2CCNCC2)C1c1ccncc1,1,c1ccccc1C1N([*])C(c2ccncc2)C(C(=O)N[*])C1,C1CNCCC1CC(=O)*|*C(N(C)C)=O,O=C(CC1CCNCC1)N1C(c2ccccc2)CCC1c1ccncc1,0.881071,8.0216,1e-05,3.0,0.7111307,0.7111,0.0931033,3.8061,0.9996115,463.582,0.9434421,34.0,0.9999369,2.9,0.9999407,94.64,0.5,5.0,0.5,2.0,0.3453354,5.0,0.1279931,4.0,0.5,2.0,1.0,1.0,1.0,1.0,1.0,1.0,1.0,1.0,[],[],[],[],177,9.5148073635176
13.5291,21.7707,81.1447,0.6861029,O=CN1C(c2ccccc2)CC(C(=O)NCC2CCCNCC2)C1c1cccnc1,1,c1ccccc1C1N([*])C(c2cccnc2)C(C(=O)N[*])C1,C(=O)*|C1CNCCCC1C*,O=C(NCC1CCCNCC1)C1CC(c2ccccc2)NC1c1cccnc1,0.857962,8.1213,0.0,4.0,0.7237421,0.7237,0.0776302,3.8546,0.9998779,406.53,0.9556429,30.0,0.9999503,2.8482,1.0,74.33,0.8720069,4.0,0.5,2.0,0.1279931,6.0,0.1279931,4.0,0.5,2.0,1.0,1.0,1.0,1.0,1.0,1.0,1.0,1.0,[],[],[],[],1396,7.563102739061058
16.019,23.565,79.3182,0.6858884,CC(=O)NC(=O)C1CC(c2ccccc2)N(CC2CCCNCC2)C1c1cccs1,1,c1ccccc1C1N([*])C(c2cccs2)C(C(=O)N[*])C1,C1CCNCCC1C*|C(=O)(C)*,c1ccc(C2CCC(c3cccs3)N2CC2CCCNCC2)cc1,0.8773249,8.0388,0.0,4.0,0.7626427,0.7626,0.0751809,3.8631,0.9999564,425.598,0.9556429,30.0,0.9935908,3.9048,0.9999943,61.44,0.5,5.0,0.5,2.0,0.3453354,5.0,0.1279931,4.0,0.5,2.0,1.0,1.0,1.0,1.0,1.0,1.0,1.0,1.0,[],[],[],[],622,9.145343031204598
13.9592,22.8148,79.915,0.6848655,CC(=O)NC(=O)C1CC(c2ccccc2)N(CCC2CCNCC2)C1c1ccccn1,1,c1ccccc1C1N([*])C(c2ncccc2)C(C(=O)N[*])C1,C1NCCC(CC*)C1|CC(=O)*,c1ccc(C2CCC(c3ccccn3)N2CCC2CCNCC2)cc1,0.8819993,8.0172,1e-05,3.0,0.7505381,0.7505,0.1159185,3.7463,0.9999455,420.557,0.9653086,31.0,0.9997004,3.2383,1.0,74.33,0.5,5.0,0.5,2.0,0.1279931,6.0,0.1279931,4.0,0.5,2.0,1.0,1.0,1.0,1.0,1.0,1.0,1.0,1.0,[],[],[],[],870,9.611695415159293
17.2791,29.8537,72.8389,0.6846173,CC1CCCN1C(=O)NC(=O)C1CC(c2cccnc2)N(C2CCNCC2)C1c1ccccc1,1,c1ccncc1C1N([*])C(c2ccccc2)C(C(=O)N[*])C1,C1C(*)CCNC1|C1N(C(=O)*)C(C)CC1,O=C(NC(=O)N1CCCC1)C1CC(c2cccnc2)N(C2CCNCC2)C1c1ccccc1,0.8703125,8.0699,0.0,4.0,0.7267427,0.7267,0.055043,3.9445,0.9996532,461.61,0.9434421,34.0,0.9979303,3.6584,0.9999999,77.57,0.5,5.0,0.5,2.0,0.6546646,4.0,0.0031523,5.0,0.5,2.0,1.0,1.0,1.0,1.0,1.0,1.0,1.0,1.0,[],[],[],[],466,8.513340425432276
12.6242,23.4833,79.1773,0.6844033,CN1C(c2cccnc2)CC(C(=O)NCCC2CCNC2)C1c1ccncc1,1,c1ccncc1C1N([*])C(c2ccncc2)C(C(=O)N[*])C1,*C|C1NCCC1CC*,O=C(NCCC1CCNC1)C1CC(c2cccnc2)NC1c1ccncc1,0.8855474,8.0003,0.0,4.0,0.8061409,0.8061,0.0851628,3.83,0.9994218,379.508,0.9281377,28.0,0.9997777,2.3265,0.9999998,70.15,0.5,5.0,0.5,2.0,0.1279931,6.0,0.1279931,4.0,0.5,2.0,1.0,1.0,1.0,1.0,1.0,1.0,1.0,1.0,[],[],[],[],197,9.993094630025915
16.0684,22.4783,80.1102,0.6839236,CC(=O)NC(=O)C1CC(c2ccccc2)N(CCC2CCNCC2)C1c1cccnc1,1,c1ccccc1C1N([*])C(c2cccnc2)C(C(=O)N[*])C1,C1CNCCC1CC*|*C(C)=O,c1ccc(C2CCC(c3cccnc3)N2CCC2CCNCC2)cc1,0.8783966,8.0339,1e-05,3.0,0.7505381,0.7505,0.1246303,3.7262,0.9999455,420.557,0.9653086,31.0,0.9997004,3.2383,1.0,74.33,0.5,5.0,0.5,2.0,0.1279931,6.0,0.1279931,4.0,0.5,2.0,1.0,1.0,1.0,1.0,1.0,1.0,1.0,1.0,[],[],[],[],414,9.249111180764663
15.7935,24.2932,78.2772,0.6838025,CN1C(c2cccnc2)CC(C(=O)NCCC2CCNCC2)C1c1ccncc1,1,c1ccncc1C1N([*])C(c2ccncc2)C(C(=O)N[*])C1,C*|C(*)CC1CCNCC1,O=C(NCCC1CCNCC1)C1CC(c2cccnc2)NC1c1ccncc1,0.8726206,8.0598,1e-05,3.0,0.78972,0.7897,0.1516576,3.6706,0.9997421,393.535,0.9434421,29.0,0.9999632,2.7166,0.9999998,70.15,0.5,5.0,0.5,2.0,0.1279931,6.0,0.1279931,4.0,0.5,2.0,1.0,1.0,1.0,1.0,1.0,1.0,1.0,1.0,[],[],[],[],1857,8.713647758812199
12.7543,27.7905,74.7715,0.6837466,CCC(=O)NC(=O)C1CC(c2ccccc2)N(CC2CCNCC2)C1c1cccs1,1,c1ccccc1C1N([*])C(c2sccc2)C(C(=O)N[*])C1,C1CNCCC1C*|C(C)C(=O)*,c1ccc(C2CCC(c3cccs3)N2CC2CCNCC2)cc1,0.8819426,8.0175,1e-05,3.0,0.7368054,0.7368,0.1205595,3.7354,0.9999564,425.598,0.9556429,30.0,0.9935908,3.9048,0.9999943,61.44,0.5,5.0,0.5,2.0,0.1279931,6.0,0.1279931,4.0,0.5,2.0,1.0,1.0,1.0,1.0,1.0,1.0,1.0,1.0,[],[],[],[],161,9.605058183867305
11.3301,27.4966,75.0527,0.6836621,O=C(NC(=O)N1CCCC1)C1CC(c2ccccc2)N(CC2CCNCC2)C1c1ccncc1,1,c1ccccc1C1N([*])C(c2ccncc2)C(C(=O)N[*])C1,C1CNCCC1C*|C1CCCN1C(=O)*,O=C(NC(=O)N1CCCC1)C1CC(c2ccccc2)N(CC2CCNCC2)C1c1ccncc1,0.880152,8.0258,1e-05,3.0,0.7125495,0.7125,0.1145632,3.7496,0.9996532,461.61,0.9434421,34.0,0.9989172,3.5175,0.9999999,77.57,0.5,5.0,0.5,2.0,0.3453354,5.0,0.0031523,5.0,0.5,2.0,1.0,1.0,1.0,1.0,1.0,1.0,1.0,1.0,[],[],[],[],178,9.423234526030674
13.8021,31.4932,71.0303,0.6834904,O=C(NC(=O)N1CCC1)C1CC(c2cccs2)N(CC2CCNCC2)C1c1ccccc1,1,c1ccsc1C1N([*])C(c2ccccc2)C(C(=O)N[*])C1,C1CNCCC1C*|C(*)(N1CCC1)=O,O=C(NC(=O)N1CCC1)C1CC(c2cccs2)N(CC2CCNCC2)C1c1ccccc1,0.8775,8.038,1e-05,3.0,0.724488,0.7245,0.104992,3.7735,0.9997932,452.624,0.9653086,32.0,0.9961441,3.7939,0.9999983,64.68,0.5,5.0,0.5,2.0,0.3453354,5.0,0.0031523,5.0,0.5,2.0,1.0,1.0,1.0,1.0,1.0,1.0,1.0,1.0,[],[],[],[],161,9.162204901219992
12.5605,19.1664,83.3427,0.6833941,O=C(NCC1CCNCC1)C1CC(c2ccccc2)N(CC2CC2)C1c1cccnc1,1,c1ccccc1C1N([*])C(c2cccnc2)C(C(=O)N[*])C1,C1CC1C*|C1CNCCC1C*,O=C(NCC1CCNCC1)C1CC(c2ccccc2)N(CC2CC2)C1c1cccnc1,0.8501514,8.1519,1e-05,3.0,0.7197225,0.7197,0.1689959,3.6391,0.999939,418.585,0.9653086,31.0,0.9973561,3.7117,0.9999714,57.26,0.8720069,4.0,0.5,2.0,0.0392398,7.0,0.0031523,5.0,0.5,2.0,1.0,1.0,1.0,1.0,1.0,1.0,1.0,1.0,[],[],[],[],1412,7.048553492252099
12.6784,26.0494,76.4059,0.6830352,CN1CCCC(NC(=O)C2CC(c3ccccc3)N(C3CCNCC3)C2c2cccnc2)CC1,1,c1ccccc1C1N([*])C(c2cccnc2)C(C(=O)N[*])C1,C1CNCCC1*|C1CC(*)CCCN1C,O=C(NC1CCCNCC1)C1CC(c2ccccc2)N(C2CCNCC2)C1c1cccnc1,0.8829997,8.0125,0.0,4.0,0.713343,0.7133,0.088494,3.8197,0.9996523,461.654,0.9434421,34.0,0.998808,3.5384,0.9999918,60.5,0.5,5.0,0.5,2.0,0.3453354,5.0,0.0031523,5.0,0.5,2.0,1.0,1.0,1.0,1.0,1.0,1.0,1.0,1.0,[],[],[],[],165,9.716279515771078
14.572,25.0114,77.4055,0.6827797,CC(=O)N1C(c2cccnc2)CC(C(=O)NCCC2CCNCC2)C1c1ccncc1,1,c1ccncc1C1N([*])C(c2ccncc2)C(C(=O)N[*])C1,*C(=O)C|C1CNCCC1CC*,O=C(NCCC1CCNCC1)C1CC(c2cccnc2)NC1c1ccncc1,0.8756545,8.0463,1e-05,3.0,0.7487826,0.7488,0.1263164,3.7224,0.9999485,421.545,0.9653086,31.0,0.9999459,2.6333,0.9999965,87.22,0.5,5.0,0.5,2.0,0.1279931,6.0,0.1279931,4.0,0.5,2.0,1.0,1.0,1.0,1.0,1.0,1.0,1.0,1.0,[],[],[],[],681,8.988764451709068
14.5322,25.2563,77.1397,0.68264,CC(=O)NC(=O)C1CC(c2ccccc2)N(C(=O)CCC2CCNCC2)C1c1cccnc1,1,c1ccccc1C1N([*])C(c2cccnc2)C(C(=O)N[*])C1,C1CNCCC1CCC(=O)*|*C(C)=O,O=C(CCC1CCNCC1)N1C(c2ccccc2)CCC1c1cccnc1,0.87894,8.0314,1e-05,3.0,0.7084243,0.7084,0.1368453,3.6999,0.9998363,448.567,0.955643,33.0,0.9997959,3.155,0.9999829,91.4,0.5,5.0,0.5,2.0,0.1279931,6.0,0.1279931,4.0,0.5,2.0,1.0,1.0,1.0,1.0,1.0,1.0,1.0,1.0,[],[],[],[],670,9.302506882321287
17.6693,40.3562,62.039,0.6826345,O=C(NCC1CCNC1)C1CC(c2cccnc2)N(C(=O)N2CCC2)C1c1ccncc1,1,c1ccncc1C1N([*])C(c2ccncc2)C(C(=O)N[*])C1,N1(C(=O)*)CCC1|C1C(C*)CCN1,O=C(NCC1CCNC1)C1CC(c2cccnc2)N(C(=O)N2CCC2)C1c1ccncc1,0.8808988,8.0224,0.0,4.0,0.7525162,0.7525,0.0539507,3.9497,0.999927,434.544,0.9653086,32.0,0.9994566,2.1323,0.9999881,90.46,0.5,5.0,0.5,2.0,0.3453354,5.0,0.0031523,5.0,0.5,2.0,1.0,1.0,1.0,1.0,1.0,1.0,1.0,1.0,[],[],[],[],233,9.497296573624244
17.3432,28.476,73.8758,0.6823454,O=C(CC1CC1)NC(=O)C1CC(c2ccccc2)N(C2CCNCC2)C1c1cccnc1,1,c1ccccc1C1N([*])C(c2cccnc2)C(C(=O)N[*])C1,C1C(*)CCNC1|C1C(CC(*)=O)C1,O=C(CC1CC1)NC(=O)C1CC(c2ccccc2)N(C2CCNCC2)C1c1cccnc1,0.8852218,8.0019,1e-05,3.0,0.7320865,0.7321,0.1232432,3.7293,0.9999348,432.568,0.9653086,32.0,0.9994228,3.3808,1.0,74.33,0.5,5.0,0.5,2.0,0.1279931,6.0,0.0031523,5.0,0.5,2.0,1.0,1.0,1.0,1.0,1.0,1.0,1.0,1.0,[],[],[],[],518,9.956346443087927
19.4137,26.7523,75.3092,0.6804095,O=C(NC1CC1)C1CC(c2cccnc2)N(CC2CCNCC2)C1c1ccncc1,1,c1ccncc1C1N([*])C(c2ccncc2)C(C(=O)N[*])C1,C(C1CCNCC1)*|C1C(*)C1,O=C(NC1CC1)C1CC(c2cccnc2)N(CC2CCNCC2)C1c1ccncc1,0.8805258,8.0241,1e-05,3.0,0.773416,0.7734,0.1075811,3.7668,0.9998708,405.546,0.9556429,30.0,0.9999477,2.8591,0.9999998,70.15,0.5,5.0,0.5,2.0,0.1279931,6.0,0.0031523,5.0,0.5,2.0,1.0,1.0,1.0,1.0,1.0,1.0,1.0,1.0,[],[],[],[],560,9.460193072899116
17.1148,24.0819,77.9573,0.6802611,CC(=O)N1C(c2cccnc2)CC(C(=O)NCC2CCNCC2)C1c1ccncc1,1,c1ccncc1C1N([*])C(c2ccncc2)C(C(=O)N[*])C1,O=C(*)C|C1(C*)CCNCC1,O=C(NCC1CCNCC1)C1CC(c2cccnc2)NC1c1ccncc1,0.8507529,8.1496,1e-05,3.0,0.7938236,0.7938,0.1352187,3.7033,0.9998846,407.518,0.9556429,30.0,0.9996738,2.2432,0.9999965,87.22,0.5,5.0,0.5,2.0,0.3453354,5.0,0.1279931,4.0,0.5,2.0,1.0,1.0,1.0,1.0,1.0,1.0,1.0,1.0,[],[],[],[],271,7.085981269167699
20.9935,30.3337,71.693,0.6801781,CN1CCCC1C(=O)N1C(c2ccccc2)CC(C(=O)NC2CCNCC2)C1c1cccs1,1,c1ccccc1C1N([*])C(c2cccs2)C(C(=O)N[*])C1,C1CN(C)C(C(=O)*)C1|N1CCC(*)CC1,O=C(NC1CCNCC1)C1CC(c2ccccc2)N(C(=O)C2CCCN2)C1c1cccs1,0.8796254,8.0283,0.0,4.0,0.7095078,0.7095,0.0618256,3.9144,0.9995365,466.651,0.955643,33.0,0.9995185,3.3414,0.9999983,64.68,0.5,5.0,0.5,2.0,0.3453354,5.0,0.0031523,5.0,0.5,2.0,1.0,1.0,1.0,1.0,1.0,1.0,1.0,1.0,[],[],[],[],929,9.369145856727323
17.7008,27.4424,74.5721,0.6800963,CCN1C(c2cccnc2)CC(C(=O)NCC2CCNC2)C1c1ccncc1,1,c1ccncc1C1N([*])C(c2ccncc2)C(C(=O)N[*])C1,C(C)*|*CC1CNCC1,O=C(NCC1CCNC1)C1CC(c2cccnc2)NC1c1ccncc1,0.8796229,8.0283,0.0,4.0,0.8061409,0.8061,0.061703,3.9149,0.9994218,379.508,0.9281377,28.0,0.9997777,2.3265,0.9999998,70.15,0.5,5.0,0.5,2.0,0.1279931,6.0,0.1279931,4.0,0.5,2.0,1.0,1.0,1.0,1.0,1.0,1.0,1.0,1.0,[],[],[],[],207,9.369145856727323
9.8335,14.6075,87.3986,0.6800404,CN1C(c2cccnc2)CC(C(=O)NCC2CCNCC2)C1c1ccncc1,1,c1ccncc1C1N([*])C(c2ccncc2)C(C(=O)N[*])C1,*C|C1CNCCC1C*,O=C(NCC1CCNCC1)C1CC(c2cccnc2)NC1c1ccncc1,0.8456018,8.1692,1e-05,3.0,0.8344096,0.8344,0.1611534,3.653,0.9994218,379.508,0.9281377,28.0,0.9997777,2.3265,0.9999998,70.15,0.5,5.0,0.5,2.0,0.3453354,5.0,0.1279931,4.0,0.5,2.0,1.0,1.0,1.0,1.0,1.0,1.0,1.0,1.0,[],[],[],[],158,6.773295140086069
19.4356,30.8943,71.1024,0.679978,CN1CCCC1C(=O)N1C(c2cccnc2)CC(C(=O)NC2CCNCC2)C1c1ccccc1,1,c1ccncc1C1N([*])C(c2ccccc2)C(C(=O)N[*])C1,N1(C)CCCC1C(*)=O|C1C(*)CCNC1,O=C(NC1CCNCC1)C1CC(c2cccnc2)N(C(=O)C2CCCN2)C1c1ccccc1,0.878123,8.0352,0.0,4.0,0.7160156,0.716,0.0735756,3.8688,0.9996532,461.61,0.9434421,34.0,0.9999553,2.6749,0.9999999,77.57,0.5,5.0,0.5,2.0,0.3453354,5.0,0.0031523,5.0,0.5,2.0,1.0,1.0,1.0,1.0,1.0,1.0,1.0,1.0,[],[],[],[],818,9.221466651242649
14.7464,30.0433,71.9497,0.679953,CC1CC1N1C(c2ccccc2)CC(C(=O)NCC2CCNCC2)C1c1ccccn1,1,c1ccccc1C1N([*])C(c2ncccc2)C(C(=O)N[*])C1,C1(C)CC1*|C1CNCCC1C*,O=C(NCC1CCNCC1)C1CC(c2ccccc2)N(C2CC2)C1c1ccccn1,0.8529465,8.1411,0.0,5.0,0.7509218,0.7509,0.0508612,3.9649,0.999939,418.585,0.9653086,31.0,0.9973754,3.7101,0.9999714,57.26,0.8720069,4.0,0.5,2.0,0.1279931,6.0,0.0031523,5.0,0.5,2.0,1.0,1.0,1.0,1.0,1.0,1.0,1.0,1.0,[],[],[],[],181,7.226033988634153
14.9187,39.6675,62.2591,0.6795109,CN1C(c2ccccc2)CC(C(=O)NC2CN(CC3CCNC3)C2)C1c1ccncc1,1,c1ccccc1C1N([*])C(c2ccncc2)C(C(=O)N[*])C1,C*|C1(*)CN(CC2CNCC2)C1,O=C(NC1CN(CC2CCNC2)C1)C1CC(c2ccccc2)NC1c1ccncc1,0.8835363,8.01,0.0,4.0,0.7520054,0.752,0.0824451,3.8386,0.9999424,419.573,0.9653086,31.0,0.9996463,2.2256,0.9999918,60.5,0.5,5.0,0.5,2.0,0.1279931,6.0,0.0031523,5.0,0.5,2.0,1.0,1.0,1.0,1.0,1.0,1.0,1.0,1.0,[],[],[],[],2047,9.772372209558112
12.8333,33.6343,68.2613,0.6793039,CNC(=O)C1CC(c2cccs2)N(C(=O)C2CCCN2C2CCNCC2)C1c1ccccc1,1,c1ccsc1C1N([*])C(c2ccccc2)C(C(=O)N[*])C1,C1CNCCC1N1CCCC1C(=O)*|C*,O=C(C1CCCN1C1CCNCC1)N1C(c2ccccc2)CCC1c1cccs1,0.879861,8.0272,0.0,4.0,0.7095078,0.7095,0.0484357,3.9775,0.9995365,466.651,0.955643,33.0,0.9995185,3.3414,0.9999983,64.68,0.5,5.0,0.5,2.0,0.3453354,5.0,0.0031523,5.0,0.5,2.0,1.0,1.0,1.0,1.0,1.0,1.0,1.0,1.0,[],[],[],[],165,9.392906516183979
15.0859,27.2866,74.2476,0.6768948,O=C(NC1CSC1)C1CC(c2ccccc2)N(CC2CCNCC2)C1c1ccccn1,1,c1ccccc1C1N([*])C(c2ncccc2)C(C(=O)N[*])C1,C(*)C1CCNCC1|S1CC(*)C1,O=C(NC1CSC1)C1CC(c2ccccc2)N(CC2CCNCC2)C1c1ccccn1,0.8811347,8.0213,1e-05,3.0,0.7267834,0.7268,0.0763654,3.859,0.9999177,436.625,0.9653086,31.0,0.9993178,3.4171,0.9999714,57.26,0.5,5.0,0.5,2.0,0.1279931,6.0,0.0031523,5.0,0.5,2.0,1.0,1.0,1.0,1.0,1.0,1.0,1.0,1.0,[],[],[],[],1871,9.521382230214028
22.1035,35.5334,65.9833,0.6767776,O=C(NC1COC1)C1CC(c2ccccc2)N(CC2CCCNCC2)C1c1ccncc1,1,c1ccccc1C1N([*])C(c2ccncc2)C(C(=O)N[*])C1,C1(C*)CCNCCC1|O1CC(*)C1,O=C(NC1COC1)C1CC(c2ccccc2)N(CC2CCCNCC2)C1c1ccncc1,0.8825556,8.0146,0.0,4.0,0.7314828,0.7315,0.063088,3.9091,0.9999268,434.584,0.9653086,32.0,0.9998482,3.0906,0.9999992,66.49,0.5,5.0,0.5,2.0,0.1279931,6.0,0.0031523,5.0,0.5,2.0,1.0,1.0,1.0,1.0,1.0,1.0,1.0,1.0,[],[],[],[],203,9.669410546091221
19.2403,28.8052,72.6516,0.6763786,O=C(NCC1CCNCC1)C1CC(c2ccccc2)N(C(=O)N2CCOCC2)C1c1ccco1,1,c1ccccc1C1N([*])C(c2ccco2)C(C(=O)N[*])C1,N1(C(=O)*)CCOCC1|C1C(C*)CCNC1,O=C(NCC1CCNCC1)C1CC(c2ccccc2)N(C(=O)N2CCOCC2)C1c1ccco1,0.8648437,8.0931,1e-05,3.0,0.7076437,0.7076,0.1090879,3.763,0.9995383,466.582,0.9434421,34.0,0.9999199,2.9519,0.9999968,87.05,0.5,5.0,0.5,2.0,0.3453354,5.0,0.0031523,5.0,0.5,2.0,1.0,1.0,1.0,1.0,1.0,1.0,1.0,1.0,[],[],[],[],162,8.070491789118664
15.0464,28.6946,72.6606,0.6757014,O=C(NCC1CCNC1)C1CC(c2cccnc2)N(C(=O)C2CCCC2)C1c1ccncc1,1,c1ccncc1C1N([*])C(c2ccncc2)C(C(=O)N[*])C1,C1CC(C(=O)*)CC1|C1NCCC1C*,O=C(NCC1CCNC1)C1CC(c2cccnc2)N(C(=O)C2CCCC2)C1c1ccncc1,0.8833334,8.0109,0.0,4.0,0.7108622,0.7109,0.0638405,3.906,0.9998453,447.583,0.955643,33.0,0.9998887,3.0234,0.9999965,87.22,0.5,5.0,0.5,2.0,0.1279931,6.0,0.0031523,5.0,0.5,2.0,1.0,1.0,1.0,1.0,1.0,1.0,1.0,1.0,[],[],[],[],197,9.752141632264138
19.496,32.2331,69.053,0.6752407,O=C(NCC1CCCC1)C1CC(c2cccnc2)N(C2CCNC2)C1c1ccncc1,1,c1ccncc1C1N([*])C(c2ccncc2)C(C(=O)N[*])C1,C1C(*)CNC1|C1C(C*)CCC1,O=C(NCC1CCCC1)C1CC(c2cccnc2)N(C2CCNC2)C1c1ccncc1,0.878094,8.0353,0.0,4.0,0.752216,0.7522,0.0564439,3.938,0.9999424,419.573,0.9653086,31.0,0.999685,3.2492,0.9999998,70.15,0.5,5.0,0.5,2.0,0.1279931,6.0,0.0031523,5.0,0.5,2.0,1.0,1.0,1.0,1.0,1.0,1.0,1.0,1.0,[],[],[],[],2140,9.219343574515605
14.4122,26.3862,74.6852,0.6738088,O=CNC(=O)C1CC(c2cccnc2)N(CC2CCCNCC2)C1c1ccccc1,1,c1ccncc1C1N([*])C(c2ccccc2)C(C(=O)N[*])C1,C1NCCC(C*)CC1|C(=O)*,c1ccc(C2CCC(c3cccnc3)N2CC2CCCNCC2)cc1,0.8721128,8.062,0.0,4.0,0.7219024,0.7219,0.0486053,3.9766,0.9998779,406.53,0.9556429,30.0,0.9999503,2.8482,1.0,74.33,0.5,5.0,0.5,2.0,0.1279931,6.0,0.1279931,4.0,0.5,2.0,1.0,1.0,1.0,1.0,1.0,1.0,1.0,1.0,[],[],[],[],1359,8.669618757582178
15.6519,20.4163,80.5452,0.6730763,CC(=O)NC(=O)C1CC(c2cccnc2)N(CC2CCNCC2)C1c1ccncc1,1,c1ccncc1C1N([*])C(c2ccncc2)C(C(=O)N[*])C1,C1(C*)CCNCC1|C(*)(=O)C,c1cncc(C2CCC(c3ccncc3)N2CC2CCNCC2)c1,0.8816651,8.0188,1e-05,3.0,0.7905379,0.7905,0.0764907,3.8585,0.9998846,407.518,0.9556429,30.0,0.9996738,2.2432,0.9999965,87.22,0.1279931,6.0,0.5,2.0,0.3453354,5.0,0.1279931,4.0,0.5,2.0,1.0,1.0,1.0,1.0,1.0,1.0,1.0,1.0,[],[],[],[],369,9.576349769692674
14.244,26.4434,74.4015,0.6722992,O=C(NCC1CCNC1)C1CC(c2cccnc2)N(CC2CC2)C1c1ccncc1,1,c1ccncc1C1N([*])C(c2ccncc2)C(C(=O)N[*])C1,C(*)C1CC1|C1NCCC1C*,O=C(NCC1CCNC1)C1CC(c2cccnc2)N(CC2CC2)C1c1ccncc1,0.8802683,8.0253,0.0,4.0,0.7412653,0.7413,0.0528099,3.9552,0.9998708,405.546,0.9556429,30.0,0.9999632,2.7166,0.9999998,70.15,0.5,5.0,0.5,2.0,0.0392398,7.0,0.0031523,5.0,0.5,2.0,1.0,1.0,1.0,1.0,1.0,1.0,1.0,1.0,[],[],[],[],1496,9.434089673230412
15.5354,29.8507,70.9254,0.6718404,CN1C(c2cccnc2)CC(C(=O)NC(=O)CC2CCCNCC2)C1c1ccncc1,1,c1ccncc1C1N([*])C(c2ccncc2)C(C(=O)N[*])C1,C*|C1C(CC(*)=O)CCNCC1,O=C(CC1CCCNCC1)NC(=O)C1CC(c2cccnc2)NC1c1ccncc1,0.8816559,8.0188,0.0,4.0,0.771832,0.7718,0.0628893,3.9099,0.9999485,421.545,0.9653086,31.0,0.9999459,2.6333,0.9999965,87.22,0.1279931,6.0,0.5,2.0,0.3453354,5.0,0.1279931,4.0,0.5,2.0,1.0,1.0,1.0,1.0,1.0,1.0,1.0,1.0,[],[],[],[],2076,9.576349769692674
15.871,32.307,68.3978,0.6713657,CN1CCC(CNC(=O)C2CC(c3ccccc3)N(C3CCNCC3)C2c2cccnc2)C1,1,c1ccccc1C1N([*])C(c2cccnc2)C(C(=O)N[*])C1,C1CNCCC1*|C1C(C*)CCN1C,O=C(NCC1CCNC1)C1CC(c2ccccc2)N(C2CCNCC2)C1c1cccnc1,0.8712974,8.0656,0.0,4.0,0.7129766,0.713,0.0753863,3.8624,0.9998449,447.627,0.955643,33.0,0.9998973,3.0058,0.9999918,60.5,0.5,5.0,0.5,2.0,0.1279931,6.0,0.0031523,5.0,0.5,2.0,1.0,1.0,1.0,1.0,1.0,1.0,1.0,1.0,[],[],[],[],146,8.598050666611746
13.8406,27.0789,73.6174,0.6713085,CC(=O)NC(=O)C1CC(c2cccnc2)N(CC2CCCNCC2)C1c1ccncc1,1,c1ccncc1C1N([*])C(c2ccncc2)C(C(=O)N[*])C1,C1C(C*)CCNCC1|CC(=O)*,c1cncc(C2CCC(c3ccncc3)N2CC2CCCNCC2)c1,0.8833033,8.0111,0.0,4.0,0.771832,0.7718,0.0457179,3.9923,0.9999485,421.545,0.9653086,31.0,0.9999459,2.6333,0.9999965,87.22,0.1279931,6.0,0.5,2.0,0.3453354,5.0,0.1279931,4.0,0.5,2.0,1.0,1.0,1.0,1.0,1.0,1.0,1.0,1.0,[],[],[],[],302,9.747651639013169
17.792,27.115,73.3029,0.6694522,CN1CCNCCC1CNC(=O)C1CC(c2cccnc2)N(C)C1c1ccncc1,1,c1ccncc1C1N([*])C(c2ccncc2)C(C(=O)N[*])C1,*C|C1CC(C*)N(C)CCN1,O=C(NCC1CCNCCN1)C1CC(c2cccnc2)NC1c1ccncc1,0.8794463,8.0291,0.0,4.0,0.7833803,0.7834,0.0476787,3.9815,0.9998913,408.55,0.9556429,30.0,0.9942942,1.6206,1.0,73.39,0.1279931,6.0,0.5,2.0,0.3453354,5.0,0.1279931,4.0,0.5,2.0,1.0,1.0,1.0,1.0,1.0,1.0,1.0,1.0,[],[],[],[],889,9.351903138266579
12.8195,21.5459,78.6756,0.6681436,O=CN1C(c2cccnc2)CC(C(=O)NCC2CCNCC2)C1c1ccncc1,1,c1ccncc1C1N([*])C(c2ccncc2)C(C(=O)N[*])C1,C(=O)*|C1CNCCC1C*,O=C(NCC1CCNCC1)C1CC(c2cccnc2)NC1c1ccncc1,0.8565149,8.1271,1e-05,3.0,0.7317132,0.7317,0.0697275,3.8829,0.9997414,393.491,0.9434421,29.0,0.9980369,1.8531,0.9999965,87.22,0.5,5.0,0.5,2.0,0.1279931,6.0,0.1279931,4.0,0.5,2.0,1.0,1.0,1.0,1.0,1.0,1.0,1.0,1.0,[],[],[],[],1856,7.462769020181435
15.2754,15.6398,84.4152,0.6670331,CS(=O)(=O)NC(=O)C1CC(c2ccccc2)N(CC2CCNCC2)C1c1ccncc1,1,c1ccccc1C1N([*])C(c2ccncc2)C(C(=O)N[*])C1,C1C(C*)CCNC1|O=S(=O)(C)*,c1ccc(C2CCC(c3ccncc3)N2CC2CCNCC2)cc1,0.8826351,8.0142,1e-05,3.0,0.7131681,0.7132,0.1134947,3.7521,0.9998839,442.585,0.9653086,31.0,0.9997,2.2613,0.9999829,91.4,0.1279931,6.0,0.5,2.0,0.1279931,6.0,0.1279931,4.0,0.5,2.0,1.0,1.0,1.0,1.0,1.0,1.0,1.0,1.0,[],[],[],[],475,9.678320504881585
14.9356,29.8488,70.1681,0.6667797,O=C(NCC1CC1)C1CC(c2cccnc2)N(C2CCNCC2)C1c1ccncc1,1,c1ccncc1C1N([*])C(c2ccncc2)C(C(=O)N[*])C1,C1(*)CCNCC1|C1CC1C*,O=C(NCC1CC1)C1CC(c2cccnc2)N(C2CCNCC2)C1c1ccncc1,0.8493,8.1552,1e-05,3.0,0.773416,0.7734,0.1082079,3.7653,0.9998708,405.546,0.9556429,30.0,0.9999477,2.8591,0.9999998,70.15,0.5,5.0,0.5,2.0,0.1279931,6.0,0.0031523,5.0,0.5,2.0,1.0,1.0,1.0,1.0,1.0,1.0,1.0,1.0,[],[],[],[],529,6.99519781051212
14.0157,15.353,84.5178,0.6658056,CS(=O)(=O)NC(=O)C1CC(c2ccccc2)N(CC2CCNCC2)C1c1cccnc1,1,c1ccccc1C1N([*])C(c2cccnc2)C(C(=O)N[*])C1,C1C(C*)CCNC1|*S(=O)(C)=O,c1ccc(C2CCC(c3cccnc3)N2CC2CCNCC2)cc1,0.8791291,8.0306,1e-05,3.0,0.7131681,0.7132,0.1177142,3.7421,0.9998839,442.585,0.9653086,31.0,0.9997,2.2613,0.9999829,91.4,0.1279931,6.0,0.5,2.0,0.1279931,6.0,0.1279931,4.0,0.5,2.0,1.0,1.0,1.0,1.0,1.0,1.0,1.0,1.0,[],[],[],[],443,9.319658525658426
15.5948,18.5776,81.2251,0.6653516,CCCN1C(c2cccnc2)CC(C(=O)NCC2CCNCC2)C1c1ccncc1,1,c1ccncc1C1N([*])C(c2ccncc2)C(C(=O)N[*])C1,*CCC|C1NCCC(C*)C1,O=C(NCC1CCNCC1)C1CC(c2cccnc2)NC1c1ccncc1,0.8466195,8.1653,1e-05,3.0,0.738059,0.7381,0.1115572,3.7569,0.999885,407.562,0.9556429,30.0,0.9998366,3.1067,0.9999998,70.15,0.5,5.0,0.5,2.0,0.0392398,7.0,0.1279931,4.0,0.5,2.0,1.0,1.0,1.0,1.0,1.0,1.0,1.0,1.0,[],[],[],[],1437,6.834393809860214
10.7265,14.9393,84.7659,0.6647009,CS(=O)(=O)NC(=O)C1CC(c2ccccc2)N(CC2CCNCC2)C1c1cccs1,1,c1ccccc1C1N([*])C(c2sccc2)C(C(=O)N[*])C1,C1CNCCC1C*|CS(=O)(=O)*,c1ccc(C2CCC(c3cccs3)N2CC2CCNCC2)cc1,0.8799363,8.0268,1e-05,3.0,0.7119377,0.7119,0.1061026,3.7706,0.9998449,447.626,0.9556429,30.0,0.9999283,2.9278,0.9999999,78.51,0.1279931,6.0,0.5,2.0,0.1279931,6.0,0.1279931,4.0,0.5,2.0,1.0,1.0,1.0,1.0,1.0,1.0,1.0,1.0,[],[],[],[],167,9.401561688035704
15.9284,30.9817,68.6878,0.6644628,O=C(NC(=O)N1CCCC1)C1CC(c2cccnc2)N(CC2CCNCC2)C1c1ccncc1,1,c1ccncc1C1N([*])C(c2ccncc2)C(C(=O)N[*])C1,C1NCCC(C*)C1|*C(N1CCCC1)=O,O=C(NC(=O)N1CCCC1)C1CC(c2cccnc2)N(CC2CCNCC2)C1c1ccncc1,0.8810258,8.0218,1e-05,3.0,0.7102009,0.7102,0.0703197,3.8807,0.9996329,462.598,0.9434421,34.0,0.9999332,2.9125,0.9999881,90.46,0.1279931,6.0,0.5,2.0,0.3453354,5.0,0.0031523,5.0,0.5,2.0,1.0,1.0,1.0,1.0,1.0,1.0,1.0,1.0,[],[],[],[],956,9.510426641573906
18.2697,32.7372,66.915,0.6643484,O=C(NCC1CCC1)C1CC(c2cccnc2)N(C2CCCNCC2)C1c1ccncc1,1,c1ccncc1C1N([*])C(c2ccncc2)C(C(=O)N[*])C1,N1CCC(*)CCC1|C1CC(C*)C1,O=C(NCC1CCC1)C1CC(c2cccnc2)N(C2CCCNCC2)C1c1ccncc1,0.8546804,8.1343,0.0,4.0,0.7279123,0.7279,0.0632443,3.9085,0.9999308,433.6,0.9653086,32.0,0.9981043,3.6393,0.9999998,70.15,0.5,5.0,0.5,2.0,0.1279931,6.0,0.0031523,5.0,0.5,2.0,1.0,1.0,1.0,1.0,1.0,1.0,1.0,1.0,[],[],[],[],195,7.340066591560422
14.9864,28.0783,71.5166,0.6639662,CC(=O)NC(=O)C1CC(c2cccnc2)N(C(=O)CCC2CCNCC2)C1c1ccncc1,1,c1ccncc1C1N([*])C(c2ccncc2)C(C(=O)N[*])C1,C1CNCCC1CCC(=O)*|CC(=O)*,O=C(CCC1CCNCC1)N1C(c2ccncc2)CCC1c1cccnc1,0.8837629,8.0089,1e-05,3.0,0.7024256,0.7024,0.0797682,3.8474,0.9998267,449.555,0.955643,33.0,0.9999206,2.55,0.9975978,104.29,0.1279931,6.0,0.5,2.0,0.1279931,6.0,0.1279931,4.0,0.5,2.0,1.0,1.0,1.0,1.0,1.0,1.0,1.0,1.0,[],[],[],[],663,9.79715547280385
17.6888,25.9766,73.5937,0.6638017,CN1C(c2cccnc2)CC(C(=O)NC(=O)CCC2CCCNCC2)C1c1ccncc1,1,c1ccncc1C1N([*])C(c2ccncc2)C(C(=O)N[*])C1,C*|C1CCNCCC1CCC(=O)*,O=C(CCC1CCCNCC1)NC(=O)C1CC(c2cccnc2)NC1c1ccncc1,0.8822759,8.0159,0.0,4.0,0.7253379,0.7253,0.0639323,3.9056,0.9999225,435.572,0.9653086,32.0,0.9998887,3.0234,0.9999965,87.22,0.1279931,6.0,0.5,2.0,0.1279931,6.0,0.1279931,4.0,0.5,2.0,1.0,1.0,1.0,1.0,1.0,1.0,1.0,1.0,[],[],[],[],274,9.640509790107467
15.6519,15.0881,84.3527,0.6629385,CN1C(c2ccccc2)CC(C(=O)NS(=O)(=O)CC2CCNCC2)C1c1cccnc1,1,c1ccccc1C1N([*])C(c2cccnc2)C(C(=O)N[*])C1,C*|C1NCCC(CS(*)(=O)=O)C1,O=C(NS(=O)(=O)CC1CCNCC1)C1CC(c2ccccc2)NC1c1cccnc1,0.8726529,8.0597,1e-05,3.0,0.7131681,0.7132,0.1172921,3.7431,0.9998839,442.585,0.9653086,31.0,0.9997,2.2613,0.9999829,91.4,0.1279931,6.0,0.5,2.0,0.1279931,6.0,0.1279931,4.0,0.5,2.0,1.0,1.0,1.0,1.0,1.0,1.0,1.0,1.0,[],[],[],[],1106,8.715654381367791
22.0435,34.3217,64.6876,0.6600622,CCN(C)C(=O)NC(=O)C1CC(c2cccnc2)N(CC2CCNCC2)C1c1ccncc1,1,c1ccncc1C1N([*])C(c2ccncc2)C(C(=O)N[*])C1,C1CNCCC1C*|C(=O)(N(C)CC)*,c1cncc(C2CCC(c3ccncc3)N2CC2CCNCC2)c1,0.8803455,8.0249,1e-05,3.0,0.7034279,0.7034,0.0452138,3.9951,0.9998161,450.587,0.955643,33.0,0.9999656,2.7684,0.9999881,90.46,0.1279931,6.0,0.5,2.0,0.1279931,6.0,0.1279931,4.0,0.5,2.0,1.0,1.0,1.0,1.0,1.0,1.0,1.0,1.0,[],[],[],[],292,9.442782793644774
14.0976,23.2115,-23.2115,0.0,CCNC(=O)C1CC(c2ccccc2)N(CC2CCNCC2)C1c1cccnc1,1,c1ccccc1C1N([*])C(c2cccnc2)C(C(=O)N[*])C1,C1NCCC(C*)C1|CC*,c1ccc(C2CCC(c3cccnc3)N2CC2CCNCC2)cc1,0.8658617,8.0889,1e-05,3.0,0.7918288,0.7918,0.1951252,3.5962,0.999727,392.547,0.9434421,29.0,0.9995605,3.3216,0.9999714,57.26,0.8720069,4.0,0.5,2.0,0.1279931,6.0,0.1279931,4.0,0.5,2.0,1.0,1.0,1.0,1.0,1.0,1.0,1.0,1.0,[],[],[],[],611,8.1489189821385
15.6097,18.9444,-18.9444,0.0,CC(=O)NC(=O)C1CC(c2ccccc2)N(CC2CCNCC2)C1c1cccs1,1,c1ccccc1C1N([*])C(c2cccs2)C(C(=O)N[*])C1,C1C(C*)CCNC1|*C(=O)C,c1ccc(C2CCC(c3cccs3)N2CC2CCNCC2)cc1,0.8777679,8.0368,1e-05,3.0,0.7904007,0.7904,0.1241801,3.7272,0.9999087,411.571,0.9434421,29.0,0.9989311,3.5147,0.9999943,61.44,0.5,5.0,0.5,2.0,0.3453354,5.0,0.1279931,4.0,0.5,2.0,1.0,1.0,1.0,1.0,1.0,1.0,1.0,1.0,[],[],[],[],607,9.187556016660636
12.7499,22.5921,-22.5921,0.0,CCNC(=O)C1CC(c2ccccc2)N(C2CCNCC2)C1c1cccnc1,1,c1ccccc1C1N([*])C(c2cccnc2)C(C(=O)N[*])C1,C1CC(*)CCN1|C(C)*,c1ccc(C2CCC(c3cccnc3)N2C2CCNCC2)cc1,0.8789564,8.0313,1e-05,3.0,0.8395556,0.8396,0.216566,3.5641,0.999388,378.52,0.9281377,28.0,0.9998594,3.074,0.9999714,57.26,0.8720069,4.0,0.5,2.0,0.3453354,5.0,0.1279931,4.0,0.5,2.0,1.0,1.0,1.0,1.0,1.0,1.0,1.0,1.0,[],[],[],[],329,9.3046491103124
17.5809,26.8227,-26.8227,0.0,CCC(=O)NC(=O)C1CC(c2cccnc2)N(CC2CCNCC2)C1c1ccccc1,1,c1ccncc1C1N([*])C(c2ccccc2)C(C(=O)N[*])C1,C1NCCC(C*)C1|*C(CC)=O,c1ccc(C2CCC(c3cccnc3)N2CC2CCNCC2)cc1,0.8810683,8.0216,1e-05,3.0,0.7505381,0.7505,0.1348625,3.704,0.9999455,420.557,0.9653086,31.0,0.9997004,3.2383,1.0,74.33,0.5,5.0,0.5,2.0,0.1279931,6.0,0.1279931,4.0,0.5,2.0,1.0,1.0,1.0,1.0,1.0,1.0,1.0,1.0,[],[],[],[],747,9.5148073635176
16.9488,13.7708,-13.7708,0.0,CS(=O)(=O)NC(=O)C1CC(c2cccnc2)N(CC2CCNCC2)C1c1ccccc1,1,c1ccncc1C1N([*])C(c2ccccc2)C(C(=O)N[*])C1,C1C(C*)CCNC1|*S(C)(=O)=O,c1ccc(C2CCC(c3cccnc3)N2CC2CCNCC2)cc1,0.8800806,8.0262,1e-05,3.0,0.7131681,0.7132,0.1197337,3.7373,0.9998839,442.585,0.9653086,31.0,0.9997,2.2613,0.9999829,91.4,0.1279931,6.0,0.5,2.0,0.1279931,6.0,0.1279931,4.0,0.5,2.0,1.0,1.0,1.0,1.0,1.0,1.0,1.0,1.0,[],[],[],[],858,9.414559401947265
9.3171,21.527,-21.527,0.0,CCNC(=O)C1CC(c2cccs2)N(C2CCNCC2)C1c1ccccc1,1,c1ccsc1C1N([*])C(c2ccccc2)C(C(=O)N[*])C1,C1CNCCC1*|CC*,c1ccc(C2CCC(c3cccs3)N2C2CCNCC2)cc1,0.8848979,8.0035,1e-05,3.0,0.8266559,0.8267,0.1797751,3.6208,0.9995421,383.561,0.9090909,27.0,0.9969822,3.7405,0.995989,44.37,0.8720069,4.0,0.5,2.0,0.3453354,5.0,0.1279931,4.0,0.5,2.0,1.0,1.0,1.0,1.0,1.0,1.0,1.0,1.0,[],[],[],[],179,9.919733392390798
